{"name":"Afghanistan","type":"country","dates":{"2020-01-22":{"cases":0,"deaths":0,"recoveries":0},"2020-01-23":{"cases":0,"deaths":0,"recoveries":0},"2020-01-24":{"cases":0,"deaths":0,"recoveries":0},"2020-01-25":{"cases":0,"deaths":0,"recoveries":0},"2020-01-26":{"cases":0,"deaths":0,"recoveries":0},"2020-01-27":{"cases":0,"deaths":0,"recoveries":0},"2020-01-28":{"cases":0,"deaths":0,"recoveries":0},"2020-01-29":{"cases":0,"deaths":0,"recoveries":0},"2020-01-30":{"cases":0,"deaths":0,"recoveries":0},"2020-01-31":{"cases":0,"deaths":0,"recoveries":0},"2020-02-01":{"cases":0,"deaths":0,"recoveries":0},"2020-02-02":{"cases":0,"deaths":0,"recoveries":0},"2020-02-03":{"cases":0,"deaths":0,"recoveries":0},"2020-02-04":{"cases":0,"deaths":0,"recoveries":0},"2020-02-05":{"cases":0,"deaths":0,"recoveries":0},"2020-02-06":{"cases":0,"deaths":0,"recoveries":0},"2020-02-07":{"cases":0,"deaths":0,"recoveries":0},"2020-02-08":{"cases":0,"deaths":0,"recoveries":0},"2020-02-09":{"cases":0,"deaths":0,"recoveries":0},"2020-02-10":{"cases":0,"deaths":0,"recoveries":0},"2020-02-11":{"cases":0,"deaths":0,"recoveries":0},"2020-02-12":{"cases":0,"deaths":0,"recoveries":0},"2020-02-13":{"cases":0,"deaths":0,"recoveries":0},"2020-02-14":{"cases":0,"deaths":0,"recoveries":0},"2020-02-15":{"cases":0,"deaths":0,"recoveries":0},"2020-02-16":{"cases":0,"deaths":0,"recoveries":0},"2020-02-17":{"cases":0,"deaths":0,"recoveries":0},"2020-02-18":{"cases":0,"deaths":0,"recoveries":0},"2020-02-19":{"cases":0,"deaths":0,"recoveries":0},"2020-02-20":{"cases":0,"deaths":0,"recoveries":0},"2020-02-21":{"cases":0,"deaths":0,"recoveries":0},"2020-02-22":{"cases":0,"deaths":0,"recoveries":0},"2020-02-23":{"cases":0,"deaths":0,"recoveries":0},"2020-02-24":{"cases":1,"deaths":0,"recoveries":0},"2020-02-25":{"cases":1,"deaths":0,"recoveries":0},"2020-02-26":{"cases":1,"deaths":0,"recoveries":0},"2020-02-27":{"cases":1,"deaths":0,"recoveries":0},"2020-02-28":{"cases":1,"deaths":0,"recoveries":0},"2020-02-29":{"cases":1,"deaths":0,"recoveries":0},"2020-03-01":{"cases":1,"deaths":0,"recoveries":0},"2020-03-02":{"cases":1,"deaths":0,"recoveries":0},"2020-03-03":{"cases":1,"deaths":0,"recoveries":0},"2020-03-04":{"cases":1,"deaths":0,"recoveries":0},"2020-03-05":{"cases":1,"deaths":0,"recoveries":0},"2020-03-06":{"cases":1,"deaths":0,"recoveries":0},"2020-03-07":{"cases":1,"deaths":0,"recoveries":0},"2020-03-08":{"cases":4,"deaths":0,"recoveries":0},"2020-03-09":{"cases":4,"deaths":0,"recoveries":0},"2020-03-10":{"cases":5,"deaths":0,"recoveries":0},"2020-03-11":{"cases":7,"deaths":0,"recoveries":0},"2020-03-12":{"cases":7,"deaths":0,"recoveries":0},"2020-03-13":{"cases":7,"deaths":0,"recoveries":0},"2020-03-14":{"cases":11,"deaths":0,"recoveries":0},"2020-03-15":{"cases":16,"deaths":0,"recoveries":0},"2020-03-16":{"cases":21,"deaths":0,"recoveries":1},"2020-03-17":{"cases":22,"deaths":0,"recoveries":1},"2020-03-18":{"cases":22,"deaths":0,"recoveries":1},"2020-03-19":{"cases":22,"deaths":0,"recoveries":1},"2020-03-20":{"cases":24,"deaths":0,"recoveries":1},"2020-03-21":{"cases":24,"deaths":0,"recoveries":1},"2020-03-22":{"cases":40,"deaths":1,"recoveries":1},"2020-03-23":{"cases":40,"deaths":1,"recoveries":1},"2020-03-24":{"cases":74,"deaths":1,"recoveries":1},"2020-03-25":{"cases":84,"deaths":2,"recoveries":2},"2020-03-26":{"cases":94,"deaths":4,"recoveries":2},"2020-03-27":{"cases":110,"deaths":4,"recoveries":2},"2020-03-28":{"cases":110,"deaths":4,"recoveries":2},"2020-03-29":{"cases":120,"deaths":4,"recoveries":2},"2020-03-30":{"cases":170,"deaths":4,"recoveries":2},"2020-03-31":{"cases":174,"deaths":4,"recoveries":5},"2020-04-01":{"cases":237,"deaths":4,"recoveries":5},"2020-04-02":{"cases":273,"deaths":6,"recoveries":10},"2020-04-03":{"cases":281,"deaths":6,"recoveries":10},"2020-04-04":{"cases":299,"deaths":7,"recoveries":10},"2020-04-05":{"cases":349,"deaths":7,"recoveries":15},"2020-04-06":{"cases":367,"deaths":11,"recoveries":18},"2020-04-07":{"cases":423,"deaths":14,"recoveries":18},"2020-04-08":{"cases":444,"deaths":14,"recoveries":29},"2020-04-09":{"cases":484,"deaths":15,"recoveries":32},"2020-04-10":{"cases":521,"deaths":15,"recoveries":32},"2020-04-11":{"cases":555,"deaths":18,"recoveries":32},"2020-04-12":{"cases":607,"deaths":18,"recoveries":32},"2020-04-13":{"cases":665,"deaths":21,"recoveries":32},"2020-04-14":{"cases":714,"deaths":23,"recoveries":40},"2020-04-15":{"cases":784,"deaths":25,"recoveries":43},"2020-04-16":{"cases":840,"deaths":30,"recoveries":54},"2020-04-17":{"cases":906,"deaths":30,"recoveries":99},"2020-04-18":{"cases":933,"deaths":30,"recoveries":112},"2020-04-19":{"cases":996,"deaths":33,"recoveries":131},"2020-04-20":{"cases":1026,"deaths":36,"recoveries":135},"2020-04-21":{"cases":1092,"deaths":36,"recoveries":150},"2020-04-22":{"cases":1176,"deaths":40,"recoveries":166}}}