{"name":"Albania","type":"country","dates":{"2020-01-22":{"cases":0,"deaths":0,"recoveries":0},"2020-01-23":{"cases":0,"deaths":0,"recoveries":0},"2020-01-24":{"cases":0,"deaths":0,"recoveries":0},"2020-01-25":{"cases":0,"deaths":0,"recoveries":0},"2020-01-26":{"cases":0,"deaths":0,"recoveries":0},"2020-01-27":{"cases":0,"deaths":0,"recoveries":0},"2020-01-28":{"cases":0,"deaths":0,"recoveries":0},"2020-01-29":{"cases":0,"deaths":0,"recoveries":0},"2020-01-30":{"cases":0,"deaths":0,"recoveries":0},"2020-01-31":{"cases":0,"deaths":0,"recoveries":0},"2020-02-01":{"cases":0,"deaths":0,"recoveries":0},"2020-02-02":{"cases":0,"deaths":0,"recoveries":0},"2020-02-03":{"cases":0,"deaths":0,"recoveries":0},"2020-02-04":{"cases":0,"deaths":0,"recoveries":0},"2020-02-05":{"cases":0,"deaths":0,"recoveries":0},"2020-02-06":{"cases":0,"deaths":0,"recoveries":0},"2020-02-07":{"cases":0,"deaths":0,"recoveries":0},"2020-02-08":{"cases":0,"deaths":0,"recoveries":0},"2020-02-09":{"cases":0,"deaths":0,"recoveries":0},"2020-02-10":{"cases":0,"deaths":0,"recoveries":0},"2020-02-11":{"cases":0,"deaths":0,"recoveries":0},"2020-02-12":{"cases":0,"deaths":0,"recoveries":0},"2020-02-13":{"cases":0,"deaths":0,"recoveries":0},"2020-02-14":{"cases":0,"deaths":0,"recoveries":0},"2020-02-15":{"cases":0,"deaths":0,"recoveries":0},"2020-02-16":{"cases":0,"deaths":0,"recoveries":0},"2020-02-17":{"cases":0,"deaths":0,"recoveries":0},"2020-02-18":{"cases":0,"deaths":0,"recoveries":0},"2020-02-19":{"cases":0,"deaths":0,"recoveries":0},"2020-02-20":{"cases":0,"deaths":0,"recoveries":0},"2020-02-21":{"cases":0,"deaths":0,"recoveries":0},"2020-02-22":{"cases":0,"deaths":0,"recoveries":0},"2020-02-23":{"cases":0,"deaths":0,"recoveries":0},"2020-02-24":{"cases":0,"deaths":0,"recoveries":0},"2020-02-25":{"cases":0,"deaths":0,"recoveries":0},"2020-02-26":{"cases":0,"deaths":0,"recoveries":0},"2020-02-27":{"cases":0,"deaths":0,"recoveries":0},"2020-02-28":{"cases":0,"deaths":0,"recoveries":0},"2020-02-29":{"cases":0,"deaths":0,"recoveries":0},"2020-03-01":{"cases":0,"deaths":0,"recoveries":0},"2020-03-02":{"cases":0,"deaths":0,"recoveries":0},"2020-03-03":{"cases":0,"deaths":0,"recoveries":0},"2020-03-04":{"cases":0,"deaths":0,"recoveries":0},"2020-03-05":{"cases":0,"deaths":0,"recoveries":0},"2020-03-06":{"cases":0,"deaths":0,"recoveries":0},"2020-03-07":{"cases":0,"deaths":0,"recoveries":0},"2020-03-08":{"cases":0,"deaths":0,"recoveries":0},"2020-03-09":{"cases":2,"deaths":0,"recoveries":0},"2020-03-10":{"cases":10,"deaths":0,"recoveries":0},"2020-03-11":{"cases":12,"deaths":1,"recoveries":0},"2020-03-12":{"cases":23,"deaths":1,"recoveries":0},"2020-03-13":{"cases":33,"deaths":1,"recoveries":0},"2020-03-14":{"cases":38,"deaths":1,"recoveries":0},"2020-03-15":{"cases":42,"deaths":1,"recoveries":0},"2020-03-16":{"cases":51,"deaths":1,"recoveries":0},"2020-03-17":{"cases":55,"deaths":1,"recoveries":0},"2020-03-18":{"cases":59,"deaths":2,"recoveries":0},"2020-03-19":{"cases":64,"deaths":2,"recoveries":0},"2020-03-20":{"cases":70,"deaths":2,"recoveries":0},"2020-03-21":{"cases":76,"deaths":2,"recoveries":2},"2020-03-22":{"cases":89,"deaths":2,"recoveries":2},"2020-03-23":{"cases":104,"deaths":4,"recoveries":2},"2020-03-24":{"cases":123,"deaths":5,"recoveries":10},"2020-03-25":{"cases":146,"deaths":5,"recoveries":17},"2020-03-26":{"cases":174,"deaths":6,"recoveries":17},"2020-03-27":{"cases":186,"deaths":8,"recoveries":31},"2020-03-28":{"cases":197,"deaths":10,"recoveries":31},"2020-03-29":{"cases":212,"deaths":10,"recoveries":33},"2020-03-30":{"cases":223,"deaths":11,"recoveries":44},"2020-03-31":{"cases":243,"deaths":15,"recoveries":52},"2020-04-01":{"cases":259,"deaths":15,"recoveries":67},"2020-04-02":{"cases":277,"deaths":16,"recoveries":76},"2020-04-03":{"cases":304,"deaths":17,"recoveries":89},"2020-04-04":{"cases":333,"deaths":20,"recoveries":99},"2020-04-05":{"cases":361,"deaths":20,"recoveries":104},"2020-04-06":{"cases":377,"deaths":21,"recoveries":116},"2020-04-07":{"cases":383,"deaths":22,"recoveries":131},"2020-04-08":{"cases":400,"deaths":22,"recoveries":154},"2020-04-09":{"cases":409,"deaths":23,"recoveries":165},"2020-04-10":{"cases":416,"deaths":23,"recoveries":182},"2020-04-11":{"cases":433,"deaths":23,"recoveries":197},"2020-04-12":{"cases":446,"deaths":23,"recoveries":217},"2020-04-13":{"cases":467,"deaths":23,"recoveries":232},"2020-04-14":{"cases":475,"deaths":24,"recoveries":248},"2020-04-15":{"cases":494,"deaths":25,"recoveries":251},"2020-04-16":{"cases":518,"deaths":26,"recoveries":277},"2020-04-17":{"cases":539,"deaths":26,"recoveries":283},"2020-04-18":{"cases":548,"deaths":26,"recoveries":302},"2020-04-19":{"cases":562,"deaths":26,"recoveries":314},"2020-04-20":{"cases":584,"deaths":26,"recoveries":327},"2020-04-21":{"cases":609,"deaths":26,"recoveries":345},"2020-04-22":{"cases":634,"deaths":27,"recoveries":356}}}