{"name":"Alberta","country":"Canada","type":"region","dates":{"2020-01-22":{"cases":0,"deaths":0},"2020-01-23":{"cases":0,"deaths":0},"2020-01-24":{"cases":0,"deaths":0},"2020-01-25":{"cases":0,"deaths":0},"2020-01-26":{"cases":0,"deaths":0},"2020-01-27":{"cases":0,"deaths":0},"2020-01-28":{"cases":0,"deaths":0},"2020-01-29":{"cases":0,"deaths":0},"2020-01-30":{"cases":0,"deaths":0},"2020-01-31":{"cases":0,"deaths":0},"2020-02-01":{"cases":0,"deaths":0},"2020-02-02":{"cases":0,"deaths":0},"2020-02-03":{"cases":0,"deaths":0},"2020-02-04":{"cases":0,"deaths":0},"2020-02-05":{"cases":0,"deaths":0},"2020-02-06":{"cases":0,"deaths":0},"2020-02-07":{"cases":0,"deaths":0},"2020-02-08":{"cases":0,"deaths":0},"2020-02-09":{"cases":0,"deaths":0},"2020-02-10":{"cases":0,"deaths":0},"2020-02-11":{"cases":0,"deaths":0},"2020-02-12":{"cases":0,"deaths":0},"2020-02-13":{"cases":0,"deaths":0},"2020-02-14":{"cases":0,"deaths":0},"2020-02-15":{"cases":0,"deaths":0},"2020-02-16":{"cases":0,"deaths":0},"2020-02-17":{"cases":0,"deaths":0},"2020-02-18":{"cases":0,"deaths":0},"2020-02-19":{"cases":0,"deaths":0},"2020-02-20":{"cases":0,"deaths":0},"2020-02-21":{"cases":0,"deaths":0},"2020-02-22":{"cases":0,"deaths":0},"2020-02-23":{"cases":0,"deaths":0},"2020-02-24":{"cases":0,"deaths":0},"2020-02-25":{"cases":0,"deaths":0},"2020-02-26":{"cases":0,"deaths":0},"2020-02-27":{"cases":0,"deaths":0},"2020-02-28":{"cases":0,"deaths":0},"2020-02-29":{"cases":0,"deaths":0},"2020-03-01":{"cases":0,"deaths":0},"2020-03-02":{"cases":0,"deaths":0},"2020-03-03":{"cases":0,"deaths":0},"2020-03-04":{"cases":0,"deaths":0},"2020-03-05":{"cases":0,"deaths":0},"2020-03-06":{"cases":1,"deaths":0},"2020-03-07":{"cases":2,"deaths":0},"2020-03-08":{"cases":4,"deaths":0},"2020-03-09":{"cases":7,"deaths":0},"2020-03-10":{"cases":7,"deaths":0},"2020-03-11":{"cases":19,"deaths":0},"2020-03-12":{"cases":19,"deaths":0},"2020-03-13":{"cases":29,"deaths":0},"2020-03-14":{"cases":29,"deaths":0},"2020-03-15":{"cases":39,"deaths":0},"2020-03-16":{"cases":56,"deaths":0},"2020-03-17":{"cases":74,"deaths":0},"2020-03-18":{"cases":97,"deaths":0},"2020-03-19":{"cases":119,"deaths":0},"2020-03-20":{"cases":146,"deaths":1},"2020-03-21":{"cases":195,"deaths":1},"2020-03-22":{"cases":259,"deaths":1},"2020-03-23":{"cases":301,"deaths":1},"2020-03-24":{"cases":359,"deaths":1},"2020-03-25":{"cases":358,"deaths":2},"2020-03-26":{"cases":486,"deaths":2},"2020-03-27":{"cases":542,"deaths":2},"2020-03-28":{"cases":542,"deaths":2},"2020-03-29":{"cases":621,"deaths":2},"2020-03-30":{"cases":661,"deaths":3},"2020-03-31":{"cases":690,"deaths":8},"2020-04-01":{"cases":754,"deaths":9},"2020-04-02":{"cases":969,"deaths":13},"2020-04-03":{"cases":969,"deaths":13},"2020-04-04":{"cases":1075,"deaths":18},"2020-04-05":{"cases":1181,"deaths":20},"2020-04-06":{"cases":1250,"deaths":23},"2020-04-07":{"cases":1373,"deaths":24},"2020-04-08":{"cases":1373,"deaths":26},"2020-04-09":{"cases":1423,"deaths":29},"2020-04-10":{"cases":1451,"deaths":32},"2020-04-11":{"cases":1567,"deaths":40},"2020-04-12":{"cases":1567,"deaths":40},"2020-04-13":{"cases":1732,"deaths":46},"2020-04-14":{"cases":1870,"deaths":48},"2020-04-15":{"cases":1870,"deaths":48},"2020-04-16":{"cases":1996,"deaths":48},"2020-04-17":{"cases":2397,"deaths":50},"2020-04-18":{"cases":2562,"deaths":51},"2020-04-19":{"cases":2803,"deaths":51},"2020-04-20":{"cases":2908,"deaths":59},"2020-04-21":{"cases":3095,"deaths":61},"2020-04-22":{"cases":3401,"deaths":66}}}