{"name":"Algeria","type":"country","dates":{"2020-01-22":{"cases":0,"deaths":0,"recoveries":0},"2020-01-23":{"cases":0,"deaths":0,"recoveries":0},"2020-01-24":{"cases":0,"deaths":0,"recoveries":0},"2020-01-25":{"cases":0,"deaths":0,"recoveries":0},"2020-01-26":{"cases":0,"deaths":0,"recoveries":0},"2020-01-27":{"cases":0,"deaths":0,"recoveries":0},"2020-01-28":{"cases":0,"deaths":0,"recoveries":0},"2020-01-29":{"cases":0,"deaths":0,"recoveries":0},"2020-01-30":{"cases":0,"deaths":0,"recoveries":0},"2020-01-31":{"cases":0,"deaths":0,"recoveries":0},"2020-02-01":{"cases":0,"deaths":0,"recoveries":0},"2020-02-02":{"cases":0,"deaths":0,"recoveries":0},"2020-02-03":{"cases":0,"deaths":0,"recoveries":0},"2020-02-04":{"cases":0,"deaths":0,"recoveries":0},"2020-02-05":{"cases":0,"deaths":0,"recoveries":0},"2020-02-06":{"cases":0,"deaths":0,"recoveries":0},"2020-02-07":{"cases":0,"deaths":0,"recoveries":0},"2020-02-08":{"cases":0,"deaths":0,"recoveries":0},"2020-02-09":{"cases":0,"deaths":0,"recoveries":0},"2020-02-10":{"cases":0,"deaths":0,"recoveries":0},"2020-02-11":{"cases":0,"deaths":0,"recoveries":0},"2020-02-12":{"cases":0,"deaths":0,"recoveries":0},"2020-02-13":{"cases":0,"deaths":0,"recoveries":0},"2020-02-14":{"cases":0,"deaths":0,"recoveries":0},"2020-02-15":{"cases":0,"deaths":0,"recoveries":0},"2020-02-16":{"cases":0,"deaths":0,"recoveries":0},"2020-02-17":{"cases":0,"deaths":0,"recoveries":0},"2020-02-18":{"cases":0,"deaths":0,"recoveries":0},"2020-02-19":{"cases":0,"deaths":0,"recoveries":0},"2020-02-20":{"cases":0,"deaths":0,"recoveries":0},"2020-02-21":{"cases":0,"deaths":0,"recoveries":0},"2020-02-22":{"cases":0,"deaths":0,"recoveries":0},"2020-02-23":{"cases":0,"deaths":0,"recoveries":0},"2020-02-24":{"cases":0,"deaths":0,"recoveries":0},"2020-02-25":{"cases":1,"deaths":0,"recoveries":0},"2020-02-26":{"cases":1,"deaths":0,"recoveries":0},"2020-02-27":{"cases":1,"deaths":0,"recoveries":0},"2020-02-28":{"cases":1,"deaths":0,"recoveries":0},"2020-02-29":{"cases":1,"deaths":0,"recoveries":0},"2020-03-01":{"cases":1,"deaths":0,"recoveries":0},"2020-03-02":{"cases":3,"deaths":0,"recoveries":0},"2020-03-03":{"cases":5,"deaths":0,"recoveries":0},"2020-03-04":{"cases":12,"deaths":0,"recoveries":0},"2020-03-05":{"cases":12,"deaths":0,"recoveries":0},"2020-03-06":{"cases":17,"deaths":0,"recoveries":0},"2020-03-07":{"cases":17,"deaths":0,"recoveries":0},"2020-03-08":{"cases":19,"deaths":0,"recoveries":0},"2020-03-09":{"cases":20,"deaths":0,"recoveries":0},"2020-03-10":{"cases":20,"deaths":0,"recoveries":0},"2020-03-11":{"cases":20,"deaths":0,"recoveries":0},"2020-03-12":{"cases":24,"deaths":1,"recoveries":8},"2020-03-13":{"cases":26,"deaths":2,"recoveries":8},"2020-03-14":{"cases":37,"deaths":3,"recoveries":12},"2020-03-15":{"cases":48,"deaths":4,"recoveries":12},"2020-03-16":{"cases":54,"deaths":4,"recoveries":12},"2020-03-17":{"cases":60,"deaths":4,"recoveries":12},"2020-03-18":{"cases":74,"deaths":7,"recoveries":12},"2020-03-19":{"cases":87,"deaths":9,"recoveries":32},"2020-03-20":{"cases":90,"deaths":11,"recoveries":32},"2020-03-21":{"cases":139,"deaths":15,"recoveries":32},"2020-03-22":{"cases":201,"deaths":17,"recoveries":65},"2020-03-23":{"cases":230,"deaths":17,"recoveries":65},"2020-03-24":{"cases":264,"deaths":19,"recoveries":24},"2020-03-25":{"cases":302,"deaths":21,"recoveries":65},"2020-03-26":{"cases":367,"deaths":25,"recoveries":29},"2020-03-27":{"cases":409,"deaths":26,"recoveries":29},"2020-03-28":{"cases":454,"deaths":29,"recoveries":31},"2020-03-29":{"cases":511,"deaths":31,"recoveries":31},"2020-03-30":{"cases":584,"deaths":35,"recoveries":37},"2020-03-31":{"cases":716,"deaths":44,"recoveries":46},"2020-04-01":{"cases":847,"deaths":58,"recoveries":61},"2020-04-02":{"cases":986,"deaths":86,"recoveries":61},"2020-04-03":{"cases":1171,"deaths":105,"recoveries":62},"2020-04-04":{"cases":1251,"deaths":130,"recoveries":90},"2020-04-05":{"cases":1320,"deaths":152,"recoveries":90},"2020-04-06":{"cases":1423,"deaths":173,"recoveries":90},"2020-04-07":{"cases":1468,"deaths":193,"recoveries":113},"2020-04-08":{"cases":1572,"deaths":205,"recoveries":237},"2020-04-09":{"cases":1666,"deaths":235,"recoveries":347},"2020-04-10":{"cases":1761,"deaths":256,"recoveries":405},"2020-04-11":{"cases":1825,"deaths":275,"recoveries":460},"2020-04-12":{"cases":1914,"deaths":293,"recoveries":591},"2020-04-13":{"cases":1983,"deaths":313,"recoveries":601},"2020-04-14":{"cases":2070,"deaths":326,"recoveries":691},"2020-04-15":{"cases":2160,"deaths":336,"recoveries":708},"2020-04-16":{"cases":2268,"deaths":348,"recoveries":783},"2020-04-17":{"cases":2418,"deaths":364,"recoveries":846},"2020-04-18":{"cases":2534,"deaths":367,"recoveries":894},"2020-04-19":{"cases":2629,"deaths":375,"recoveries":1047},"2020-04-20":{"cases":2718,"deaths":384,"recoveries":1099},"2020-04-21":{"cases":2811,"deaths":392,"recoveries":1152},"2020-04-22":{"cases":2910,"deaths":402,"recoveries":1204}}}