{"name":"Andorra","type":"country","dates":{"2020-01-22":{"cases":0,"deaths":0,"recoveries":0},"2020-01-23":{"cases":0,"deaths":0,"recoveries":0},"2020-01-24":{"cases":0,"deaths":0,"recoveries":0},"2020-01-25":{"cases":0,"deaths":0,"recoveries":0},"2020-01-26":{"cases":0,"deaths":0,"recoveries":0},"2020-01-27":{"cases":0,"deaths":0,"recoveries":0},"2020-01-28":{"cases":0,"deaths":0,"recoveries":0},"2020-01-29":{"cases":0,"deaths":0,"recoveries":0},"2020-01-30":{"cases":0,"deaths":0,"recoveries":0},"2020-01-31":{"cases":0,"deaths":0,"recoveries":0},"2020-02-01":{"cases":0,"deaths":0,"recoveries":0},"2020-02-02":{"cases":0,"deaths":0,"recoveries":0},"2020-02-03":{"cases":0,"deaths":0,"recoveries":0},"2020-02-04":{"cases":0,"deaths":0,"recoveries":0},"2020-02-05":{"cases":0,"deaths":0,"recoveries":0},"2020-02-06":{"cases":0,"deaths":0,"recoveries":0},"2020-02-07":{"cases":0,"deaths":0,"recoveries":0},"2020-02-08":{"cases":0,"deaths":0,"recoveries":0},"2020-02-09":{"cases":0,"deaths":0,"recoveries":0},"2020-02-10":{"cases":0,"deaths":0,"recoveries":0},"2020-02-11":{"cases":0,"deaths":0,"recoveries":0},"2020-02-12":{"cases":0,"deaths":0,"recoveries":0},"2020-02-13":{"cases":0,"deaths":0,"recoveries":0},"2020-02-14":{"cases":0,"deaths":0,"recoveries":0},"2020-02-15":{"cases":0,"deaths":0,"recoveries":0},"2020-02-16":{"cases":0,"deaths":0,"recoveries":0},"2020-02-17":{"cases":0,"deaths":0,"recoveries":0},"2020-02-18":{"cases":0,"deaths":0,"recoveries":0},"2020-02-19":{"cases":0,"deaths":0,"recoveries":0},"2020-02-20":{"cases":0,"deaths":0,"recoveries":0},"2020-02-21":{"cases":0,"deaths":0,"recoveries":0},"2020-02-22":{"cases":0,"deaths":0,"recoveries":0},"2020-02-23":{"cases":0,"deaths":0,"recoveries":0},"2020-02-24":{"cases":0,"deaths":0,"recoveries":0},"2020-02-25":{"cases":0,"deaths":0,"recoveries":0},"2020-02-26":{"cases":0,"deaths":0,"recoveries":0},"2020-02-27":{"cases":0,"deaths":0,"recoveries":0},"2020-02-28":{"cases":0,"deaths":0,"recoveries":0},"2020-02-29":{"cases":0,"deaths":0,"recoveries":0},"2020-03-01":{"cases":0,"deaths":0,"recoveries":0},"2020-03-02":{"cases":1,"deaths":0,"recoveries":0},"2020-03-03":{"cases":1,"deaths":0,"recoveries":0},"2020-03-04":{"cases":1,"deaths":0,"recoveries":0},"2020-03-05":{"cases":1,"deaths":0,"recoveries":0},"2020-03-06":{"cases":1,"deaths":0,"recoveries":0},"2020-03-07":{"cases":1,"deaths":0,"recoveries":0},"2020-03-08":{"cases":1,"deaths":0,"recoveries":0},"2020-03-09":{"cases":1,"deaths":0,"recoveries":0},"2020-03-10":{"cases":1,"deaths":0,"recoveries":0},"2020-03-11":{"cases":1,"deaths":0,"recoveries":0},"2020-03-12":{"cases":1,"deaths":0,"recoveries":1},"2020-03-13":{"cases":1,"deaths":0,"recoveries":0},"2020-03-14":{"cases":1,"deaths":0,"recoveries":1},"2020-03-15":{"cases":1,"deaths":0,"recoveries":1},"2020-03-16":{"cases":2,"deaths":0,"recoveries":1},"2020-03-17":{"cases":39,"deaths":0,"recoveries":1},"2020-03-18":{"cases":39,"deaths":0,"recoveries":1},"2020-03-19":{"cases":53,"deaths":0,"recoveries":1},"2020-03-20":{"cases":75,"deaths":0,"recoveries":1},"2020-03-21":{"cases":88,"deaths":0,"recoveries":1},"2020-03-22":{"cases":113,"deaths":1,"recoveries":1},"2020-03-23":{"cases":133,"deaths":1,"recoveries":1},"2020-03-24":{"cases":164,"deaths":1,"recoveries":1},"2020-03-25":{"cases":188,"deaths":1,"recoveries":1},"2020-03-26":{"cases":224,"deaths":3,"recoveries":1},"2020-03-27":{"cases":267,"deaths":3,"recoveries":1},"2020-03-28":{"cases":308,"deaths":3,"recoveries":1},"2020-03-29":{"cases":334,"deaths":6,"recoveries":1},"2020-03-30":{"cases":370,"deaths":8,"recoveries":10},"2020-03-31":{"cases":376,"deaths":12,"recoveries":10},"2020-04-01":{"cases":390,"deaths":14,"recoveries":10},"2020-04-02":{"cases":428,"deaths":15,"recoveries":10},"2020-04-03":{"cases":439,"deaths":16,"recoveries":16},"2020-04-04":{"cases":466,"deaths":17,"recoveries":21},"2020-04-05":{"cases":501,"deaths":18,"recoveries":26},"2020-04-06":{"cases":525,"deaths":21,"recoveries":31},"2020-04-07":{"cases":545,"deaths":22,"recoveries":39},"2020-04-08":{"cases":564,"deaths":23,"recoveries":52},"2020-04-09":{"cases":583,"deaths":25,"recoveries":58},"2020-04-10":{"cases":601,"deaths":26,"recoveries":71},"2020-04-11":{"cases":601,"deaths":26,"recoveries":71},"2020-04-12":{"cases":638,"deaths":29,"recoveries":128},"2020-04-13":{"cases":646,"deaths":29,"recoveries":128},"2020-04-14":{"cases":659,"deaths":31,"recoveries":128},"2020-04-15":{"cases":673,"deaths":33,"recoveries":169},"2020-04-16":{"cases":673,"deaths":33,"recoveries":169},"2020-04-17":{"cases":696,"deaths":35,"recoveries":191},"2020-04-18":{"cases":704,"deaths":35,"recoveries":205},"2020-04-19":{"cases":713,"deaths":36,"recoveries":235},"2020-04-20":{"cases":717,"deaths":37,"recoveries":248},"2020-04-21":{"cases":717,"deaths":37,"recoveries":282},"2020-04-22":{"cases":723,"deaths":37,"recoveries":309}}}