{"name":"Anhui","country":"China","type":"region","dates":{"2020-01-22":{"cases":1,"deaths":0,"recoveries":0},"2020-01-23":{"cases":9,"deaths":0,"recoveries":0},"2020-01-24":{"cases":15,"deaths":0,"recoveries":0},"2020-01-25":{"cases":39,"deaths":0,"recoveries":0},"2020-01-26":{"cases":60,"deaths":0,"recoveries":0},"2020-01-27":{"cases":70,"deaths":0,"recoveries":0},"2020-01-28":{"cases":106,"deaths":0,"recoveries":0},"2020-01-29":{"cases":152,"deaths":0,"recoveries":2},"2020-01-30":{"cases":200,"deaths":0,"recoveries":2},"2020-01-31":{"cases":237,"deaths":0,"recoveries":3},"2020-02-01":{"cases":297,"deaths":0,"recoveries":5},"2020-02-02":{"cases":340,"deaths":0,"recoveries":7},"2020-02-03":{"cases":408,"deaths":0,"recoveries":14},"2020-02-04":{"cases":480,"deaths":0,"recoveries":20},"2020-02-05":{"cases":530,"deaths":0,"recoveries":23},"2020-02-06":{"cases":591,"deaths":0,"recoveries":34},"2020-02-07":{"cases":665,"deaths":0,"recoveries":47},"2020-02-08":{"cases":733,"deaths":0,"recoveries":59},"2020-02-09":{"cases":779,"deaths":1,"recoveries":72},"2020-02-10":{"cases":830,"deaths":3,"recoveries":88},"2020-02-11":{"cases":860,"deaths":4,"recoveries":105},"2020-02-12":{"cases":889,"deaths":4,"recoveries":127},"2020-02-13":{"cases":910,"deaths":5,"recoveries":157},"2020-02-14":{"cases":934,"deaths":6,"recoveries":193},"2020-02-15":{"cases":950,"deaths":6,"recoveries":221},"2020-02-16":{"cases":962,"deaths":6,"recoveries":255},"2020-02-17":{"cases":973,"deaths":6,"recoveries":280},"2020-02-18":{"cases":982,"deaths":6,"recoveries":361},"2020-02-19":{"cases":986,"deaths":6,"recoveries":413},"2020-02-20":{"cases":987,"deaths":6,"recoveries":474},"2020-02-21":{"cases":988,"deaths":6,"recoveries":539},"2020-02-22":{"cases":989,"deaths":6,"recoveries":597},"2020-02-23":{"cases":989,"deaths":6,"recoveries":637},"2020-02-24":{"cases":989,"deaths":6,"recoveries":663},"2020-02-25":{"cases":989,"deaths":6,"recoveries":712},"2020-02-26":{"cases":989,"deaths":6,"recoveries":744},"2020-02-27":{"cases":989,"deaths":6,"recoveries":792},"2020-02-28":{"cases":990,"deaths":6,"recoveries":821},"2020-02-29":{"cases":990,"deaths":6,"recoveries":868},"2020-03-01":{"cases":990,"deaths":6,"recoveries":873},"2020-03-02":{"cases":990,"deaths":6,"recoveries":917},"2020-03-03":{"cases":990,"deaths":6,"recoveries":936},"2020-03-04":{"cases":990,"deaths":6,"recoveries":956},"2020-03-05":{"cases":990,"deaths":6,"recoveries":970},"2020-03-06":{"cases":990,"deaths":6,"recoveries":979},"2020-03-07":{"cases":990,"deaths":6,"recoveries":979},"2020-03-08":{"cases":990,"deaths":6,"recoveries":984},"2020-03-09":{"cases":990,"deaths":6,"recoveries":984},"2020-03-10":{"cases":990,"deaths":6,"recoveries":984},"2020-03-11":{"cases":990,"deaths":6,"recoveries":984},"2020-03-12":{"cases":990,"deaths":6,"recoveries":984},"2020-03-13":{"cases":990,"deaths":6,"recoveries":984},"2020-03-14":{"cases":990,"deaths":6,"recoveries":984},"2020-03-15":{"cases":990,"deaths":6,"recoveries":984},"2020-03-16":{"cases":990,"deaths":6,"recoveries":984},"2020-03-17":{"cases":990,"deaths":6,"recoveries":984},"2020-03-18":{"cases":990,"deaths":6,"recoveries":984},"2020-03-19":{"cases":990,"deaths":6,"recoveries":984},"2020-03-20":{"cases":990,"deaths":6,"recoveries":984},"2020-03-21":{"cases":990,"deaths":6,"recoveries":984},"2020-03-22":{"cases":990,"deaths":6,"recoveries":984},"2020-03-23":{"cases":990,"deaths":6,"recoveries":984},"2020-03-24":{"cases":990,"deaths":6,"recoveries":984},"2020-03-25":{"cases":990,"deaths":6,"recoveries":984},"2020-03-26":{"cases":990,"deaths":6,"recoveries":984},"2020-03-27":{"cases":990,"deaths":6,"recoveries":984},"2020-03-28":{"cases":990,"deaths":6,"recoveries":984},"2020-03-29":{"cases":990,"deaths":6,"recoveries":984},"2020-03-30":{"cases":990,"deaths":6,"recoveries":984},"2020-03-31":{"cases":990,"deaths":6,"recoveries":984},"2020-04-01":{"cases":990,"deaths":6,"recoveries":984},"2020-04-02":{"cases":990,"deaths":6,"recoveries":984},"2020-04-03":{"cases":990,"deaths":6,"recoveries":984},"2020-04-04":{"cases":990,"deaths":6,"recoveries":984},"2020-04-05":{"cases":990,"deaths":6,"recoveries":984},"2020-04-06":{"cases":990,"deaths":6,"recoveries":984},"2020-04-07":{"cases":990,"deaths":6,"recoveries":984},"2020-04-08":{"cases":990,"deaths":6,"recoveries":984},"2020-04-09":{"cases":991,"deaths":6,"recoveries":984},"2020-04-10":{"cases":991,"deaths":6,"recoveries":984},"2020-04-11":{"cases":991,"deaths":6,"recoveries":984},"2020-04-12":{"cases":991,"deaths":6,"recoveries":984},"2020-04-13":{"cases":991,"deaths":6,"recoveries":984},"2020-04-14":{"cases":991,"deaths":6,"recoveries":984},"2020-04-15":{"cases":991,"deaths":6,"recoveries":984},"2020-04-16":{"cases":991,"deaths":6,"recoveries":984},"2020-04-17":{"cases":991,"deaths":6,"recoveries":984},"2020-04-18":{"cases":991,"deaths":6,"recoveries":984},"2020-04-19":{"cases":991,"deaths":6,"recoveries":984},"2020-04-20":{"cases":991,"deaths":6,"recoveries":984},"2020-04-21":{"cases":991,"deaths":6,"recoveries":984},"2020-04-22":{"cases":991,"deaths":6,"recoveries":984}}}