{"name":"Argentina","type":"country","dates":{"2020-01-22":{"cases":0,"deaths":0,"recoveries":0},"2020-01-23":{"cases":0,"deaths":0,"recoveries":0},"2020-01-24":{"cases":0,"deaths":0,"recoveries":0},"2020-01-25":{"cases":0,"deaths":0,"recoveries":0},"2020-01-26":{"cases":0,"deaths":0,"recoveries":0},"2020-01-27":{"cases":0,"deaths":0,"recoveries":0},"2020-01-28":{"cases":0,"deaths":0,"recoveries":0},"2020-01-29":{"cases":0,"deaths":0,"recoveries":0},"2020-01-30":{"cases":0,"deaths":0,"recoveries":0},"2020-01-31":{"cases":0,"deaths":0,"recoveries":0},"2020-02-01":{"cases":0,"deaths":0,"recoveries":0},"2020-02-02":{"cases":0,"deaths":0,"recoveries":0},"2020-02-03":{"cases":0,"deaths":0,"recoveries":0},"2020-02-04":{"cases":0,"deaths":0,"recoveries":0},"2020-02-05":{"cases":0,"deaths":0,"recoveries":0},"2020-02-06":{"cases":0,"deaths":0,"recoveries":0},"2020-02-07":{"cases":0,"deaths":0,"recoveries":0},"2020-02-08":{"cases":0,"deaths":0,"recoveries":0},"2020-02-09":{"cases":0,"deaths":0,"recoveries":0},"2020-02-10":{"cases":0,"deaths":0,"recoveries":0},"2020-02-11":{"cases":0,"deaths":0,"recoveries":0},"2020-02-12":{"cases":0,"deaths":0,"recoveries":0},"2020-02-13":{"cases":0,"deaths":0,"recoveries":0},"2020-02-14":{"cases":0,"deaths":0,"recoveries":0},"2020-02-15":{"cases":0,"deaths":0,"recoveries":0},"2020-02-16":{"cases":0,"deaths":0,"recoveries":0},"2020-02-17":{"cases":0,"deaths":0,"recoveries":0},"2020-02-18":{"cases":0,"deaths":0,"recoveries":0},"2020-02-19":{"cases":0,"deaths":0,"recoveries":0},"2020-02-20":{"cases":0,"deaths":0,"recoveries":0},"2020-02-21":{"cases":0,"deaths":0,"recoveries":0},"2020-02-22":{"cases":0,"deaths":0,"recoveries":0},"2020-02-23":{"cases":0,"deaths":0,"recoveries":0},"2020-02-24":{"cases":0,"deaths":0,"recoveries":0},"2020-02-25":{"cases":0,"deaths":0,"recoveries":0},"2020-02-26":{"cases":0,"deaths":0,"recoveries":0},"2020-02-27":{"cases":0,"deaths":0,"recoveries":0},"2020-02-28":{"cases":0,"deaths":0,"recoveries":0},"2020-02-29":{"cases":0,"deaths":0,"recoveries":0},"2020-03-01":{"cases":0,"deaths":0,"recoveries":0},"2020-03-02":{"cases":0,"deaths":0,"recoveries":0},"2020-03-03":{"cases":1,"deaths":0,"recoveries":0},"2020-03-04":{"cases":1,"deaths":0,"recoveries":0},"2020-03-05":{"cases":1,"deaths":0,"recoveries":0},"2020-03-06":{"cases":2,"deaths":0,"recoveries":0},"2020-03-07":{"cases":8,"deaths":0,"recoveries":0},"2020-03-08":{"cases":12,"deaths":1,"recoveries":0},"2020-03-09":{"cases":12,"deaths":1,"recoveries":0},"2020-03-10":{"cases":17,"deaths":1,"recoveries":0},"2020-03-11":{"cases":19,"deaths":1,"recoveries":0},"2020-03-12":{"cases":19,"deaths":1,"recoveries":0},"2020-03-13":{"cases":31,"deaths":2,"recoveries":0},"2020-03-14":{"cases":34,"deaths":2,"recoveries":1},"2020-03-15":{"cases":45,"deaths":2,"recoveries":1},"2020-03-16":{"cases":56,"deaths":2,"recoveries":1},"2020-03-17":{"cases":68,"deaths":2,"recoveries":3},"2020-03-18":{"cases":79,"deaths":2,"recoveries":3},"2020-03-19":{"cases":97,"deaths":3,"recoveries":3},"2020-03-20":{"cases":128,"deaths":3,"recoveries":3},"2020-03-21":{"cases":158,"deaths":4,"recoveries":3},"2020-03-22":{"cases":266,"deaths":4,"recoveries":3},"2020-03-23":{"cases":301,"deaths":4,"recoveries":3},"2020-03-24":{"cases":387,"deaths":6,"recoveries":52},"2020-03-25":{"cases":387,"deaths":8,"recoveries":52},"2020-03-26":{"cases":502,"deaths":9,"recoveries":63},"2020-03-27":{"cases":589,"deaths":13,"recoveries":72},"2020-03-28":{"cases":690,"deaths":18,"recoveries":72},"2020-03-29":{"cases":745,"deaths":19,"recoveries":72},"2020-03-30":{"cases":820,"deaths":23,"recoveries":228},"2020-03-31":{"cases":1054,"deaths":27,"recoveries":240},"2020-04-01":{"cases":1054,"deaths":28,"recoveries":248},"2020-04-02":{"cases":1133,"deaths":36,"recoveries":256},"2020-04-03":{"cases":1265,"deaths":39,"recoveries":266},"2020-04-04":{"cases":1451,"deaths":43,"recoveries":279},"2020-04-05":{"cases":1451,"deaths":44,"recoveries":280},"2020-04-06":{"cases":1554,"deaths":48,"recoveries":325},"2020-04-07":{"cases":1628,"deaths":56,"recoveries":338},"2020-04-08":{"cases":1715,"deaths":63,"recoveries":358},"2020-04-09":{"cases":1795,"deaths":72,"recoveries":365},"2020-04-10":{"cases":1975,"deaths":82,"recoveries":375},"2020-04-11":{"cases":1975,"deaths":83,"recoveries":440},"2020-04-12":{"cases":2142,"deaths":90,"recoveries":468},"2020-04-13":{"cases":2208,"deaths":97,"recoveries":515},"2020-04-14":{"cases":2277,"deaths":102,"recoveries":559},"2020-04-15":{"cases":2443,"deaths":111,"recoveries":596},"2020-04-16":{"cases":2571,"deaths":115,"recoveries":631},"2020-04-17":{"cases":2669,"deaths":123,"recoveries":666},"2020-04-18":{"cases":2758,"deaths":129,"recoveries":685},"2020-04-19":{"cases":2839,"deaths":132,"recoveries":709},"2020-04-20":{"cases":2941,"deaths":136,"recoveries":737},"2020-04-21":{"cases":3031,"deaths":147,"recoveries":840},"2020-04-22":{"cases":3144,"deaths":152,"recoveries":872}}}