{"name":"Armenia","type":"country","dates":{"2020-01-22":{"cases":0,"deaths":0,"recoveries":0},"2020-01-23":{"cases":0,"deaths":0,"recoveries":0},"2020-01-24":{"cases":0,"deaths":0,"recoveries":0},"2020-01-25":{"cases":0,"deaths":0,"recoveries":0},"2020-01-26":{"cases":0,"deaths":0,"recoveries":0},"2020-01-27":{"cases":0,"deaths":0,"recoveries":0},"2020-01-28":{"cases":0,"deaths":0,"recoveries":0},"2020-01-29":{"cases":0,"deaths":0,"recoveries":0},"2020-01-30":{"cases":0,"deaths":0,"recoveries":0},"2020-01-31":{"cases":0,"deaths":0,"recoveries":0},"2020-02-01":{"cases":0,"deaths":0,"recoveries":0},"2020-02-02":{"cases":0,"deaths":0,"recoveries":0},"2020-02-03":{"cases":0,"deaths":0,"recoveries":0},"2020-02-04":{"cases":0,"deaths":0,"recoveries":0},"2020-02-05":{"cases":0,"deaths":0,"recoveries":0},"2020-02-06":{"cases":0,"deaths":0,"recoveries":0},"2020-02-07":{"cases":0,"deaths":0,"recoveries":0},"2020-02-08":{"cases":0,"deaths":0,"recoveries":0},"2020-02-09":{"cases":0,"deaths":0,"recoveries":0},"2020-02-10":{"cases":0,"deaths":0,"recoveries":0},"2020-02-11":{"cases":0,"deaths":0,"recoveries":0},"2020-02-12":{"cases":0,"deaths":0,"recoveries":0},"2020-02-13":{"cases":0,"deaths":0,"recoveries":0},"2020-02-14":{"cases":0,"deaths":0,"recoveries":0},"2020-02-15":{"cases":0,"deaths":0,"recoveries":0},"2020-02-16":{"cases":0,"deaths":0,"recoveries":0},"2020-02-17":{"cases":0,"deaths":0,"recoveries":0},"2020-02-18":{"cases":0,"deaths":0,"recoveries":0},"2020-02-19":{"cases":0,"deaths":0,"recoveries":0},"2020-02-20":{"cases":0,"deaths":0,"recoveries":0},"2020-02-21":{"cases":0,"deaths":0,"recoveries":0},"2020-02-22":{"cases":0,"deaths":0,"recoveries":0},"2020-02-23":{"cases":0,"deaths":0,"recoveries":0},"2020-02-24":{"cases":0,"deaths":0,"recoveries":0},"2020-02-25":{"cases":0,"deaths":0,"recoveries":0},"2020-02-26":{"cases":0,"deaths":0,"recoveries":0},"2020-02-27":{"cases":0,"deaths":0,"recoveries":0},"2020-02-28":{"cases":0,"deaths":0,"recoveries":0},"2020-02-29":{"cases":0,"deaths":0,"recoveries":0},"2020-03-01":{"cases":1,"deaths":0,"recoveries":0},"2020-03-02":{"cases":1,"deaths":0,"recoveries":0},"2020-03-03":{"cases":1,"deaths":0,"recoveries":0},"2020-03-04":{"cases":1,"deaths":0,"recoveries":0},"2020-03-05":{"cases":1,"deaths":0,"recoveries":0},"2020-03-06":{"cases":1,"deaths":0,"recoveries":0},"2020-03-07":{"cases":1,"deaths":0,"recoveries":0},"2020-03-08":{"cases":1,"deaths":0,"recoveries":0},"2020-03-09":{"cases":1,"deaths":0,"recoveries":0},"2020-03-10":{"cases":1,"deaths":0,"recoveries":0},"2020-03-11":{"cases":1,"deaths":0,"recoveries":0},"2020-03-12":{"cases":4,"deaths":0,"recoveries":0},"2020-03-13":{"cases":8,"deaths":0,"recoveries":0},"2020-03-14":{"cases":18,"deaths":0,"recoveries":0},"2020-03-15":{"cases":26,"deaths":0,"recoveries":0},"2020-03-16":{"cases":52,"deaths":0,"recoveries":0},"2020-03-17":{"cases":78,"deaths":0,"recoveries":1},"2020-03-18":{"cases":84,"deaths":0,"recoveries":1},"2020-03-19":{"cases":115,"deaths":0,"recoveries":1},"2020-03-20":{"cases":136,"deaths":0,"recoveries":1},"2020-03-21":{"cases":160,"deaths":0,"recoveries":1},"2020-03-22":{"cases":194,"deaths":0,"recoveries":2},"2020-03-23":{"cases":235,"deaths":0,"recoveries":2},"2020-03-24":{"cases":249,"deaths":0,"recoveries":14},"2020-03-25":{"cases":265,"deaths":0,"recoveries":16},"2020-03-26":{"cases":290,"deaths":1,"recoveries":18},"2020-03-27":{"cases":329,"deaths":1,"recoveries":28},"2020-03-28":{"cases":407,"deaths":1,"recoveries":30},"2020-03-29":{"cases":424,"deaths":3,"recoveries":30},"2020-03-30":{"cases":482,"deaths":3,"recoveries":30},"2020-03-31":{"cases":532,"deaths":3,"recoveries":30},"2020-04-01":{"cases":571,"deaths":4,"recoveries":31},"2020-04-02":{"cases":663,"deaths":7,"recoveries":33},"2020-04-03":{"cases":736,"deaths":7,"recoveries":43},"2020-04-04":{"cases":770,"deaths":7,"recoveries":43},"2020-04-05":{"cases":822,"deaths":7,"recoveries":57},"2020-04-06":{"cases":833,"deaths":8,"recoveries":62},"2020-04-07":{"cases":853,"deaths":8,"recoveries":87},"2020-04-08":{"cases":881,"deaths":9,"recoveries":114},"2020-04-09":{"cases":921,"deaths":10,"recoveries":138},"2020-04-10":{"cases":937,"deaths":12,"recoveries":149},"2020-04-11":{"cases":967,"deaths":13,"recoveries":173},"2020-04-12":{"cases":1013,"deaths":13,"recoveries":197},"2020-04-13":{"cases":1039,"deaths":14,"recoveries":211},"2020-04-14":{"cases":1067,"deaths":16,"recoveries":265},"2020-04-15":{"cases":1111,"deaths":17,"recoveries":297},"2020-04-16":{"cases":1159,"deaths":18,"recoveries":358},"2020-04-17":{"cases":1201,"deaths":19,"recoveries":402},"2020-04-18":{"cases":1248,"deaths":20,"recoveries":523},"2020-04-19":{"cases":1291,"deaths":20,"recoveries":545},"2020-04-20":{"cases":1339,"deaths":22,"recoveries":580},"2020-04-21":{"cases":1401,"deaths":24,"recoveries":609},"2020-04-22":{"cases":1473,"deaths":24,"recoveries":633}}}