{"name":"Australian Capital Territory","country":"Australia","type":"region","dates":{"2020-01-22":{"cases":0,"deaths":0,"recoveries":0},"2020-01-23":{"cases":0,"deaths":0,"recoveries":0},"2020-01-24":{"cases":0,"deaths":0,"recoveries":0},"2020-01-25":{"cases":0,"deaths":0,"recoveries":0},"2020-01-26":{"cases":0,"deaths":0,"recoveries":0},"2020-01-27":{"cases":0,"deaths":0,"recoveries":0},"2020-01-28":{"cases":0,"deaths":0,"recoveries":0},"2020-01-29":{"cases":0,"deaths":0,"recoveries":0},"2020-01-30":{"cases":0,"deaths":0,"recoveries":0},"2020-01-31":{"cases":0,"deaths":0,"recoveries":0},"2020-02-01":{"cases":0,"deaths":0,"recoveries":0},"2020-02-02":{"cases":0,"deaths":0,"recoveries":0},"2020-02-03":{"cases":0,"deaths":0,"recoveries":0},"2020-02-04":{"cases":0,"deaths":0,"recoveries":0},"2020-02-05":{"cases":0,"deaths":0,"recoveries":0},"2020-02-06":{"cases":0,"deaths":0,"recoveries":0},"2020-02-07":{"cases":0,"deaths":0,"recoveries":0},"2020-02-08":{"cases":0,"deaths":0,"recoveries":0},"2020-02-09":{"cases":0,"deaths":0,"recoveries":0},"2020-02-10":{"cases":0,"deaths":0,"recoveries":0},"2020-02-11":{"cases":0,"deaths":0,"recoveries":0},"2020-02-12":{"cases":0,"deaths":0,"recoveries":0},"2020-02-13":{"cases":0,"deaths":0,"recoveries":0},"2020-02-14":{"cases":0,"deaths":0,"recoveries":0},"2020-02-15":{"cases":0,"deaths":0,"recoveries":0},"2020-02-16":{"cases":0,"deaths":0,"recoveries":0},"2020-02-17":{"cases":0,"deaths":0,"recoveries":0},"2020-02-18":{"cases":0,"deaths":0,"recoveries":0},"2020-02-19":{"cases":0,"deaths":0,"recoveries":0},"2020-02-20":{"cases":0,"deaths":0,"recoveries":0},"2020-02-21":{"cases":0,"deaths":0,"recoveries":0},"2020-02-22":{"cases":0,"deaths":0,"recoveries":0},"2020-02-23":{"cases":0,"deaths":0,"recoveries":0},"2020-02-24":{"cases":0,"deaths":0,"recoveries":0},"2020-02-25":{"cases":0,"deaths":0,"recoveries":0},"2020-02-26":{"cases":0,"deaths":0,"recoveries":0},"2020-02-27":{"cases":0,"deaths":0,"recoveries":0},"2020-02-28":{"cases":0,"deaths":0,"recoveries":0},"2020-02-29":{"cases":0,"deaths":0,"recoveries":0},"2020-03-01":{"cases":0,"deaths":0,"recoveries":0},"2020-03-02":{"cases":0,"deaths":0,"recoveries":0},"2020-03-03":{"cases":0,"deaths":0,"recoveries":0},"2020-03-04":{"cases":0,"deaths":0,"recoveries":0},"2020-03-05":{"cases":0,"deaths":0,"recoveries":0},"2020-03-06":{"cases":0,"deaths":0,"recoveries":0},"2020-03-07":{"cases":0,"deaths":0,"recoveries":0},"2020-03-08":{"cases":0,"deaths":0,"recoveries":0},"2020-03-09":{"cases":0,"deaths":0,"recoveries":0},"2020-03-10":{"cases":0,"deaths":0,"recoveries":0},"2020-03-11":{"cases":0,"deaths":0,"recoveries":0},"2020-03-12":{"cases":0,"deaths":0,"recoveries":0},"2020-03-13":{"cases":1,"deaths":0,"recoveries":0},"2020-03-14":{"cases":1,"deaths":0,"recoveries":0},"2020-03-15":{"cases":1,"deaths":0,"recoveries":0},"2020-03-16":{"cases":2,"deaths":0,"recoveries":0},"2020-03-17":{"cases":2,"deaths":0,"recoveries":0},"2020-03-18":{"cases":3,"deaths":0,"recoveries":0},"2020-03-19":{"cases":4,"deaths":0,"recoveries":0},"2020-03-20":{"cases":6,"deaths":0,"recoveries":0},"2020-03-21":{"cases":9,"deaths":0,"recoveries":0},"2020-03-22":{"cases":19,"deaths":0,"recoveries":0},"2020-03-23":{"cases":32,"deaths":0,"recoveries":0},"2020-03-24":{"cases":39,"deaths":0,"recoveries":0},"2020-03-25":{"cases":39,"deaths":0,"recoveries":0},"2020-03-26":{"cases":53,"deaths":0,"recoveries":1},"2020-03-27":{"cases":62,"deaths":0,"recoveries":1},"2020-03-28":{"cases":71,"deaths":0,"recoveries":2},"2020-03-29":{"cases":77,"deaths":0,"recoveries":2},"2020-03-30":{"cases":78,"deaths":1,"recoveries":2},"2020-03-31":{"cases":80,"deaths":1,"recoveries":3},"2020-04-01":{"cases":84,"deaths":1,"recoveries":8},"2020-04-02":{"cases":87,"deaths":1,"recoveries":11},"2020-04-03":{"cases":91,"deaths":1,"recoveries":18},"2020-04-04":{"cases":93,"deaths":2,"recoveries":18},"2020-04-05":{"cases":96,"deaths":2,"recoveries":28},"2020-04-06":{"cases":96,"deaths":2,"recoveries":40},"2020-04-07":{"cases":96,"deaths":2,"recoveries":40},"2020-04-08":{"cases":99,"deaths":2,"recoveries":40},"2020-04-09":{"cases":100,"deaths":2,"recoveries":47},"2020-04-10":{"cases":103,"deaths":2,"recoveries":59},"2020-04-11":{"cases":103,"deaths":2,"recoveries":59},"2020-04-12":{"cases":103,"deaths":2,"recoveries":59},"2020-04-13":{"cases":102,"deaths":2,"recoveries":59},"2020-04-14":{"cases":103,"deaths":2,"recoveries":72},"2020-04-15":{"cases":103,"deaths":3,"recoveries":72},"2020-04-16":{"cases":103,"deaths":3,"recoveries":82},"2020-04-17":{"cases":103,"deaths":3,"recoveries":81},"2020-04-18":{"cases":103,"deaths":3,"recoveries":88},"2020-04-19":{"cases":103,"deaths":3,"recoveries":88},"2020-04-20":{"cases":103,"deaths":3,"recoveries":88},"2020-04-21":{"cases":103,"deaths":3,"recoveries":88},"2020-04-22":{"cases":103,"deaths":3,"recoveries":88}}}