{"name":"Australia","type":"country","dates":{"2020-01-22":{"cases":0,"deaths":0,"recoveries":0},"2020-01-23":{"cases":0,"deaths":0,"recoveries":0},"2020-01-24":{"cases":0,"deaths":0,"recoveries":0},"2020-01-25":{"cases":4,"deaths":0,"recoveries":0},"2020-01-26":{"cases":4,"deaths":0,"recoveries":0},"2020-01-27":{"cases":5,"deaths":0,"recoveries":0},"2020-01-28":{"cases":5,"deaths":0,"recoveries":0},"2020-01-29":{"cases":7,"deaths":0,"recoveries":0},"2020-01-30":{"cases":9,"deaths":0,"recoveries":2},"2020-01-31":{"cases":9,"deaths":0,"recoveries":2},"2020-02-01":{"cases":10,"deaths":0,"recoveries":2},"2020-02-02":{"cases":12,"deaths":0,"recoveries":2},"2020-02-03":{"cases":12,"deaths":0,"recoveries":2},"2020-02-04":{"cases":13,"deaths":0,"recoveries":2},"2020-02-05":{"cases":14,"deaths":0,"recoveries":2},"2020-02-06":{"cases":15,"deaths":0,"recoveries":2},"2020-02-07":{"cases":15,"deaths":0,"recoveries":2},"2020-02-08":{"cases":15,"deaths":0,"recoveries":2},"2020-02-09":{"cases":15,"deaths":0,"recoveries":2},"2020-02-10":{"cases":15,"deaths":0,"recoveries":2},"2020-02-11":{"cases":15,"deaths":0,"recoveries":2},"2020-02-12":{"cases":15,"deaths":0,"recoveries":2},"2020-02-13":{"cases":15,"deaths":0,"recoveries":8},"2020-02-14":{"cases":15,"deaths":0,"recoveries":8},"2020-02-15":{"cases":15,"deaths":0,"recoveries":8},"2020-02-16":{"cases":15,"deaths":0,"recoveries":8},"2020-02-17":{"cases":15,"deaths":0,"recoveries":10},"2020-02-18":{"cases":15,"deaths":0,"recoveries":10},"2020-02-19":{"cases":15,"deaths":0,"recoveries":10},"2020-02-20":{"cases":16,"deaths":0,"recoveries":10},"2020-02-21":{"cases":20,"deaths":0,"recoveries":11},"2020-02-22":{"cases":20,"deaths":0,"recoveries":11},"2020-02-23":{"cases":20,"deaths":0,"recoveries":11},"2020-02-24":{"cases":20,"deaths":0,"recoveries":11},"2020-02-25":{"cases":20,"deaths":0,"recoveries":11},"2020-02-26":{"cases":20,"deaths":0,"recoveries":11},"2020-02-27":{"cases":20,"deaths":0,"recoveries":11},"2020-02-28":{"cases":20,"deaths":0,"recoveries":11},"2020-02-29":{"cases":21,"deaths":0,"recoveries":11},"2020-03-01":{"cases":28,"deaths":1,"recoveries":11},"2020-03-02":{"cases":33,"deaths":1,"recoveries":11},"2020-03-03":{"cases":41,"deaths":1,"recoveries":11},"2020-03-04":{"cases":52,"deaths":2,"recoveries":11},"2020-03-05":{"cases":59,"deaths":2,"recoveries":21},"2020-03-06":{"cases":63,"deaths":2,"recoveries":21},"2020-03-07":{"cases":72,"deaths":2,"recoveries":21},"2020-03-08":{"cases":80,"deaths":3,"recoveries":21},"2020-03-09":{"cases":92,"deaths":3,"recoveries":21},"2020-03-10":{"cases":112,"deaths":3,"recoveries":21},"2020-03-11":{"cases":127,"deaths":3,"recoveries":21},"2020-03-12":{"cases":161,"deaths":3,"recoveries":21},"2020-03-13":{"cases":198,"deaths":3,"recoveries":23},"2020-03-14":{"cases":246,"deaths":3,"recoveries":23},"2020-03-15":{"cases":296,"deaths":3,"recoveries":23},"2020-03-16":{"cases":376,"deaths":3,"recoveries":23},"2020-03-17":{"cases":455,"deaths":5,"recoveries":23},"2020-03-18":{"cases":564,"deaths":6,"recoveries":23},"2020-03-19":{"cases":709,"deaths":6,"recoveries":26},"2020-03-20":{"cases":878,"deaths":7,"recoveries":26},"2020-03-21":{"cases":1072,"deaths":7,"recoveries":26},"2020-03-22":{"cases":1354,"deaths":7,"recoveries":88},"2020-03-23":{"cases":1682,"deaths":7,"recoveries":88},"2020-03-24":{"cases":2052,"deaths":8,"recoveries":115},"2020-03-25":{"cases":2434,"deaths":8,"recoveries":119},"2020-03-26":{"cases":2810,"deaths":13,"recoveries":172},"2020-03-27":{"cases":3180,"deaths":13,"recoveries":194},"2020-03-28":{"cases":3640,"deaths":14,"recoveries":244},"2020-03-29":{"cases":3984,"deaths":16,"recoveries":244},"2020-03-30":{"cases":4250,"deaths":17,"recoveries":257},"2020-03-31":{"cases":4561,"deaths":18,"recoveries":358},"2020-04-01":{"cases":4864,"deaths":20,"recoveries":422},"2020-04-02":{"cases":5136,"deaths":24,"recoveries":520},"2020-04-03":{"cases":5362,"deaths":28,"recoveries":649},"2020-04-04":{"cases":5552,"deaths":30,"recoveries":701},"2020-04-05":{"cases":5693,"deaths":35,"recoveries":757},"2020-04-06":{"cases":5799,"deaths":40,"recoveries":1080},"2020-04-07":{"cases":5918,"deaths":45,"recoveries":1080},"2020-04-08":{"cases":6023,"deaths":50,"recoveries":1080},"2020-04-09":{"cases":6108,"deaths":51,"recoveries":1472},"2020-04-10":{"cases":6213,"deaths":54,"recoveries":1793},"2020-04-11":{"cases":6291,"deaths":57,"recoveries":1806},"2020-04-12":{"cases":6320,"deaths":60,"recoveries":1806},"2020-04-13":{"cases":6365,"deaths":61,"recoveries":1806},"2020-04-14":{"cases":6410,"deaths":62,"recoveries":2186},"2020-04-15":{"cases":6445,"deaths":63,"recoveries":2186},"2020-04-16":{"cases":6478,"deaths":63,"recoveries":2355},"2020-04-17":{"cases":6525,"deaths":66,"recoveries":3808},"2020-04-18":{"cases":6567,"deaths":67,"recoveries":4124},"2020-04-19":{"cases":6609,"deaths":67,"recoveries":4124},"2020-04-20":{"cases":6622,"deaths":67,"recoveries":4124},"2020-04-21":{"cases":6639,"deaths":67,"recoveries":4124},"2020-04-22":{"cases":6651,"deaths":67,"recoveries":4124}}}