{"name":"Austria","type":"country","dates":{"2020-01-22":{"cases":0,"deaths":0,"recoveries":0},"2020-01-23":{"cases":0,"deaths":0,"recoveries":0},"2020-01-24":{"cases":0,"deaths":0,"recoveries":0},"2020-01-25":{"cases":0,"deaths":0,"recoveries":0},"2020-01-26":{"cases":0,"deaths":0,"recoveries":0},"2020-01-27":{"cases":0,"deaths":0,"recoveries":0},"2020-01-28":{"cases":0,"deaths":0,"recoveries":0},"2020-01-29":{"cases":0,"deaths":0,"recoveries":0},"2020-01-30":{"cases":0,"deaths":0,"recoveries":0},"2020-01-31":{"cases":0,"deaths":0,"recoveries":0},"2020-02-01":{"cases":0,"deaths":0,"recoveries":0},"2020-02-02":{"cases":0,"deaths":0,"recoveries":0},"2020-02-03":{"cases":0,"deaths":0,"recoveries":0},"2020-02-04":{"cases":0,"deaths":0,"recoveries":0},"2020-02-05":{"cases":0,"deaths":0,"recoveries":0},"2020-02-06":{"cases":0,"deaths":0,"recoveries":0},"2020-02-07":{"cases":0,"deaths":0,"recoveries":0},"2020-02-08":{"cases":0,"deaths":0,"recoveries":0},"2020-02-09":{"cases":0,"deaths":0,"recoveries":0},"2020-02-10":{"cases":0,"deaths":0,"recoveries":0},"2020-02-11":{"cases":0,"deaths":0,"recoveries":0},"2020-02-12":{"cases":0,"deaths":0,"recoveries":0},"2020-02-13":{"cases":0,"deaths":0,"recoveries":0},"2020-02-14":{"cases":0,"deaths":0,"recoveries":0},"2020-02-15":{"cases":0,"deaths":0,"recoveries":0},"2020-02-16":{"cases":0,"deaths":0,"recoveries":0},"2020-02-17":{"cases":0,"deaths":0,"recoveries":0},"2020-02-18":{"cases":0,"deaths":0,"recoveries":0},"2020-02-19":{"cases":0,"deaths":0,"recoveries":0},"2020-02-20":{"cases":0,"deaths":0,"recoveries":0},"2020-02-21":{"cases":0,"deaths":0,"recoveries":0},"2020-02-22":{"cases":0,"deaths":0,"recoveries":0},"2020-02-23":{"cases":0,"deaths":0,"recoveries":0},"2020-02-24":{"cases":0,"deaths":0,"recoveries":0},"2020-02-25":{"cases":2,"deaths":0,"recoveries":0},"2020-02-26":{"cases":2,"deaths":0,"recoveries":0},"2020-02-27":{"cases":3,"deaths":0,"recoveries":0},"2020-02-28":{"cases":3,"deaths":0,"recoveries":0},"2020-02-29":{"cases":9,"deaths":0,"recoveries":0},"2020-03-01":{"cases":14,"deaths":0,"recoveries":0},"2020-03-02":{"cases":18,"deaths":0,"recoveries":0},"2020-03-03":{"cases":21,"deaths":0,"recoveries":0},"2020-03-04":{"cases":29,"deaths":0,"recoveries":0},"2020-03-05":{"cases":41,"deaths":0,"recoveries":0},"2020-03-06":{"cases":55,"deaths":0,"recoveries":0},"2020-03-07":{"cases":79,"deaths":0,"recoveries":0},"2020-03-08":{"cases":104,"deaths":0,"recoveries":0},"2020-03-09":{"cases":131,"deaths":0,"recoveries":2},"2020-03-10":{"cases":182,"deaths":0,"recoveries":4},"2020-03-11":{"cases":246,"deaths":0,"recoveries":4},"2020-03-12":{"cases":302,"deaths":1,"recoveries":4},"2020-03-13":{"cases":504,"deaths":1,"recoveries":6},"2020-03-14":{"cases":655,"deaths":1,"recoveries":6},"2020-03-15":{"cases":860,"deaths":1,"recoveries":6},"2020-03-16":{"cases":1018,"deaths":3,"recoveries":6},"2020-03-17":{"cases":1332,"deaths":3,"recoveries":1},"2020-03-18":{"cases":1646,"deaths":4,"recoveries":9},"2020-03-19":{"cases":2013,"deaths":6,"recoveries":9},"2020-03-20":{"cases":2388,"deaths":6,"recoveries":9},"2020-03-21":{"cases":2814,"deaths":8,"recoveries":9},"2020-03-22":{"cases":3582,"deaths":16,"recoveries":9},"2020-03-23":{"cases":4474,"deaths":21,"recoveries":9},"2020-03-24":{"cases":5283,"deaths":28,"recoveries":9},"2020-03-25":{"cases":5588,"deaths":30,"recoveries":9},"2020-03-26":{"cases":6909,"deaths":49,"recoveries":112},"2020-03-27":{"cases":7657,"deaths":58,"recoveries":225},"2020-03-28":{"cases":8271,"deaths":68,"recoveries":225},"2020-03-29":{"cases":8788,"deaths":86,"recoveries":479},"2020-03-30":{"cases":9618,"deaths":108,"recoveries":636},"2020-03-31":{"cases":10180,"deaths":128,"recoveries":1095},"2020-04-01":{"cases":10711,"deaths":146,"recoveries":1436},"2020-04-02":{"cases":11129,"deaths":158,"recoveries":1749},"2020-04-03":{"cases":11524,"deaths":168,"recoveries":2022},"2020-04-04":{"cases":11781,"deaths":186,"recoveries":2507},"2020-04-05":{"cases":12051,"deaths":204,"recoveries":2998},"2020-04-06":{"cases":12297,"deaths":220,"recoveries":3463},"2020-04-07":{"cases":12639,"deaths":243,"recoveries":4046},"2020-04-08":{"cases":12942,"deaths":273,"recoveries":4512},"2020-04-09":{"cases":13244,"deaths":295,"recoveries":5240},"2020-04-10":{"cases":13555,"deaths":319,"recoveries":6064},"2020-04-11":{"cases":13806,"deaths":337,"recoveries":6604},"2020-04-12":{"cases":13945,"deaths":350,"recoveries":6987},"2020-04-13":{"cases":14041,"deaths":368,"recoveries":7343},"2020-04-14":{"cases":14226,"deaths":384,"recoveries":7633},"2020-04-15":{"cases":14336,"deaths":393,"recoveries":8098},"2020-04-16":{"cases":14476,"deaths":410,"recoveries":8986},"2020-04-17":{"cases":14595,"deaths":431,"recoveries":9704},"2020-04-18":{"cases":14671,"deaths":443,"recoveries":10214},"2020-04-19":{"cases":14749,"deaths":452,"recoveries":10501},"2020-04-20":{"cases":14795,"deaths":470,"recoveries":10631},"2020-04-21":{"cases":14873,"deaths":491,"recoveries":10971},"2020-04-22":{"cases":14925,"deaths":510,"recoveries":11328}}}