{"name":"Azerbaijan","type":"country","dates":{"2020-01-22":{"cases":0,"deaths":0,"recoveries":0},"2020-01-23":{"cases":0,"deaths":0,"recoveries":0},"2020-01-24":{"cases":0,"deaths":0,"recoveries":0},"2020-01-25":{"cases":0,"deaths":0,"recoveries":0},"2020-01-26":{"cases":0,"deaths":0,"recoveries":0},"2020-01-27":{"cases":0,"deaths":0,"recoveries":0},"2020-01-28":{"cases":0,"deaths":0,"recoveries":0},"2020-01-29":{"cases":0,"deaths":0,"recoveries":0},"2020-01-30":{"cases":0,"deaths":0,"recoveries":0},"2020-01-31":{"cases":0,"deaths":0,"recoveries":0},"2020-02-01":{"cases":0,"deaths":0,"recoveries":0},"2020-02-02":{"cases":0,"deaths":0,"recoveries":0},"2020-02-03":{"cases":0,"deaths":0,"recoveries":0},"2020-02-04":{"cases":0,"deaths":0,"recoveries":0},"2020-02-05":{"cases":0,"deaths":0,"recoveries":0},"2020-02-06":{"cases":0,"deaths":0,"recoveries":0},"2020-02-07":{"cases":0,"deaths":0,"recoveries":0},"2020-02-08":{"cases":0,"deaths":0,"recoveries":0},"2020-02-09":{"cases":0,"deaths":0,"recoveries":0},"2020-02-10":{"cases":0,"deaths":0,"recoveries":0},"2020-02-11":{"cases":0,"deaths":0,"recoveries":0},"2020-02-12":{"cases":0,"deaths":0,"recoveries":0},"2020-02-13":{"cases":0,"deaths":0,"recoveries":0},"2020-02-14":{"cases":0,"deaths":0,"recoveries":0},"2020-02-15":{"cases":0,"deaths":0,"recoveries":0},"2020-02-16":{"cases":0,"deaths":0,"recoveries":0},"2020-02-17":{"cases":0,"deaths":0,"recoveries":0},"2020-02-18":{"cases":0,"deaths":0,"recoveries":0},"2020-02-19":{"cases":0,"deaths":0,"recoveries":0},"2020-02-20":{"cases":0,"deaths":0,"recoveries":0},"2020-02-21":{"cases":0,"deaths":0,"recoveries":0},"2020-02-22":{"cases":0,"deaths":0,"recoveries":0},"2020-02-23":{"cases":0,"deaths":0,"recoveries":0},"2020-02-24":{"cases":0,"deaths":0,"recoveries":0},"2020-02-25":{"cases":0,"deaths":0,"recoveries":0},"2020-02-26":{"cases":0,"deaths":0,"recoveries":0},"2020-02-27":{"cases":0,"deaths":0,"recoveries":0},"2020-02-28":{"cases":0,"deaths":0,"recoveries":0},"2020-02-29":{"cases":0,"deaths":0,"recoveries":0},"2020-03-01":{"cases":3,"deaths":0,"recoveries":0},"2020-03-02":{"cases":3,"deaths":0,"recoveries":0},"2020-03-03":{"cases":3,"deaths":0,"recoveries":0},"2020-03-04":{"cases":3,"deaths":0,"recoveries":0},"2020-03-05":{"cases":6,"deaths":0,"recoveries":0},"2020-03-06":{"cases":6,"deaths":0,"recoveries":0},"2020-03-07":{"cases":9,"deaths":0,"recoveries":0},"2020-03-08":{"cases":9,"deaths":0,"recoveries":0},"2020-03-09":{"cases":9,"deaths":0,"recoveries":0},"2020-03-10":{"cases":11,"deaths":0,"recoveries":0},"2020-03-11":{"cases":11,"deaths":0,"recoveries":3},"2020-03-12":{"cases":11,"deaths":0,"recoveries":3},"2020-03-13":{"cases":15,"deaths":1,"recoveries":3},"2020-03-14":{"cases":15,"deaths":1,"recoveries":3},"2020-03-15":{"cases":23,"deaths":1,"recoveries":6},"2020-03-16":{"cases":28,"deaths":1,"recoveries":6},"2020-03-17":{"cases":28,"deaths":1,"recoveries":6},"2020-03-18":{"cases":28,"deaths":1,"recoveries":6},"2020-03-19":{"cases":44,"deaths":1,"recoveries":6},"2020-03-20":{"cases":44,"deaths":1,"recoveries":6},"2020-03-21":{"cases":53,"deaths":1,"recoveries":11},"2020-03-22":{"cases":65,"deaths":1,"recoveries":10},"2020-03-23":{"cases":72,"deaths":1,"recoveries":10},"2020-03-24":{"cases":87,"deaths":1,"recoveries":10},"2020-03-25":{"cases":93,"deaths":2,"recoveries":10},"2020-03-26":{"cases":122,"deaths":3,"recoveries":15},"2020-03-27":{"cases":165,"deaths":3,"recoveries":15},"2020-03-28":{"cases":182,"deaths":4,"recoveries":15},"2020-03-29":{"cases":209,"deaths":4,"recoveries":15},"2020-03-30":{"cases":273,"deaths":4,"recoveries":26},"2020-03-31":{"cases":298,"deaths":5,"recoveries":26},"2020-04-01":{"cases":359,"deaths":5,"recoveries":26},"2020-04-02":{"cases":400,"deaths":5,"recoveries":26},"2020-04-03":{"cases":443,"deaths":5,"recoveries":32},"2020-04-04":{"cases":521,"deaths":5,"recoveries":32},"2020-04-05":{"cases":584,"deaths":7,"recoveries":32},"2020-04-06":{"cases":641,"deaths":7,"recoveries":44},"2020-04-07":{"cases":717,"deaths":8,"recoveries":44},"2020-04-08":{"cases":822,"deaths":8,"recoveries":63},"2020-04-09":{"cases":926,"deaths":9,"recoveries":101},"2020-04-10":{"cases":991,"deaths":10,"recoveries":159},"2020-04-11":{"cases":1058,"deaths":11,"recoveries":200},"2020-04-12":{"cases":1098,"deaths":11,"recoveries":250},"2020-04-13":{"cases":1148,"deaths":12,"recoveries":289},"2020-04-14":{"cases":1197,"deaths":13,"recoveries":351},"2020-04-15":{"cases":1253,"deaths":13,"recoveries":404},"2020-04-16":{"cases":1283,"deaths":15,"recoveries":460},"2020-04-17":{"cases":1340,"deaths":15,"recoveries":528},"2020-04-18":{"cases":1373,"deaths":18,"recoveries":590},"2020-04-19":{"cases":1398,"deaths":19,"recoveries":712},"2020-04-20":{"cases":1436,"deaths":19,"recoveries":791},"2020-04-21":{"cases":1480,"deaths":20,"recoveries":865},"2020-04-22":{"cases":1518,"deaths":20,"recoveries":907}}}