{"name":"Bahrain","type":"country","dates":{"2020-01-22":{"cases":0,"deaths":0,"recoveries":0},"2020-01-23":{"cases":0,"deaths":0,"recoveries":0},"2020-01-24":{"cases":0,"deaths":0,"recoveries":0},"2020-01-25":{"cases":0,"deaths":0,"recoveries":0},"2020-01-26":{"cases":0,"deaths":0,"recoveries":0},"2020-01-27":{"cases":0,"deaths":0,"recoveries":0},"2020-01-28":{"cases":0,"deaths":0,"recoveries":0},"2020-01-29":{"cases":0,"deaths":0,"recoveries":0},"2020-01-30":{"cases":0,"deaths":0,"recoveries":0},"2020-01-31":{"cases":0,"deaths":0,"recoveries":0},"2020-02-01":{"cases":0,"deaths":0,"recoveries":0},"2020-02-02":{"cases":0,"deaths":0,"recoveries":0},"2020-02-03":{"cases":0,"deaths":0,"recoveries":0},"2020-02-04":{"cases":0,"deaths":0,"recoveries":0},"2020-02-05":{"cases":0,"deaths":0,"recoveries":0},"2020-02-06":{"cases":0,"deaths":0,"recoveries":0},"2020-02-07":{"cases":0,"deaths":0,"recoveries":0},"2020-02-08":{"cases":0,"deaths":0,"recoveries":0},"2020-02-09":{"cases":0,"deaths":0,"recoveries":0},"2020-02-10":{"cases":0,"deaths":0,"recoveries":0},"2020-02-11":{"cases":0,"deaths":0,"recoveries":0},"2020-02-12":{"cases":0,"deaths":0,"recoveries":0},"2020-02-13":{"cases":0,"deaths":0,"recoveries":0},"2020-02-14":{"cases":0,"deaths":0,"recoveries":0},"2020-02-15":{"cases":0,"deaths":0,"recoveries":0},"2020-02-16":{"cases":0,"deaths":0,"recoveries":0},"2020-02-17":{"cases":0,"deaths":0,"recoveries":0},"2020-02-18":{"cases":0,"deaths":0,"recoveries":0},"2020-02-19":{"cases":0,"deaths":0,"recoveries":0},"2020-02-20":{"cases":0,"deaths":0,"recoveries":0},"2020-02-21":{"cases":0,"deaths":0,"recoveries":0},"2020-02-22":{"cases":0,"deaths":0,"recoveries":0},"2020-02-23":{"cases":0,"deaths":0,"recoveries":0},"2020-02-24":{"cases":1,"deaths":0,"recoveries":0},"2020-02-25":{"cases":23,"deaths":0,"recoveries":0},"2020-02-26":{"cases":33,"deaths":0,"recoveries":0},"2020-02-27":{"cases":33,"deaths":0,"recoveries":0},"2020-02-28":{"cases":36,"deaths":0,"recoveries":0},"2020-02-29":{"cases":41,"deaths":0,"recoveries":0},"2020-03-01":{"cases":47,"deaths":0,"recoveries":0},"2020-03-02":{"cases":49,"deaths":0,"recoveries":0},"2020-03-03":{"cases":49,"deaths":0,"recoveries":0},"2020-03-04":{"cases":52,"deaths":0,"recoveries":0},"2020-03-05":{"cases":55,"deaths":0,"recoveries":0},"2020-03-06":{"cases":60,"deaths":0,"recoveries":4},"2020-03-07":{"cases":85,"deaths":0,"recoveries":4},"2020-03-08":{"cases":85,"deaths":0,"recoveries":4},"2020-03-09":{"cases":95,"deaths":0,"recoveries":14},"2020-03-10":{"cases":110,"deaths":0,"recoveries":22},"2020-03-11":{"cases":195,"deaths":0,"recoveries":35},"2020-03-12":{"cases":195,"deaths":0,"recoveries":35},"2020-03-13":{"cases":195,"deaths":0,"recoveries":44},"2020-03-14":{"cases":210,"deaths":0,"recoveries":44},"2020-03-15":{"cases":214,"deaths":0,"recoveries":60},"2020-03-16":{"cases":214,"deaths":1,"recoveries":77},"2020-03-17":{"cases":228,"deaths":1,"recoveries":81},"2020-03-18":{"cases":256,"deaths":1,"recoveries":88},"2020-03-19":{"cases":278,"deaths":1,"recoveries":100},"2020-03-20":{"cases":285,"deaths":1,"recoveries":100},"2020-03-21":{"cases":305,"deaths":1,"recoveries":125},"2020-03-22":{"cases":334,"deaths":2,"recoveries":149},"2020-03-23":{"cases":377,"deaths":2,"recoveries":149},"2020-03-24":{"cases":392,"deaths":3,"recoveries":177},"2020-03-25":{"cases":419,"deaths":4,"recoveries":177},"2020-03-26":{"cases":458,"deaths":4,"recoveries":204},"2020-03-27":{"cases":466,"deaths":4,"recoveries":227},"2020-03-28":{"cases":476,"deaths":4,"recoveries":265},"2020-03-29":{"cases":499,"deaths":4,"recoveries":272},"2020-03-30":{"cases":515,"deaths":4,"recoveries":279},"2020-03-31":{"cases":567,"deaths":4,"recoveries":295},"2020-04-01":{"cases":569,"deaths":4,"recoveries":337},"2020-04-02":{"cases":643,"deaths":4,"recoveries":381},"2020-04-03":{"cases":672,"deaths":4,"recoveries":382},"2020-04-04":{"cases":688,"deaths":4,"recoveries":423},"2020-04-05":{"cases":700,"deaths":4,"recoveries":431},"2020-04-06":{"cases":756,"deaths":4,"recoveries":458},"2020-04-07":{"cases":811,"deaths":5,"recoveries":458},"2020-04-08":{"cases":823,"deaths":5,"recoveries":477},"2020-04-09":{"cases":887,"deaths":5,"recoveries":519},"2020-04-10":{"cases":925,"deaths":6,"recoveries":539},"2020-04-11":{"cases":1040,"deaths":6,"recoveries":555},"2020-04-12":{"cases":1136,"deaths":6,"recoveries":558},"2020-04-13":{"cases":1361,"deaths":6,"recoveries":591},"2020-04-14":{"cases":1528,"deaths":7,"recoveries":645},"2020-04-15":{"cases":1671,"deaths":7,"recoveries":663},"2020-04-16":{"cases":1700,"deaths":7,"recoveries":703},"2020-04-17":{"cases":1740,"deaths":7,"recoveries":725},"2020-04-18":{"cases":1773,"deaths":7,"recoveries":755},"2020-04-19":{"cases":1881,"deaths":7,"recoveries":759},"2020-04-20":{"cases":1907,"deaths":7,"recoveries":769},"2020-04-21":{"cases":1973,"deaths":7,"recoveries":784},"2020-04-22":{"cases":2027,"deaths":7,"recoveries":1026}}}