{"name":"Bangladesh","type":"country","dates":{"2020-01-22":{"cases":0,"deaths":0,"recoveries":0},"2020-01-23":{"cases":0,"deaths":0,"recoveries":0},"2020-01-24":{"cases":0,"deaths":0,"recoveries":0},"2020-01-25":{"cases":0,"deaths":0,"recoveries":0},"2020-01-26":{"cases":0,"deaths":0,"recoveries":0},"2020-01-27":{"cases":0,"deaths":0,"recoveries":0},"2020-01-28":{"cases":0,"deaths":0,"recoveries":0},"2020-01-29":{"cases":0,"deaths":0,"recoveries":0},"2020-01-30":{"cases":0,"deaths":0,"recoveries":0},"2020-01-31":{"cases":0,"deaths":0,"recoveries":0},"2020-02-01":{"cases":0,"deaths":0,"recoveries":0},"2020-02-02":{"cases":0,"deaths":0,"recoveries":0},"2020-02-03":{"cases":0,"deaths":0,"recoveries":0},"2020-02-04":{"cases":0,"deaths":0,"recoveries":0},"2020-02-05":{"cases":0,"deaths":0,"recoveries":0},"2020-02-06":{"cases":0,"deaths":0,"recoveries":0},"2020-02-07":{"cases":0,"deaths":0,"recoveries":0},"2020-02-08":{"cases":0,"deaths":0,"recoveries":0},"2020-02-09":{"cases":0,"deaths":0,"recoveries":0},"2020-02-10":{"cases":0,"deaths":0,"recoveries":0},"2020-02-11":{"cases":0,"deaths":0,"recoveries":0},"2020-02-12":{"cases":0,"deaths":0,"recoveries":0},"2020-02-13":{"cases":0,"deaths":0,"recoveries":0},"2020-02-14":{"cases":0,"deaths":0,"recoveries":0},"2020-02-15":{"cases":0,"deaths":0,"recoveries":0},"2020-02-16":{"cases":0,"deaths":0,"recoveries":0},"2020-02-17":{"cases":0,"deaths":0,"recoveries":0},"2020-02-18":{"cases":0,"deaths":0,"recoveries":0},"2020-02-19":{"cases":0,"deaths":0,"recoveries":0},"2020-02-20":{"cases":0,"deaths":0,"recoveries":0},"2020-02-21":{"cases":0,"deaths":0,"recoveries":0},"2020-02-22":{"cases":0,"deaths":0,"recoveries":0},"2020-02-23":{"cases":0,"deaths":0,"recoveries":0},"2020-02-24":{"cases":0,"deaths":0,"recoveries":0},"2020-02-25":{"cases":0,"deaths":0,"recoveries":0},"2020-02-26":{"cases":0,"deaths":0,"recoveries":0},"2020-02-27":{"cases":0,"deaths":0,"recoveries":0},"2020-02-28":{"cases":0,"deaths":0,"recoveries":0},"2020-02-29":{"cases":0,"deaths":0,"recoveries":0},"2020-03-01":{"cases":0,"deaths":0,"recoveries":0},"2020-03-02":{"cases":0,"deaths":0,"recoveries":0},"2020-03-03":{"cases":0,"deaths":0,"recoveries":0},"2020-03-04":{"cases":0,"deaths":0,"recoveries":0},"2020-03-05":{"cases":0,"deaths":0,"recoveries":0},"2020-03-06":{"cases":0,"deaths":0,"recoveries":0},"2020-03-07":{"cases":0,"deaths":0,"recoveries":0},"2020-03-08":{"cases":3,"deaths":0,"recoveries":0},"2020-03-09":{"cases":3,"deaths":0,"recoveries":0},"2020-03-10":{"cases":3,"deaths":0,"recoveries":0},"2020-03-11":{"cases":3,"deaths":0,"recoveries":0},"2020-03-12":{"cases":3,"deaths":0,"recoveries":0},"2020-03-13":{"cases":3,"deaths":0,"recoveries":0},"2020-03-14":{"cases":3,"deaths":0,"recoveries":0},"2020-03-15":{"cases":5,"deaths":0,"recoveries":0},"2020-03-16":{"cases":8,"deaths":0,"recoveries":2},"2020-03-17":{"cases":10,"deaths":0,"recoveries":3},"2020-03-18":{"cases":14,"deaths":1,"recoveries":3},"2020-03-19":{"cases":17,"deaths":1,"recoveries":3},"2020-03-20":{"cases":20,"deaths":1,"recoveries":3},"2020-03-21":{"cases":25,"deaths":2,"recoveries":3},"2020-03-22":{"cases":27,"deaths":2,"recoveries":3},"2020-03-23":{"cases":33,"deaths":3,"recoveries":3},"2020-03-24":{"cases":39,"deaths":4,"recoveries":5},"2020-03-25":{"cases":39,"deaths":5,"recoveries":7},"2020-03-26":{"cases":44,"deaths":5,"recoveries":11},"2020-03-27":{"cases":48,"deaths":5,"recoveries":11},"2020-03-28":{"cases":48,"deaths":5,"recoveries":15},"2020-03-29":{"cases":48,"deaths":5,"recoveries":15},"2020-03-30":{"cases":49,"deaths":5,"recoveries":19},"2020-03-31":{"cases":51,"deaths":5,"recoveries":25},"2020-04-01":{"cases":54,"deaths":6,"recoveries":25},"2020-04-02":{"cases":56,"deaths":6,"recoveries":25},"2020-04-03":{"cases":61,"deaths":6,"recoveries":26},"2020-04-04":{"cases":70,"deaths":8,"recoveries":30},"2020-04-05":{"cases":88,"deaths":9,"recoveries":33},"2020-04-06":{"cases":123,"deaths":12,"recoveries":33},"2020-04-07":{"cases":164,"deaths":17,"recoveries":33},"2020-04-08":{"cases":218,"deaths":20,"recoveries":33},"2020-04-09":{"cases":330,"deaths":21,"recoveries":33},"2020-04-10":{"cases":424,"deaths":27,"recoveries":33},"2020-04-11":{"cases":482,"deaths":30,"recoveries":36},"2020-04-12":{"cases":621,"deaths":34,"recoveries":39},"2020-04-13":{"cases":803,"deaths":39,"recoveries":42},"2020-04-14":{"cases":1012,"deaths":46,"recoveries":42},"2020-04-15":{"cases":1231,"deaths":50,"recoveries":49},"2020-04-16":{"cases":1572,"deaths":60,"recoveries":49},"2020-04-17":{"cases":1838,"deaths":75,"recoveries":58},"2020-04-18":{"cases":2144,"deaths":84,"recoveries":66},"2020-04-19":{"cases":2456,"deaths":91,"recoveries":75},"2020-04-20":{"cases":2948,"deaths":101,"recoveries":85},"2020-04-21":{"cases":3382,"deaths":110,"recoveries":87},"2020-04-22":{"cases":3772,"deaths":120,"recoveries":92}}}