{"name":"Beijing","country":"China","type":"region","dates":{"2020-01-22":{"cases":14,"deaths":0,"recoveries":0},"2020-01-23":{"cases":22,"deaths":0,"recoveries":0},"2020-01-24":{"cases":36,"deaths":0,"recoveries":1},"2020-01-25":{"cases":41,"deaths":0,"recoveries":2},"2020-01-26":{"cases":68,"deaths":0,"recoveries":2},"2020-01-27":{"cases":80,"deaths":1,"recoveries":2},"2020-01-28":{"cases":91,"deaths":1,"recoveries":4},"2020-01-29":{"cases":111,"deaths":1,"recoveries":4},"2020-01-30":{"cases":114,"deaths":1,"recoveries":4},"2020-01-31":{"cases":139,"deaths":1,"recoveries":5},"2020-02-01":{"cases":168,"deaths":1,"recoveries":9},"2020-02-02":{"cases":191,"deaths":1,"recoveries":9},"2020-02-03":{"cases":212,"deaths":1,"recoveries":12},"2020-02-04":{"cases":228,"deaths":1,"recoveries":23},"2020-02-05":{"cases":253,"deaths":1,"recoveries":24},"2020-02-06":{"cases":274,"deaths":1,"recoveries":31},"2020-02-07":{"cases":297,"deaths":1,"recoveries":33},"2020-02-08":{"cases":315,"deaths":2,"recoveries":34},"2020-02-09":{"cases":326,"deaths":2,"recoveries":37},"2020-02-10":{"cases":337,"deaths":2,"recoveries":44},"2020-02-11":{"cases":342,"deaths":3,"recoveries":48},"2020-02-12":{"cases":352,"deaths":3,"recoveries":56},"2020-02-13":{"cases":366,"deaths":3,"recoveries":69},"2020-02-14":{"cases":372,"deaths":3,"recoveries":80},"2020-02-15":{"cases":375,"deaths":4,"recoveries":98},"2020-02-16":{"cases":380,"deaths":4,"recoveries":108},"2020-02-17":{"cases":381,"deaths":4,"recoveries":114},"2020-02-18":{"cases":387,"deaths":4,"recoveries":122},"2020-02-19":{"cases":393,"deaths":4,"recoveries":145},"2020-02-20":{"cases":395,"deaths":4,"recoveries":153},"2020-02-21":{"cases":396,"deaths":4,"recoveries":169},"2020-02-22":{"cases":399,"deaths":4,"recoveries":178},"2020-02-23":{"cases":399,"deaths":4,"recoveries":189},"2020-02-24":{"cases":399,"deaths":4,"recoveries":198},"2020-02-25":{"cases":400,"deaths":4,"recoveries":215},"2020-02-26":{"cases":400,"deaths":4,"recoveries":235},"2020-02-27":{"cases":410,"deaths":5,"recoveries":248},"2020-02-28":{"cases":410,"deaths":7,"recoveries":257},"2020-02-29":{"cases":411,"deaths":8,"recoveries":271},"2020-03-01":{"cases":413,"deaths":8,"recoveries":276},"2020-03-02":{"cases":414,"deaths":8,"recoveries":282},"2020-03-03":{"cases":414,"deaths":8,"recoveries":288},"2020-03-04":{"cases":418,"deaths":8,"recoveries":297},"2020-03-05":{"cases":418,"deaths":8,"recoveries":297},"2020-03-06":{"cases":422,"deaths":8,"recoveries":299},"2020-03-07":{"cases":426,"deaths":8,"recoveries":303},"2020-03-08":{"cases":428,"deaths":8,"recoveries":308},"2020-03-09":{"cases":428,"deaths":8,"recoveries":315},"2020-03-10":{"cases":429,"deaths":8,"recoveries":320},"2020-03-11":{"cases":435,"deaths":8,"recoveries":326},"2020-03-12":{"cases":435,"deaths":8,"recoveries":334},"2020-03-13":{"cases":436,"deaths":8,"recoveries":342},"2020-03-14":{"cases":437,"deaths":8,"recoveries":349},"2020-03-15":{"cases":442,"deaths":8,"recoveries":353},"2020-03-16":{"cases":452,"deaths":8,"recoveries":360},"2020-03-17":{"cases":456,"deaths":8,"recoveries":369},"2020-03-18":{"cases":469,"deaths":8,"recoveries":378},"2020-03-19":{"cases":480,"deaths":8,"recoveries":380},"2020-03-20":{"cases":491,"deaths":8,"recoveries":390},"2020-03-21":{"cases":504,"deaths":8,"recoveries":396},"2020-03-22":{"cases":522,"deaths":8,"recoveries":400},"2020-03-23":{"cases":537,"deaths":8,"recoveries":400},"2020-03-24":{"cases":558,"deaths":8,"recoveries":401},"2020-03-25":{"cases":561,"deaths":8,"recoveries":403},"2020-03-26":{"cases":566,"deaths":8,"recoveries":406},"2020-03-27":{"cases":569,"deaths":8,"recoveries":408},"2020-03-28":{"cases":573,"deaths":8,"recoveries":410},"2020-03-29":{"cases":577,"deaths":8,"recoveries":412},"2020-03-30":{"cases":577,"deaths":8,"recoveries":415},"2020-03-31":{"cases":580,"deaths":8,"recoveries":418},"2020-04-01":{"cases":580,"deaths":8,"recoveries":418},"2020-04-02":{"cases":582,"deaths":8,"recoveries":424},"2020-04-03":{"cases":584,"deaths":8,"recoveries":434},"2020-04-04":{"cases":585,"deaths":8,"recoveries":438},"2020-04-05":{"cases":586,"deaths":8,"recoveries":441},"2020-04-06":{"cases":587,"deaths":8,"recoveries":443},"2020-04-07":{"cases":587,"deaths":8,"recoveries":448},"2020-04-08":{"cases":588,"deaths":8,"recoveries":455},"2020-04-09":{"cases":588,"deaths":8,"recoveries":464},"2020-04-10":{"cases":588,"deaths":8,"recoveries":469},"2020-04-11":{"cases":589,"deaths":8,"recoveries":474},"2020-04-12":{"cases":589,"deaths":8,"recoveries":479},"2020-04-13":{"cases":589,"deaths":8,"recoveries":484},"2020-04-14":{"cases":589,"deaths":8,"recoveries":491},"2020-04-15":{"cases":590,"deaths":8,"recoveries":495},"2020-04-16":{"cases":593,"deaths":8,"recoveries":503},"2020-04-17":{"cases":593,"deaths":8,"recoveries":509},"2020-04-18":{"cases":593,"deaths":8,"recoveries":509},"2020-04-19":{"cases":593,"deaths":8,"recoveries":510},"2020-04-20":{"cases":593,"deaths":8,"recoveries":514},"2020-04-21":{"cases":593,"deaths":8,"recoveries":516},"2020-04-22":{"cases":593,"deaths":8,"recoveries":518}}}