{"name":"Belarus","type":"country","dates":{"2020-01-22":{"cases":0,"deaths":0,"recoveries":0},"2020-01-23":{"cases":0,"deaths":0,"recoveries":0},"2020-01-24":{"cases":0,"deaths":0,"recoveries":0},"2020-01-25":{"cases":0,"deaths":0,"recoveries":0},"2020-01-26":{"cases":0,"deaths":0,"recoveries":0},"2020-01-27":{"cases":0,"deaths":0,"recoveries":0},"2020-01-28":{"cases":0,"deaths":0,"recoveries":0},"2020-01-29":{"cases":0,"deaths":0,"recoveries":0},"2020-01-30":{"cases":0,"deaths":0,"recoveries":0},"2020-01-31":{"cases":0,"deaths":0,"recoveries":0},"2020-02-01":{"cases":0,"deaths":0,"recoveries":0},"2020-02-02":{"cases":0,"deaths":0,"recoveries":0},"2020-02-03":{"cases":0,"deaths":0,"recoveries":0},"2020-02-04":{"cases":0,"deaths":0,"recoveries":0},"2020-02-05":{"cases":0,"deaths":0,"recoveries":0},"2020-02-06":{"cases":0,"deaths":0,"recoveries":0},"2020-02-07":{"cases":0,"deaths":0,"recoveries":0},"2020-02-08":{"cases":0,"deaths":0,"recoveries":0},"2020-02-09":{"cases":0,"deaths":0,"recoveries":0},"2020-02-10":{"cases":0,"deaths":0,"recoveries":0},"2020-02-11":{"cases":0,"deaths":0,"recoveries":0},"2020-02-12":{"cases":0,"deaths":0,"recoveries":0},"2020-02-13":{"cases":0,"deaths":0,"recoveries":0},"2020-02-14":{"cases":0,"deaths":0,"recoveries":0},"2020-02-15":{"cases":0,"deaths":0,"recoveries":0},"2020-02-16":{"cases":0,"deaths":0,"recoveries":0},"2020-02-17":{"cases":0,"deaths":0,"recoveries":0},"2020-02-18":{"cases":0,"deaths":0,"recoveries":0},"2020-02-19":{"cases":0,"deaths":0,"recoveries":0},"2020-02-20":{"cases":0,"deaths":0,"recoveries":0},"2020-02-21":{"cases":0,"deaths":0,"recoveries":0},"2020-02-22":{"cases":0,"deaths":0,"recoveries":0},"2020-02-23":{"cases":0,"deaths":0,"recoveries":0},"2020-02-24":{"cases":0,"deaths":0,"recoveries":0},"2020-02-25":{"cases":0,"deaths":0,"recoveries":0},"2020-02-26":{"cases":0,"deaths":0,"recoveries":0},"2020-02-27":{"cases":0,"deaths":0,"recoveries":0},"2020-02-28":{"cases":1,"deaths":0,"recoveries":0},"2020-02-29":{"cases":1,"deaths":0,"recoveries":0},"2020-03-01":{"cases":1,"deaths":0,"recoveries":0},"2020-03-02":{"cases":1,"deaths":0,"recoveries":0},"2020-03-03":{"cases":1,"deaths":0,"recoveries":0},"2020-03-04":{"cases":6,"deaths":0,"recoveries":0},"2020-03-05":{"cases":6,"deaths":0,"recoveries":0},"2020-03-06":{"cases":6,"deaths":0,"recoveries":0},"2020-03-07":{"cases":6,"deaths":0,"recoveries":0},"2020-03-08":{"cases":6,"deaths":0,"recoveries":0},"2020-03-09":{"cases":6,"deaths":0,"recoveries":1},"2020-03-10":{"cases":9,"deaths":0,"recoveries":3},"2020-03-11":{"cases":9,"deaths":0,"recoveries":3},"2020-03-12":{"cases":12,"deaths":0,"recoveries":3},"2020-03-13":{"cases":27,"deaths":0,"recoveries":3},"2020-03-14":{"cases":27,"deaths":0,"recoveries":3},"2020-03-15":{"cases":27,"deaths":0,"recoveries":3},"2020-03-16":{"cases":36,"deaths":0,"recoveries":3},"2020-03-17":{"cases":36,"deaths":0,"recoveries":3},"2020-03-18":{"cases":51,"deaths":0,"recoveries":5},"2020-03-19":{"cases":51,"deaths":0,"recoveries":5},"2020-03-20":{"cases":69,"deaths":0,"recoveries":5},"2020-03-21":{"cases":76,"deaths":0,"recoveries":15},"2020-03-22":{"cases":76,"deaths":0,"recoveries":15},"2020-03-23":{"cases":81,"deaths":0,"recoveries":15},"2020-03-24":{"cases":81,"deaths":0,"recoveries":22},"2020-03-25":{"cases":86,"deaths":0,"recoveries":29},"2020-03-26":{"cases":86,"deaths":0,"recoveries":29},"2020-03-27":{"cases":94,"deaths":0,"recoveries":32},"2020-03-28":{"cases":94,"deaths":0,"recoveries":32},"2020-03-29":{"cases":94,"deaths":0,"recoveries":32},"2020-03-30":{"cases":152,"deaths":0,"recoveries":32},"2020-03-31":{"cases":152,"deaths":1,"recoveries":47},"2020-04-01":{"cases":163,"deaths":2,"recoveries":53},"2020-04-02":{"cases":304,"deaths":4,"recoveries":53},"2020-04-03":{"cases":351,"deaths":4,"recoveries":53},"2020-04-04":{"cases":440,"deaths":5,"recoveries":53},"2020-04-05":{"cases":562,"deaths":8,"recoveries":52},"2020-04-06":{"cases":700,"deaths":13,"recoveries":53},"2020-04-07":{"cases":861,"deaths":13,"recoveries":54},"2020-04-08":{"cases":1066,"deaths":13,"recoveries":77},"2020-04-09":{"cases":1486,"deaths":16,"recoveries":139},"2020-04-10":{"cases":1981,"deaths":19,"recoveries":169},"2020-04-11":{"cases":2226,"deaths":23,"recoveries":172},"2020-04-12":{"cases":2578,"deaths":26,"recoveries":203},"2020-04-13":{"cases":2919,"deaths":29,"recoveries":203},"2020-04-14":{"cases":3281,"deaths":33,"recoveries":203},"2020-04-15":{"cases":3728,"deaths":36,"recoveries":203},"2020-04-16":{"cases":4204,"deaths":40,"recoveries":203},"2020-04-17":{"cases":4779,"deaths":42,"recoveries":342},"2020-04-18":{"cases":4779,"deaths":45,"recoveries":342},"2020-04-19":{"cases":4779,"deaths":47,"recoveries":494},"2020-04-20":{"cases":6264,"deaths":51,"recoveries":514},"2020-04-21":{"cases":6723,"deaths":55,"recoveries":577},"2020-04-22":{"cases":7281,"deaths":58,"recoveries":769}}}