{"name":"Belgium","type":"country","dates":{"2020-01-22":{"cases":0,"deaths":0,"recoveries":0},"2020-01-23":{"cases":0,"deaths":0,"recoveries":0},"2020-01-24":{"cases":0,"deaths":0,"recoveries":0},"2020-01-25":{"cases":0,"deaths":0,"recoveries":0},"2020-01-26":{"cases":0,"deaths":0,"recoveries":0},"2020-01-27":{"cases":0,"deaths":0,"recoveries":0},"2020-01-28":{"cases":0,"deaths":0,"recoveries":0},"2020-01-29":{"cases":0,"deaths":0,"recoveries":0},"2020-01-30":{"cases":0,"deaths":0,"recoveries":0},"2020-01-31":{"cases":0,"deaths":0,"recoveries":0},"2020-02-01":{"cases":0,"deaths":0,"recoveries":0},"2020-02-02":{"cases":0,"deaths":0,"recoveries":0},"2020-02-03":{"cases":0,"deaths":0,"recoveries":0},"2020-02-04":{"cases":1,"deaths":0,"recoveries":0},"2020-02-05":{"cases":1,"deaths":0,"recoveries":0},"2020-02-06":{"cases":1,"deaths":0,"recoveries":0},"2020-02-07":{"cases":1,"deaths":0,"recoveries":0},"2020-02-08":{"cases":1,"deaths":0,"recoveries":0},"2020-02-09":{"cases":1,"deaths":0,"recoveries":0},"2020-02-10":{"cases":1,"deaths":0,"recoveries":0},"2020-02-11":{"cases":1,"deaths":0,"recoveries":0},"2020-02-12":{"cases":1,"deaths":0,"recoveries":0},"2020-02-13":{"cases":1,"deaths":0,"recoveries":0},"2020-02-14":{"cases":1,"deaths":0,"recoveries":0},"2020-02-15":{"cases":1,"deaths":0,"recoveries":0},"2020-02-16":{"cases":1,"deaths":0,"recoveries":0},"2020-02-17":{"cases":1,"deaths":0,"recoveries":1},"2020-02-18":{"cases":1,"deaths":0,"recoveries":1},"2020-02-19":{"cases":1,"deaths":0,"recoveries":1},"2020-02-20":{"cases":1,"deaths":0,"recoveries":1},"2020-02-21":{"cases":1,"deaths":0,"recoveries":1},"2020-02-22":{"cases":1,"deaths":0,"recoveries":1},"2020-02-23":{"cases":1,"deaths":0,"recoveries":1},"2020-02-24":{"cases":1,"deaths":0,"recoveries":1},"2020-02-25":{"cases":1,"deaths":0,"recoveries":1},"2020-02-26":{"cases":1,"deaths":0,"recoveries":1},"2020-02-27":{"cases":1,"deaths":0,"recoveries":1},"2020-02-28":{"cases":1,"deaths":0,"recoveries":1},"2020-02-29":{"cases":1,"deaths":0,"recoveries":1},"2020-03-01":{"cases":2,"deaths":0,"recoveries":1},"2020-03-02":{"cases":8,"deaths":0,"recoveries":1},"2020-03-03":{"cases":13,"deaths":0,"recoveries":1},"2020-03-04":{"cases":23,"deaths":0,"recoveries":1},"2020-03-05":{"cases":50,"deaths":0,"recoveries":1},"2020-03-06":{"cases":109,"deaths":0,"recoveries":1},"2020-03-07":{"cases":169,"deaths":0,"recoveries":1},"2020-03-08":{"cases":200,"deaths":0,"recoveries":1},"2020-03-09":{"cases":239,"deaths":0,"recoveries":1},"2020-03-10":{"cases":267,"deaths":0,"recoveries":1},"2020-03-11":{"cases":314,"deaths":3,"recoveries":1},"2020-03-12":{"cases":314,"deaths":3,"recoveries":1},"2020-03-13":{"cases":559,"deaths":3,"recoveries":1},"2020-03-14":{"cases":689,"deaths":4,"recoveries":1},"2020-03-15":{"cases":886,"deaths":4,"recoveries":1},"2020-03-16":{"cases":1058,"deaths":5,"recoveries":1},"2020-03-17":{"cases":1243,"deaths":10,"recoveries":1},"2020-03-18":{"cases":1486,"deaths":14,"recoveries":31},"2020-03-19":{"cases":1795,"deaths":21,"recoveries":31},"2020-03-20":{"cases":2257,"deaths":37,"recoveries":1},"2020-03-21":{"cases":2815,"deaths":67,"recoveries":263},"2020-03-22":{"cases":3401,"deaths":75,"recoveries":263},"2020-03-23":{"cases":3743,"deaths":88,"recoveries":263},"2020-03-24":{"cases":4269,"deaths":122,"recoveries":461},"2020-03-25":{"cases":4937,"deaths":178,"recoveries":547},"2020-03-26":{"cases":6235,"deaths":220,"recoveries":675},"2020-03-27":{"cases":7284,"deaths":289,"recoveries":858},"2020-03-28":{"cases":9134,"deaths":353,"recoveries":1063},"2020-03-29":{"cases":10836,"deaths":431,"recoveries":1359},"2020-03-30":{"cases":11899,"deaths":513,"recoveries":1527},"2020-03-31":{"cases":12775,"deaths":705,"recoveries":1696},"2020-04-01":{"cases":13964,"deaths":828,"recoveries":2132},"2020-04-02":{"cases":15348,"deaths":1011,"recoveries":2495},"2020-04-03":{"cases":16770,"deaths":1143,"recoveries":2872},"2020-04-04":{"cases":18431,"deaths":1283,"recoveries":3247},"2020-04-05":{"cases":19691,"deaths":1447,"recoveries":3751},"2020-04-06":{"cases":20814,"deaths":1632,"recoveries":3986},"2020-04-07":{"cases":22194,"deaths":2035,"recoveries":4157},"2020-04-08":{"cases":23403,"deaths":2240,"recoveries":4681},"2020-04-09":{"cases":24983,"deaths":2523,"recoveries":5164},"2020-04-10":{"cases":26667,"deaths":3019,"recoveries":5568},"2020-04-11":{"cases":28018,"deaths":3346,"recoveries":5986},"2020-04-12":{"cases":29647,"deaths":3600,"recoveries":6463},"2020-04-13":{"cases":30589,"deaths":3903,"recoveries":6707},"2020-04-14":{"cases":31119,"deaths":4157,"recoveries":6868},"2020-04-15":{"cases":33573,"deaths":4440,"recoveries":7107},"2020-04-16":{"cases":34809,"deaths":4857,"recoveries":7562},"2020-04-17":{"cases":36138,"deaths":5163,"recoveries":7961},"2020-04-18":{"cases":37183,"deaths":5453,"recoveries":8348},"2020-04-19":{"cases":38496,"deaths":5683,"recoveries":8757},"2020-04-20":{"cases":39983,"deaths":5828,"recoveries":8895},"2020-04-21":{"cases":40956,"deaths":5998,"recoveries":9002},"2020-04-22":{"cases":41889,"deaths":6262,"recoveries":9433}}}