{"name":"Bolivia","type":"country","dates":{"2020-01-22":{"cases":0,"deaths":0,"recoveries":0},"2020-01-23":{"cases":0,"deaths":0,"recoveries":0},"2020-01-24":{"cases":0,"deaths":0,"recoveries":0},"2020-01-25":{"cases":0,"deaths":0,"recoveries":0},"2020-01-26":{"cases":0,"deaths":0,"recoveries":0},"2020-01-27":{"cases":0,"deaths":0,"recoveries":0},"2020-01-28":{"cases":0,"deaths":0,"recoveries":0},"2020-01-29":{"cases":0,"deaths":0,"recoveries":0},"2020-01-30":{"cases":0,"deaths":0,"recoveries":0},"2020-01-31":{"cases":0,"deaths":0,"recoveries":0},"2020-02-01":{"cases":0,"deaths":0,"recoveries":0},"2020-02-02":{"cases":0,"deaths":0,"recoveries":0},"2020-02-03":{"cases":0,"deaths":0,"recoveries":0},"2020-02-04":{"cases":0,"deaths":0,"recoveries":0},"2020-02-05":{"cases":0,"deaths":0,"recoveries":0},"2020-02-06":{"cases":0,"deaths":0,"recoveries":0},"2020-02-07":{"cases":0,"deaths":0,"recoveries":0},"2020-02-08":{"cases":0,"deaths":0,"recoveries":0},"2020-02-09":{"cases":0,"deaths":0,"recoveries":0},"2020-02-10":{"cases":0,"deaths":0,"recoveries":0},"2020-02-11":{"cases":0,"deaths":0,"recoveries":0},"2020-02-12":{"cases":0,"deaths":0,"recoveries":0},"2020-02-13":{"cases":0,"deaths":0,"recoveries":0},"2020-02-14":{"cases":0,"deaths":0,"recoveries":0},"2020-02-15":{"cases":0,"deaths":0,"recoveries":0},"2020-02-16":{"cases":0,"deaths":0,"recoveries":0},"2020-02-17":{"cases":0,"deaths":0,"recoveries":0},"2020-02-18":{"cases":0,"deaths":0,"recoveries":0},"2020-02-19":{"cases":0,"deaths":0,"recoveries":0},"2020-02-20":{"cases":0,"deaths":0,"recoveries":0},"2020-02-21":{"cases":0,"deaths":0,"recoveries":0},"2020-02-22":{"cases":0,"deaths":0,"recoveries":0},"2020-02-23":{"cases":0,"deaths":0,"recoveries":0},"2020-02-24":{"cases":0,"deaths":0,"recoveries":0},"2020-02-25":{"cases":0,"deaths":0,"recoveries":0},"2020-02-26":{"cases":0,"deaths":0,"recoveries":0},"2020-02-27":{"cases":0,"deaths":0,"recoveries":0},"2020-02-28":{"cases":0,"deaths":0,"recoveries":0},"2020-02-29":{"cases":0,"deaths":0,"recoveries":0},"2020-03-01":{"cases":0,"deaths":0,"recoveries":0},"2020-03-02":{"cases":0,"deaths":0,"recoveries":0},"2020-03-03":{"cases":0,"deaths":0,"recoveries":0},"2020-03-04":{"cases":0,"deaths":0,"recoveries":0},"2020-03-05":{"cases":0,"deaths":0,"recoveries":0},"2020-03-06":{"cases":0,"deaths":0,"recoveries":0},"2020-03-07":{"cases":0,"deaths":0,"recoveries":0},"2020-03-08":{"cases":0,"deaths":0,"recoveries":0},"2020-03-09":{"cases":0,"deaths":0,"recoveries":0},"2020-03-10":{"cases":0,"deaths":0,"recoveries":0},"2020-03-11":{"cases":2,"deaths":0,"recoveries":0},"2020-03-12":{"cases":2,"deaths":0,"recoveries":0},"2020-03-13":{"cases":3,"deaths":0,"recoveries":0},"2020-03-14":{"cases":10,"deaths":0,"recoveries":0},"2020-03-15":{"cases":10,"deaths":0,"recoveries":0},"2020-03-16":{"cases":11,"deaths":0,"recoveries":0},"2020-03-17":{"cases":11,"deaths":0,"recoveries":0},"2020-03-18":{"cases":12,"deaths":0,"recoveries":0},"2020-03-19":{"cases":12,"deaths":0,"recoveries":0},"2020-03-20":{"cases":15,"deaths":0,"recoveries":0},"2020-03-21":{"cases":19,"deaths":0,"recoveries":0},"2020-03-22":{"cases":24,"deaths":0,"recoveries":0},"2020-03-23":{"cases":27,"deaths":0,"recoveries":0},"2020-03-24":{"cases":29,"deaths":0,"recoveries":0},"2020-03-25":{"cases":32,"deaths":0,"recoveries":0},"2020-03-26":{"cases":43,"deaths":0,"recoveries":0},"2020-03-27":{"cases":61,"deaths":0,"recoveries":0},"2020-03-28":{"cases":74,"deaths":0,"recoveries":0},"2020-03-29":{"cases":81,"deaths":1,"recoveries":0},"2020-03-30":{"cases":97,"deaths":4,"recoveries":0},"2020-03-31":{"cases":107,"deaths":6,"recoveries":0},"2020-04-01":{"cases":115,"deaths":7,"recoveries":1},"2020-04-02":{"cases":123,"deaths":8,"recoveries":1},"2020-04-03":{"cases":132,"deaths":9,"recoveries":1},"2020-04-04":{"cases":139,"deaths":10,"recoveries":1},"2020-04-05":{"cases":157,"deaths":10,"recoveries":2},"2020-04-06":{"cases":183,"deaths":11,"recoveries":2},"2020-04-07":{"cases":194,"deaths":14,"recoveries":2},"2020-04-08":{"cases":210,"deaths":15,"recoveries":2},"2020-04-09":{"cases":264,"deaths":18,"recoveries":2},"2020-04-10":{"cases":268,"deaths":19,"recoveries":2},"2020-04-11":{"cases":275,"deaths":20,"recoveries":2},"2020-04-12":{"cases":300,"deaths":24,"recoveries":2},"2020-04-13":{"cases":330,"deaths":27,"recoveries":2},"2020-04-14":{"cases":354,"deaths":28,"recoveries":6},"2020-04-15":{"cases":397,"deaths":28,"recoveries":7},"2020-04-16":{"cases":441,"deaths":29,"recoveries":14},"2020-04-17":{"cases":465,"deaths":31,"recoveries":26},"2020-04-18":{"cases":493,"deaths":31,"recoveries":31},"2020-04-19":{"cases":520,"deaths":32,"recoveries":31},"2020-04-20":{"cases":564,"deaths":33,"recoveries":31},"2020-04-21":{"cases":598,"deaths":34,"recoveries":37},"2020-04-22":{"cases":609,"deaths":37,"recoveries":44}}}