{"name":"Bosnia and Herzegovina","type":"country","dates":{"2020-01-22":{"cases":0,"deaths":0,"recoveries":0},"2020-01-23":{"cases":0,"deaths":0,"recoveries":0},"2020-01-24":{"cases":0,"deaths":0,"recoveries":0},"2020-01-25":{"cases":0,"deaths":0,"recoveries":0},"2020-01-26":{"cases":0,"deaths":0,"recoveries":0},"2020-01-27":{"cases":0,"deaths":0,"recoveries":0},"2020-01-28":{"cases":0,"deaths":0,"recoveries":0},"2020-01-29":{"cases":0,"deaths":0,"recoveries":0},"2020-01-30":{"cases":0,"deaths":0,"recoveries":0},"2020-01-31":{"cases":0,"deaths":0,"recoveries":0},"2020-02-01":{"cases":0,"deaths":0,"recoveries":0},"2020-02-02":{"cases":0,"deaths":0,"recoveries":0},"2020-02-03":{"cases":0,"deaths":0,"recoveries":0},"2020-02-04":{"cases":0,"deaths":0,"recoveries":0},"2020-02-05":{"cases":0,"deaths":0,"recoveries":0},"2020-02-06":{"cases":0,"deaths":0,"recoveries":0},"2020-02-07":{"cases":0,"deaths":0,"recoveries":0},"2020-02-08":{"cases":0,"deaths":0,"recoveries":0},"2020-02-09":{"cases":0,"deaths":0,"recoveries":0},"2020-02-10":{"cases":0,"deaths":0,"recoveries":0},"2020-02-11":{"cases":0,"deaths":0,"recoveries":0},"2020-02-12":{"cases":0,"deaths":0,"recoveries":0},"2020-02-13":{"cases":0,"deaths":0,"recoveries":0},"2020-02-14":{"cases":0,"deaths":0,"recoveries":0},"2020-02-15":{"cases":0,"deaths":0,"recoveries":0},"2020-02-16":{"cases":0,"deaths":0,"recoveries":0},"2020-02-17":{"cases":0,"deaths":0,"recoveries":0},"2020-02-18":{"cases":0,"deaths":0,"recoveries":0},"2020-02-19":{"cases":0,"deaths":0,"recoveries":0},"2020-02-20":{"cases":0,"deaths":0,"recoveries":0},"2020-02-21":{"cases":0,"deaths":0,"recoveries":0},"2020-02-22":{"cases":0,"deaths":0,"recoveries":0},"2020-02-23":{"cases":0,"deaths":0,"recoveries":0},"2020-02-24":{"cases":0,"deaths":0,"recoveries":0},"2020-02-25":{"cases":0,"deaths":0,"recoveries":0},"2020-02-26":{"cases":0,"deaths":0,"recoveries":0},"2020-02-27":{"cases":0,"deaths":0,"recoveries":0},"2020-02-28":{"cases":0,"deaths":0,"recoveries":0},"2020-02-29":{"cases":0,"deaths":0,"recoveries":0},"2020-03-01":{"cases":0,"deaths":0,"recoveries":0},"2020-03-02":{"cases":0,"deaths":0,"recoveries":0},"2020-03-03":{"cases":0,"deaths":0,"recoveries":0},"2020-03-04":{"cases":0,"deaths":0,"recoveries":0},"2020-03-05":{"cases":2,"deaths":0,"recoveries":0},"2020-03-06":{"cases":2,"deaths":0,"recoveries":0},"2020-03-07":{"cases":3,"deaths":0,"recoveries":0},"2020-03-08":{"cases":3,"deaths":0,"recoveries":0},"2020-03-09":{"cases":3,"deaths":0,"recoveries":0},"2020-03-10":{"cases":5,"deaths":0,"recoveries":0},"2020-03-11":{"cases":7,"deaths":0,"recoveries":0},"2020-03-12":{"cases":11,"deaths":0,"recoveries":0},"2020-03-13":{"cases":13,"deaths":0,"recoveries":0},"2020-03-14":{"cases":18,"deaths":0,"recoveries":0},"2020-03-15":{"cases":24,"deaths":0,"recoveries":0},"2020-03-16":{"cases":25,"deaths":0,"recoveries":0},"2020-03-17":{"cases":26,"deaths":0,"recoveries":2},"2020-03-18":{"cases":38,"deaths":0,"recoveries":2},"2020-03-19":{"cases":63,"deaths":0,"recoveries":2},"2020-03-20":{"cases":89,"deaths":0,"recoveries":2},"2020-03-21":{"cases":93,"deaths":1,"recoveries":2},"2020-03-22":{"cases":126,"deaths":1,"recoveries":2},"2020-03-23":{"cases":136,"deaths":1,"recoveries":2},"2020-03-24":{"cases":166,"deaths":3,"recoveries":2},"2020-03-25":{"cases":176,"deaths":3,"recoveries":2},"2020-03-26":{"cases":191,"deaths":3,"recoveries":2},"2020-03-27":{"cases":237,"deaths":4,"recoveries":5},"2020-03-28":{"cases":258,"deaths":5,"recoveries":5},"2020-03-29":{"cases":323,"deaths":6,"recoveries":8},"2020-03-30":{"cases":368,"deaths":10,"recoveries":17},"2020-03-31":{"cases":420,"deaths":13,"recoveries":17},"2020-04-01":{"cases":459,"deaths":13,"recoveries":19},"2020-04-02":{"cases":533,"deaths":16,"recoveries":20},"2020-04-03":{"cases":579,"deaths":17,"recoveries":27},"2020-04-04":{"cases":624,"deaths":21,"recoveries":30},"2020-04-05":{"cases":654,"deaths":23,"recoveries":30},"2020-04-06":{"cases":674,"deaths":29,"recoveries":47},"2020-04-07":{"cases":764,"deaths":33,"recoveries":68},"2020-04-08":{"cases":804,"deaths":34,"recoveries":79},"2020-04-09":{"cases":858,"deaths":35,"recoveries":101},"2020-04-10":{"cases":901,"deaths":36,"recoveries":129},"2020-04-11":{"cases":946,"deaths":37,"recoveries":139},"2020-04-12":{"cases":1009,"deaths":39,"recoveries":193},"2020-04-13":{"cases":1037,"deaths":39,"recoveries":206},"2020-04-14":{"cases":1083,"deaths":40,"recoveries":236},"2020-04-15":{"cases":1110,"deaths":41,"recoveries":253},"2020-04-16":{"cases":1167,"deaths":43,"recoveries":277},"2020-04-17":{"cases":1214,"deaths":46,"recoveries":320},"2020-04-18":{"cases":1268,"deaths":47,"recoveries":338},"2020-04-19":{"cases":1285,"deaths":48,"recoveries":347},"2020-04-20":{"cases":1309,"deaths":49,"recoveries":381},"2020-04-21":{"cases":1342,"deaths":51,"recoveries":437},"2020-04-22":{"cases":1368,"deaths":53,"recoveries":460}}}