{"name":"Brazil","type":"country","dates":{"2020-01-22":{"cases":0,"deaths":0,"recoveries":0},"2020-01-23":{"cases":0,"deaths":0,"recoveries":0},"2020-01-24":{"cases":0,"deaths":0,"recoveries":0},"2020-01-25":{"cases":0,"deaths":0,"recoveries":0},"2020-01-26":{"cases":0,"deaths":0,"recoveries":0},"2020-01-27":{"cases":0,"deaths":0,"recoveries":0},"2020-01-28":{"cases":0,"deaths":0,"recoveries":0},"2020-01-29":{"cases":0,"deaths":0,"recoveries":0},"2020-01-30":{"cases":0,"deaths":0,"recoveries":0},"2020-01-31":{"cases":0,"deaths":0,"recoveries":0},"2020-02-01":{"cases":0,"deaths":0,"recoveries":0},"2020-02-02":{"cases":0,"deaths":0,"recoveries":0},"2020-02-03":{"cases":0,"deaths":0,"recoveries":0},"2020-02-04":{"cases":0,"deaths":0,"recoveries":0},"2020-02-05":{"cases":0,"deaths":0,"recoveries":0},"2020-02-06":{"cases":0,"deaths":0,"recoveries":0},"2020-02-07":{"cases":0,"deaths":0,"recoveries":0},"2020-02-08":{"cases":0,"deaths":0,"recoveries":0},"2020-02-09":{"cases":0,"deaths":0,"recoveries":0},"2020-02-10":{"cases":0,"deaths":0,"recoveries":0},"2020-02-11":{"cases":0,"deaths":0,"recoveries":0},"2020-02-12":{"cases":0,"deaths":0,"recoveries":0},"2020-02-13":{"cases":0,"deaths":0,"recoveries":0},"2020-02-14":{"cases":0,"deaths":0,"recoveries":0},"2020-02-15":{"cases":0,"deaths":0,"recoveries":0},"2020-02-16":{"cases":0,"deaths":0,"recoveries":0},"2020-02-17":{"cases":0,"deaths":0,"recoveries":0},"2020-02-18":{"cases":0,"deaths":0,"recoveries":0},"2020-02-19":{"cases":0,"deaths":0,"recoveries":0},"2020-02-20":{"cases":0,"deaths":0,"recoveries":0},"2020-02-21":{"cases":0,"deaths":0,"recoveries":0},"2020-02-22":{"cases":0,"deaths":0,"recoveries":0},"2020-02-23":{"cases":0,"deaths":0,"recoveries":0},"2020-02-24":{"cases":0,"deaths":0,"recoveries":0},"2020-02-25":{"cases":0,"deaths":0,"recoveries":0},"2020-02-26":{"cases":1,"deaths":0,"recoveries":0},"2020-02-27":{"cases":1,"deaths":0,"recoveries":0},"2020-02-28":{"cases":1,"deaths":0,"recoveries":0},"2020-02-29":{"cases":2,"deaths":0,"recoveries":0},"2020-03-01":{"cases":2,"deaths":0,"recoveries":0},"2020-03-02":{"cases":2,"deaths":0,"recoveries":0},"2020-03-03":{"cases":2,"deaths":0,"recoveries":0},"2020-03-04":{"cases":4,"deaths":0,"recoveries":0},"2020-03-05":{"cases":4,"deaths":0,"recoveries":0},"2020-03-06":{"cases":13,"deaths":0,"recoveries":0},"2020-03-07":{"cases":13,"deaths":0,"recoveries":0},"2020-03-08":{"cases":20,"deaths":0,"recoveries":0},"2020-03-09":{"cases":25,"deaths":0,"recoveries":0},"2020-03-10":{"cases":31,"deaths":0,"recoveries":0},"2020-03-11":{"cases":38,"deaths":0,"recoveries":0},"2020-03-12":{"cases":52,"deaths":0,"recoveries":0},"2020-03-13":{"cases":151,"deaths":0,"recoveries":0},"2020-03-14":{"cases":151,"deaths":0,"recoveries":0},"2020-03-15":{"cases":162,"deaths":0,"recoveries":0},"2020-03-16":{"cases":200,"deaths":0,"recoveries":1},"2020-03-17":{"cases":321,"deaths":1,"recoveries":2},"2020-03-18":{"cases":372,"deaths":3,"recoveries":2},"2020-03-19":{"cases":621,"deaths":6,"recoveries":2},"2020-03-20":{"cases":793,"deaths":11,"recoveries":2},"2020-03-21":{"cases":1021,"deaths":15,"recoveries":2},"2020-03-22":{"cases":1546,"deaths":25,"recoveries":2},"2020-03-23":{"cases":1924,"deaths":34,"recoveries":2},"2020-03-24":{"cases":2247,"deaths":46,"recoveries":2},"2020-03-25":{"cases":2554,"deaths":59,"recoveries":2},"2020-03-26":{"cases":2985,"deaths":77,"recoveries":6},"2020-03-27":{"cases":3417,"deaths":92,"recoveries":6},"2020-03-28":{"cases":3904,"deaths":111,"recoveries":6},"2020-03-29":{"cases":4256,"deaths":136,"recoveries":6},"2020-03-30":{"cases":4579,"deaths":159,"recoveries":120},"2020-03-31":{"cases":5717,"deaths":201,"recoveries":127},"2020-04-01":{"cases":6836,"deaths":240,"recoveries":127},"2020-04-02":{"cases":8044,"deaths":324,"recoveries":127},"2020-04-03":{"cases":9056,"deaths":359,"recoveries":127},"2020-04-04":{"cases":10360,"deaths":445,"recoveries":127},"2020-04-05":{"cases":11130,"deaths":486,"recoveries":127},"2020-04-06":{"cases":12161,"deaths":564,"recoveries":127},"2020-04-07":{"cases":14034,"deaths":686,"recoveries":127},"2020-04-08":{"cases":16170,"deaths":819,"recoveries":127},"2020-04-09":{"cases":18092,"deaths":950,"recoveries":173},"2020-04-10":{"cases":19638,"deaths":1057,"recoveries":173},"2020-04-11":{"cases":20727,"deaths":1124,"recoveries":173},"2020-04-12":{"cases":22192,"deaths":1223,"recoveries":173},"2020-04-13":{"cases":23430,"deaths":1328,"recoveries":173},"2020-04-14":{"cases":25262,"deaths":1532,"recoveries":3046},"2020-04-15":{"cases":28320,"deaths":1736,"recoveries":14026},"2020-04-16":{"cases":30425,"deaths":1924,"recoveries":14026},"2020-04-17":{"cases":33682,"deaths":2141,"recoveries":14026},"2020-04-18":{"cases":36658,"deaths":2354,"recoveries":14026},"2020-04-19":{"cases":38654,"deaths":2462,"recoveries":22130},"2020-04-20":{"cases":40743,"deaths":2587,"recoveries":22130},"2020-04-21":{"cases":43079,"deaths":2741,"recoveries":22991},"2020-04-22":{"cases":45757,"deaths":2906,"recoveries":25318}}}