{"name":"British Columbia","country":"Canada","type":"region","dates":{"2020-01-22":{"cases":0,"deaths":0},"2020-01-23":{"cases":0,"deaths":0},"2020-01-24":{"cases":0,"deaths":0},"2020-01-25":{"cases":0,"deaths":0},"2020-01-26":{"cases":0,"deaths":0},"2020-01-27":{"cases":0,"deaths":0},"2020-01-28":{"cases":1,"deaths":0},"2020-01-29":{"cases":1,"deaths":0},"2020-01-30":{"cases":1,"deaths":0},"2020-01-31":{"cases":1,"deaths":0},"2020-02-01":{"cases":1,"deaths":0},"2020-02-02":{"cases":1,"deaths":0},"2020-02-03":{"cases":1,"deaths":0},"2020-02-04":{"cases":1,"deaths":0},"2020-02-05":{"cases":2,"deaths":0},"2020-02-06":{"cases":2,"deaths":0},"2020-02-07":{"cases":4,"deaths":0},"2020-02-08":{"cases":4,"deaths":0},"2020-02-09":{"cases":4,"deaths":0},"2020-02-10":{"cases":4,"deaths":0},"2020-02-11":{"cases":4,"deaths":0},"2020-02-12":{"cases":4,"deaths":0},"2020-02-13":{"cases":4,"deaths":0},"2020-02-14":{"cases":4,"deaths":0},"2020-02-15":{"cases":4,"deaths":0},"2020-02-16":{"cases":4,"deaths":0},"2020-02-17":{"cases":5,"deaths":0},"2020-02-18":{"cases":5,"deaths":0},"2020-02-19":{"cases":5,"deaths":0},"2020-02-20":{"cases":5,"deaths":0},"2020-02-21":{"cases":6,"deaths":0},"2020-02-22":{"cases":6,"deaths":0},"2020-02-23":{"cases":6,"deaths":0},"2020-02-24":{"cases":6,"deaths":0},"2020-02-25":{"cases":7,"deaths":0},"2020-02-26":{"cases":7,"deaths":0},"2020-02-27":{"cases":7,"deaths":0},"2020-02-28":{"cases":7,"deaths":0},"2020-02-29":{"cases":8,"deaths":0},"2020-03-01":{"cases":8,"deaths":0},"2020-03-02":{"cases":8,"deaths":0},"2020-03-03":{"cases":9,"deaths":0},"2020-03-04":{"cases":12,"deaths":0},"2020-03-05":{"cases":13,"deaths":0},"2020-03-06":{"cases":21,"deaths":0},"2020-03-07":{"cases":21,"deaths":0},"2020-03-08":{"cases":27,"deaths":0},"2020-03-09":{"cases":32,"deaths":1},"2020-03-10":{"cases":32,"deaths":1},"2020-03-11":{"cases":39,"deaths":1},"2020-03-12":{"cases":46,"deaths":1},"2020-03-13":{"cases":64,"deaths":1},"2020-03-14":{"cases":64,"deaths":1},"2020-03-15":{"cases":73,"deaths":1},"2020-03-16":{"cases":103,"deaths":4},"2020-03-17":{"cases":103,"deaths":4},"2020-03-18":{"cases":186,"deaths":7},"2020-03-19":{"cases":231,"deaths":7},"2020-03-20":{"cases":271,"deaths":8},"2020-03-21":{"cases":424,"deaths":10},"2020-03-22":{"cases":424,"deaths":10},"2020-03-23":{"cases":472,"deaths":13},"2020-03-24":{"cases":617,"deaths":13},"2020-03-25":{"cases":617,"deaths":13},"2020-03-26":{"cases":725,"deaths":14},"2020-03-27":{"cases":725,"deaths":14},"2020-03-28":{"cases":884,"deaths":17},"2020-03-29":{"cases":884,"deaths":17},"2020-03-30":{"cases":970,"deaths":19},"2020-03-31":{"cases":1013,"deaths":24},"2020-04-01":{"cases":1013,"deaths":24},"2020-04-02":{"cases":1121,"deaths":31},"2020-04-03":{"cases":1174,"deaths":31},"2020-04-04":{"cases":1203,"deaths":38},"2020-04-05":{"cases":1203,"deaths":38},"2020-04-06":{"cases":1266,"deaths":38},"2020-04-07":{"cases":1266,"deaths":39},"2020-04-08":{"cases":1291,"deaths":43},"2020-04-09":{"cases":1336,"deaths":48},"2020-04-10":{"cases":1370,"deaths":50},"2020-04-11":{"cases":1445,"deaths":58},"2020-04-12":{"cases":1445,"deaths":58},"2020-04-13":{"cases":1490,"deaths":69},"2020-04-14":{"cases":1490,"deaths":69},"2020-04-15":{"cases":1517,"deaths":72},"2020-04-16":{"cases":1561,"deaths":75},"2020-04-17":{"cases":1575,"deaths":77},"2020-04-18":{"cases":1618,"deaths":78},"2020-04-19":{"cases":1647,"deaths":81},"2020-04-20":{"cases":1647,"deaths":82},"2020-04-21":{"cases":1724,"deaths":87},"2020-04-22":{"cases":1795,"deaths":90}}}