{"name":"Brunei","type":"country","dates":{"2020-01-22":{"cases":0,"deaths":0,"recoveries":0},"2020-01-23":{"cases":0,"deaths":0,"recoveries":0},"2020-01-24":{"cases":0,"deaths":0,"recoveries":0},"2020-01-25":{"cases":0,"deaths":0,"recoveries":0},"2020-01-26":{"cases":0,"deaths":0,"recoveries":0},"2020-01-27":{"cases":0,"deaths":0,"recoveries":0},"2020-01-28":{"cases":0,"deaths":0,"recoveries":0},"2020-01-29":{"cases":0,"deaths":0,"recoveries":0},"2020-01-30":{"cases":0,"deaths":0,"recoveries":0},"2020-01-31":{"cases":0,"deaths":0,"recoveries":0},"2020-02-01":{"cases":0,"deaths":0,"recoveries":0},"2020-02-02":{"cases":0,"deaths":0,"recoveries":0},"2020-02-03":{"cases":0,"deaths":0,"recoveries":0},"2020-02-04":{"cases":0,"deaths":0,"recoveries":0},"2020-02-05":{"cases":0,"deaths":0,"recoveries":0},"2020-02-06":{"cases":0,"deaths":0,"recoveries":0},"2020-02-07":{"cases":0,"deaths":0,"recoveries":0},"2020-02-08":{"cases":0,"deaths":0,"recoveries":0},"2020-02-09":{"cases":0,"deaths":0,"recoveries":0},"2020-02-10":{"cases":0,"deaths":0,"recoveries":0},"2020-02-11":{"cases":0,"deaths":0,"recoveries":0},"2020-02-12":{"cases":0,"deaths":0,"recoveries":0},"2020-02-13":{"cases":0,"deaths":0,"recoveries":0},"2020-02-14":{"cases":0,"deaths":0,"recoveries":0},"2020-02-15":{"cases":0,"deaths":0,"recoveries":0},"2020-02-16":{"cases":0,"deaths":0,"recoveries":0},"2020-02-17":{"cases":0,"deaths":0,"recoveries":0},"2020-02-18":{"cases":0,"deaths":0,"recoveries":0},"2020-02-19":{"cases":0,"deaths":0,"recoveries":0},"2020-02-20":{"cases":0,"deaths":0,"recoveries":0},"2020-02-21":{"cases":0,"deaths":0,"recoveries":0},"2020-02-22":{"cases":0,"deaths":0,"recoveries":0},"2020-02-23":{"cases":0,"deaths":0,"recoveries":0},"2020-02-24":{"cases":0,"deaths":0,"recoveries":0},"2020-02-25":{"cases":0,"deaths":0,"recoveries":0},"2020-02-26":{"cases":0,"deaths":0,"recoveries":0},"2020-02-27":{"cases":0,"deaths":0,"recoveries":0},"2020-02-28":{"cases":0,"deaths":0,"recoveries":0},"2020-02-29":{"cases":0,"deaths":0,"recoveries":0},"2020-03-01":{"cases":0,"deaths":0,"recoveries":0},"2020-03-02":{"cases":0,"deaths":0,"recoveries":0},"2020-03-03":{"cases":0,"deaths":0,"recoveries":0},"2020-03-04":{"cases":0,"deaths":0,"recoveries":0},"2020-03-05":{"cases":0,"deaths":0,"recoveries":0},"2020-03-06":{"cases":0,"deaths":0,"recoveries":0},"2020-03-07":{"cases":0,"deaths":0,"recoveries":0},"2020-03-08":{"cases":0,"deaths":0,"recoveries":0},"2020-03-09":{"cases":1,"deaths":0,"recoveries":0},"2020-03-10":{"cases":1,"deaths":0,"recoveries":0},"2020-03-11":{"cases":11,"deaths":0,"recoveries":0},"2020-03-12":{"cases":11,"deaths":0,"recoveries":0},"2020-03-13":{"cases":37,"deaths":0,"recoveries":0},"2020-03-14":{"cases":40,"deaths":0,"recoveries":0},"2020-03-15":{"cases":50,"deaths":0,"recoveries":0},"2020-03-16":{"cases":54,"deaths":0,"recoveries":0},"2020-03-17":{"cases":56,"deaths":0,"recoveries":0},"2020-03-18":{"cases":68,"deaths":0,"recoveries":0},"2020-03-19":{"cases":75,"deaths":0,"recoveries":0},"2020-03-20":{"cases":78,"deaths":0,"recoveries":1},"2020-03-21":{"cases":83,"deaths":0,"recoveries":2},"2020-03-22":{"cases":88,"deaths":0,"recoveries":2},"2020-03-23":{"cases":91,"deaths":0,"recoveries":2},"2020-03-24":{"cases":104,"deaths":0,"recoveries":2},"2020-03-25":{"cases":109,"deaths":0,"recoveries":2},"2020-03-26":{"cases":114,"deaths":0,"recoveries":5},"2020-03-27":{"cases":115,"deaths":0,"recoveries":11},"2020-03-28":{"cases":120,"deaths":1,"recoveries":25},"2020-03-29":{"cases":126,"deaths":1,"recoveries":34},"2020-03-30":{"cases":127,"deaths":1,"recoveries":38},"2020-03-31":{"cases":129,"deaths":1,"recoveries":45},"2020-04-01":{"cases":131,"deaths":1,"recoveries":52},"2020-04-02":{"cases":133,"deaths":1,"recoveries":56},"2020-04-03":{"cases":134,"deaths":1,"recoveries":65},"2020-04-04":{"cases":135,"deaths":1,"recoveries":66},"2020-04-05":{"cases":135,"deaths":1,"recoveries":73},"2020-04-06":{"cases":135,"deaths":1,"recoveries":82},"2020-04-07":{"cases":135,"deaths":1,"recoveries":85},"2020-04-08":{"cases":135,"deaths":1,"recoveries":91},"2020-04-09":{"cases":135,"deaths":1,"recoveries":92},"2020-04-10":{"cases":136,"deaths":1,"recoveries":99},"2020-04-11":{"cases":136,"deaths":1,"recoveries":104},"2020-04-12":{"cases":136,"deaths":1,"recoveries":106},"2020-04-13":{"cases":136,"deaths":1,"recoveries":107},"2020-04-14":{"cases":136,"deaths":1,"recoveries":107},"2020-04-15":{"cases":136,"deaths":1,"recoveries":108},"2020-04-16":{"cases":136,"deaths":1,"recoveries":108},"2020-04-17":{"cases":136,"deaths":1,"recoveries":112},"2020-04-18":{"cases":137,"deaths":1,"recoveries":113},"2020-04-19":{"cases":138,"deaths":1,"recoveries":115},"2020-04-20":{"cases":138,"deaths":1,"recoveries":116},"2020-04-21":{"cases":138,"deaths":1,"recoveries":116},"2020-04-22":{"cases":138,"deaths":1,"recoveries":117}}}