{"name":"Bulgaria","type":"country","dates":{"2020-01-22":{"cases":0,"deaths":0,"recoveries":0},"2020-01-23":{"cases":0,"deaths":0,"recoveries":0},"2020-01-24":{"cases":0,"deaths":0,"recoveries":0},"2020-01-25":{"cases":0,"deaths":0,"recoveries":0},"2020-01-26":{"cases":0,"deaths":0,"recoveries":0},"2020-01-27":{"cases":0,"deaths":0,"recoveries":0},"2020-01-28":{"cases":0,"deaths":0,"recoveries":0},"2020-01-29":{"cases":0,"deaths":0,"recoveries":0},"2020-01-30":{"cases":0,"deaths":0,"recoveries":0},"2020-01-31":{"cases":0,"deaths":0,"recoveries":0},"2020-02-01":{"cases":0,"deaths":0,"recoveries":0},"2020-02-02":{"cases":0,"deaths":0,"recoveries":0},"2020-02-03":{"cases":0,"deaths":0,"recoveries":0},"2020-02-04":{"cases":0,"deaths":0,"recoveries":0},"2020-02-05":{"cases":0,"deaths":0,"recoveries":0},"2020-02-06":{"cases":0,"deaths":0,"recoveries":0},"2020-02-07":{"cases":0,"deaths":0,"recoveries":0},"2020-02-08":{"cases":0,"deaths":0,"recoveries":0},"2020-02-09":{"cases":0,"deaths":0,"recoveries":0},"2020-02-10":{"cases":0,"deaths":0,"recoveries":0},"2020-02-11":{"cases":0,"deaths":0,"recoveries":0},"2020-02-12":{"cases":0,"deaths":0,"recoveries":0},"2020-02-13":{"cases":0,"deaths":0,"recoveries":0},"2020-02-14":{"cases":0,"deaths":0,"recoveries":0},"2020-02-15":{"cases":0,"deaths":0,"recoveries":0},"2020-02-16":{"cases":0,"deaths":0,"recoveries":0},"2020-02-17":{"cases":0,"deaths":0,"recoveries":0},"2020-02-18":{"cases":0,"deaths":0,"recoveries":0},"2020-02-19":{"cases":0,"deaths":0,"recoveries":0},"2020-02-20":{"cases":0,"deaths":0,"recoveries":0},"2020-02-21":{"cases":0,"deaths":0,"recoveries":0},"2020-02-22":{"cases":0,"deaths":0,"recoveries":0},"2020-02-23":{"cases":0,"deaths":0,"recoveries":0},"2020-02-24":{"cases":0,"deaths":0,"recoveries":0},"2020-02-25":{"cases":0,"deaths":0,"recoveries":0},"2020-02-26":{"cases":0,"deaths":0,"recoveries":0},"2020-02-27":{"cases":0,"deaths":0,"recoveries":0},"2020-02-28":{"cases":0,"deaths":0,"recoveries":0},"2020-02-29":{"cases":0,"deaths":0,"recoveries":0},"2020-03-01":{"cases":0,"deaths":0,"recoveries":0},"2020-03-02":{"cases":0,"deaths":0,"recoveries":0},"2020-03-03":{"cases":0,"deaths":0,"recoveries":0},"2020-03-04":{"cases":0,"deaths":0,"recoveries":0},"2020-03-05":{"cases":0,"deaths":0,"recoveries":0},"2020-03-06":{"cases":0,"deaths":0,"recoveries":0},"2020-03-07":{"cases":0,"deaths":0,"recoveries":0},"2020-03-08":{"cases":4,"deaths":0,"recoveries":0},"2020-03-09":{"cases":4,"deaths":0,"recoveries":0},"2020-03-10":{"cases":4,"deaths":0,"recoveries":0},"2020-03-11":{"cases":7,"deaths":1,"recoveries":0},"2020-03-12":{"cases":7,"deaths":1,"recoveries":0},"2020-03-13":{"cases":23,"deaths":1,"recoveries":0},"2020-03-14":{"cases":41,"deaths":2,"recoveries":0},"2020-03-15":{"cases":51,"deaths":2,"recoveries":0},"2020-03-16":{"cases":52,"deaths":2,"recoveries":0},"2020-03-17":{"cases":67,"deaths":2,"recoveries":0},"2020-03-18":{"cases":92,"deaths":2,"recoveries":0},"2020-03-19":{"cases":94,"deaths":3,"recoveries":0},"2020-03-20":{"cases":127,"deaths":3,"recoveries":0},"2020-03-21":{"cases":163,"deaths":3,"recoveries":3},"2020-03-22":{"cases":187,"deaths":3,"recoveries":3},"2020-03-23":{"cases":201,"deaths":3,"recoveries":3},"2020-03-24":{"cases":218,"deaths":3,"recoveries":3},"2020-03-25":{"cases":242,"deaths":3,"recoveries":4},"2020-03-26":{"cases":264,"deaths":3,"recoveries":8},"2020-03-27":{"cases":293,"deaths":3,"recoveries":9},"2020-03-28":{"cases":331,"deaths":7,"recoveries":11},"2020-03-29":{"cases":346,"deaths":8,"recoveries":14},"2020-03-30":{"cases":359,"deaths":8,"recoveries":17},"2020-03-31":{"cases":399,"deaths":8,"recoveries":17},"2020-04-01":{"cases":422,"deaths":10,"recoveries":20},"2020-04-02":{"cases":457,"deaths":10,"recoveries":25},"2020-04-03":{"cases":485,"deaths":14,"recoveries":30},"2020-04-04":{"cases":503,"deaths":17,"recoveries":34},"2020-04-05":{"cases":531,"deaths":20,"recoveries":37},"2020-04-06":{"cases":549,"deaths":22,"recoveries":39},"2020-04-07":{"cases":577,"deaths":23,"recoveries":42},"2020-04-08":{"cases":593,"deaths":24,"recoveries":42},"2020-04-09":{"cases":618,"deaths":24,"recoveries":48},"2020-04-10":{"cases":635,"deaths":25,"recoveries":54},"2020-04-11":{"cases":661,"deaths":28,"recoveries":62},"2020-04-12":{"cases":675,"deaths":29,"recoveries":68},"2020-04-13":{"cases":685,"deaths":32,"recoveries":71},"2020-04-14":{"cases":713,"deaths":35,"recoveries":81},"2020-04-15":{"cases":747,"deaths":36,"recoveries":105},"2020-04-16":{"cases":800,"deaths":38,"recoveries":122},"2020-04-17":{"cases":846,"deaths":41,"recoveries":141},"2020-04-18":{"cases":878,"deaths":41,"recoveries":153},"2020-04-19":{"cases":894,"deaths":42,"recoveries":161},"2020-04-20":{"cases":929,"deaths":43,"recoveries":167},"2020-04-21":{"cases":975,"deaths":45,"recoveries":170},"2020-04-22":{"cases":1024,"deaths":49,"recoveries":174}}}