{"name":"Burkina Faso","type":"country","dates":{"2020-01-22":{"cases":0,"deaths":0,"recoveries":0},"2020-01-23":{"cases":0,"deaths":0,"recoveries":0},"2020-01-24":{"cases":0,"deaths":0,"recoveries":0},"2020-01-25":{"cases":0,"deaths":0,"recoveries":0},"2020-01-26":{"cases":0,"deaths":0,"recoveries":0},"2020-01-27":{"cases":0,"deaths":0,"recoveries":0},"2020-01-28":{"cases":0,"deaths":0,"recoveries":0},"2020-01-29":{"cases":0,"deaths":0,"recoveries":0},"2020-01-30":{"cases":0,"deaths":0,"recoveries":0},"2020-01-31":{"cases":0,"deaths":0,"recoveries":0},"2020-02-01":{"cases":0,"deaths":0,"recoveries":0},"2020-02-02":{"cases":0,"deaths":0,"recoveries":0},"2020-02-03":{"cases":0,"deaths":0,"recoveries":0},"2020-02-04":{"cases":0,"deaths":0,"recoveries":0},"2020-02-05":{"cases":0,"deaths":0,"recoveries":0},"2020-02-06":{"cases":0,"deaths":0,"recoveries":0},"2020-02-07":{"cases":0,"deaths":0,"recoveries":0},"2020-02-08":{"cases":0,"deaths":0,"recoveries":0},"2020-02-09":{"cases":0,"deaths":0,"recoveries":0},"2020-02-10":{"cases":0,"deaths":0,"recoveries":0},"2020-02-11":{"cases":0,"deaths":0,"recoveries":0},"2020-02-12":{"cases":0,"deaths":0,"recoveries":0},"2020-02-13":{"cases":0,"deaths":0,"recoveries":0},"2020-02-14":{"cases":0,"deaths":0,"recoveries":0},"2020-02-15":{"cases":0,"deaths":0,"recoveries":0},"2020-02-16":{"cases":0,"deaths":0,"recoveries":0},"2020-02-17":{"cases":0,"deaths":0,"recoveries":0},"2020-02-18":{"cases":0,"deaths":0,"recoveries":0},"2020-02-19":{"cases":0,"deaths":0,"recoveries":0},"2020-02-20":{"cases":0,"deaths":0,"recoveries":0},"2020-02-21":{"cases":0,"deaths":0,"recoveries":0},"2020-02-22":{"cases":0,"deaths":0,"recoveries":0},"2020-02-23":{"cases":0,"deaths":0,"recoveries":0},"2020-02-24":{"cases":0,"deaths":0,"recoveries":0},"2020-02-25":{"cases":0,"deaths":0,"recoveries":0},"2020-02-26":{"cases":0,"deaths":0,"recoveries":0},"2020-02-27":{"cases":0,"deaths":0,"recoveries":0},"2020-02-28":{"cases":0,"deaths":0,"recoveries":0},"2020-02-29":{"cases":0,"deaths":0,"recoveries":0},"2020-03-01":{"cases":0,"deaths":0,"recoveries":0},"2020-03-02":{"cases":0,"deaths":0,"recoveries":0},"2020-03-03":{"cases":0,"deaths":0,"recoveries":0},"2020-03-04":{"cases":0,"deaths":0,"recoveries":0},"2020-03-05":{"cases":0,"deaths":0,"recoveries":0},"2020-03-06":{"cases":0,"deaths":0,"recoveries":0},"2020-03-07":{"cases":0,"deaths":0,"recoveries":0},"2020-03-08":{"cases":0,"deaths":0,"recoveries":0},"2020-03-09":{"cases":0,"deaths":0,"recoveries":0},"2020-03-10":{"cases":1,"deaths":0,"recoveries":0},"2020-03-11":{"cases":2,"deaths":0,"recoveries":0},"2020-03-12":{"cases":2,"deaths":0,"recoveries":0},"2020-03-13":{"cases":2,"deaths":0,"recoveries":0},"2020-03-14":{"cases":2,"deaths":0,"recoveries":0},"2020-03-15":{"cases":3,"deaths":0,"recoveries":0},"2020-03-16":{"cases":15,"deaths":0,"recoveries":0},"2020-03-17":{"cases":15,"deaths":0,"recoveries":0},"2020-03-18":{"cases":20,"deaths":1,"recoveries":0},"2020-03-19":{"cases":33,"deaths":1,"recoveries":0},"2020-03-20":{"cases":40,"deaths":1,"recoveries":0},"2020-03-21":{"cases":64,"deaths":2,"recoveries":5},"2020-03-22":{"cases":75,"deaths":4,"recoveries":5},"2020-03-23":{"cases":99,"deaths":4,"recoveries":5},"2020-03-24":{"cases":114,"deaths":4,"recoveries":7},"2020-03-25":{"cases":146,"deaths":4,"recoveries":10},"2020-03-26":{"cases":152,"deaths":7,"recoveries":10},"2020-03-27":{"cases":180,"deaths":9,"recoveries":12},"2020-03-28":{"cases":207,"deaths":11,"recoveries":21},"2020-03-29":{"cases":222,"deaths":12,"recoveries":23},"2020-03-30":{"cases":246,"deaths":12,"recoveries":31},"2020-03-31":{"cases":261,"deaths":14,"recoveries":32},"2020-04-01":{"cases":282,"deaths":16,"recoveries":46},"2020-04-02":{"cases":288,"deaths":16,"recoveries":50},"2020-04-03":{"cases":302,"deaths":16,"recoveries":50},"2020-04-04":{"cases":318,"deaths":16,"recoveries":66},"2020-04-05":{"cases":345,"deaths":17,"recoveries":90},"2020-04-06":{"cases":364,"deaths":18,"recoveries":108},"2020-04-07":{"cases":384,"deaths":19,"recoveries":127},"2020-04-08":{"cases":414,"deaths":23,"recoveries":134},"2020-04-09":{"cases":443,"deaths":24,"recoveries":146},"2020-04-10":{"cases":443,"deaths":24,"recoveries":146},"2020-04-11":{"cases":484,"deaths":27,"recoveries":155},"2020-04-12":{"cases":497,"deaths":27,"recoveries":161},"2020-04-13":{"cases":497,"deaths":27,"recoveries":161},"2020-04-14":{"cases":528,"deaths":30,"recoveries":177},"2020-04-15":{"cases":542,"deaths":32,"recoveries":226},"2020-04-16":{"cases":546,"deaths":32,"recoveries":257},"2020-04-17":{"cases":557,"deaths":35,"recoveries":294},"2020-04-18":{"cases":565,"deaths":36,"recoveries":321},"2020-04-19":{"cases":576,"deaths":36,"recoveries":338},"2020-04-20":{"cases":581,"deaths":38,"recoveries":357},"2020-04-21":{"cases":600,"deaths":38,"recoveries":362},"2020-04-22":{"cases":609,"deaths":39,"recoveries":389}}}