{"name":"Cambodia","type":"country","dates":{"2020-01-22":{"cases":0,"deaths":0,"recoveries":0},"2020-01-23":{"cases":0,"deaths":0,"recoveries":0},"2020-01-24":{"cases":0,"deaths":0,"recoveries":0},"2020-01-25":{"cases":0,"deaths":0,"recoveries":0},"2020-01-26":{"cases":0,"deaths":0,"recoveries":0},"2020-01-27":{"cases":1,"deaths":0,"recoveries":0},"2020-01-28":{"cases":1,"deaths":0,"recoveries":0},"2020-01-29":{"cases":1,"deaths":0,"recoveries":0},"2020-01-30":{"cases":1,"deaths":0,"recoveries":0},"2020-01-31":{"cases":1,"deaths":0,"recoveries":0},"2020-02-01":{"cases":1,"deaths":0,"recoveries":0},"2020-02-02":{"cases":1,"deaths":0,"recoveries":0},"2020-02-03":{"cases":1,"deaths":0,"recoveries":0},"2020-02-04":{"cases":1,"deaths":0,"recoveries":0},"2020-02-05":{"cases":1,"deaths":0,"recoveries":0},"2020-02-06":{"cases":1,"deaths":0,"recoveries":0},"2020-02-07":{"cases":1,"deaths":0,"recoveries":0},"2020-02-08":{"cases":1,"deaths":0,"recoveries":0},"2020-02-09":{"cases":1,"deaths":0,"recoveries":0},"2020-02-10":{"cases":1,"deaths":0,"recoveries":0},"2020-02-11":{"cases":1,"deaths":0,"recoveries":0},"2020-02-12":{"cases":1,"deaths":0,"recoveries":1},"2020-02-13":{"cases":1,"deaths":0,"recoveries":1},"2020-02-14":{"cases":1,"deaths":0,"recoveries":1},"2020-02-15":{"cases":1,"deaths":0,"recoveries":1},"2020-02-16":{"cases":1,"deaths":0,"recoveries":1},"2020-02-17":{"cases":1,"deaths":0,"recoveries":1},"2020-02-18":{"cases":1,"deaths":0,"recoveries":1},"2020-02-19":{"cases":1,"deaths":0,"recoveries":1},"2020-02-20":{"cases":1,"deaths":0,"recoveries":1},"2020-02-21":{"cases":1,"deaths":0,"recoveries":1},"2020-02-22":{"cases":1,"deaths":0,"recoveries":1},"2020-02-23":{"cases":1,"deaths":0,"recoveries":1},"2020-02-24":{"cases":1,"deaths":0,"recoveries":1},"2020-02-25":{"cases":1,"deaths":0,"recoveries":1},"2020-02-26":{"cases":1,"deaths":0,"recoveries":1},"2020-02-27":{"cases":1,"deaths":0,"recoveries":1},"2020-02-28":{"cases":1,"deaths":0,"recoveries":1},"2020-02-29":{"cases":1,"deaths":0,"recoveries":1},"2020-03-01":{"cases":1,"deaths":0,"recoveries":1},"2020-03-02":{"cases":1,"deaths":0,"recoveries":1},"2020-03-03":{"cases":1,"deaths":0,"recoveries":1},"2020-03-04":{"cases":1,"deaths":0,"recoveries":1},"2020-03-05":{"cases":1,"deaths":0,"recoveries":1},"2020-03-06":{"cases":1,"deaths":0,"recoveries":1},"2020-03-07":{"cases":1,"deaths":0,"recoveries":1},"2020-03-08":{"cases":2,"deaths":0,"recoveries":1},"2020-03-09":{"cases":2,"deaths":0,"recoveries":1},"2020-03-10":{"cases":2,"deaths":0,"recoveries":1},"2020-03-11":{"cases":3,"deaths":0,"recoveries":1},"2020-03-12":{"cases":3,"deaths":0,"recoveries":1},"2020-03-13":{"cases":5,"deaths":0,"recoveries":1},"2020-03-14":{"cases":7,"deaths":0,"recoveries":1},"2020-03-15":{"cases":7,"deaths":0,"recoveries":1},"2020-03-16":{"cases":7,"deaths":0,"recoveries":1},"2020-03-17":{"cases":33,"deaths":0,"recoveries":1},"2020-03-18":{"cases":35,"deaths":0,"recoveries":1},"2020-03-19":{"cases":37,"deaths":0,"recoveries":1},"2020-03-20":{"cases":51,"deaths":0,"recoveries":1},"2020-03-21":{"cases":53,"deaths":0,"recoveries":1},"2020-03-22":{"cases":84,"deaths":0,"recoveries":1},"2020-03-23":{"cases":87,"deaths":0,"recoveries":1},"2020-03-24":{"cases":91,"deaths":0,"recoveries":4},"2020-03-25":{"cases":96,"deaths":0,"recoveries":10},"2020-03-26":{"cases":96,"deaths":0,"recoveries":10},"2020-03-27":{"cases":99,"deaths":0,"recoveries":11},"2020-03-28":{"cases":99,"deaths":0,"recoveries":13},"2020-03-29":{"cases":103,"deaths":0,"recoveries":21},"2020-03-30":{"cases":107,"deaths":0,"recoveries":21},"2020-03-31":{"cases":109,"deaths":0,"recoveries":23},"2020-04-01":{"cases":109,"deaths":0,"recoveries":25},"2020-04-02":{"cases":110,"deaths":0,"recoveries":34},"2020-04-03":{"cases":114,"deaths":0,"recoveries":35},"2020-04-04":{"cases":114,"deaths":0,"recoveries":50},"2020-04-05":{"cases":114,"deaths":0,"recoveries":50},"2020-04-06":{"cases":114,"deaths":0,"recoveries":53},"2020-04-07":{"cases":115,"deaths":0,"recoveries":58},"2020-04-08":{"cases":117,"deaths":0,"recoveries":63},"2020-04-09":{"cases":119,"deaths":0,"recoveries":62},"2020-04-10":{"cases":119,"deaths":0,"recoveries":72},"2020-04-11":{"cases":120,"deaths":0,"recoveries":75},"2020-04-12":{"cases":122,"deaths":0,"recoveries":77},"2020-04-13":{"cases":122,"deaths":0,"recoveries":77},"2020-04-14":{"cases":122,"deaths":0,"recoveries":91},"2020-04-15":{"cases":122,"deaths":0,"recoveries":96},"2020-04-16":{"cases":122,"deaths":0,"recoveries":98},"2020-04-17":{"cases":122,"deaths":0,"recoveries":98},"2020-04-18":{"cases":122,"deaths":0,"recoveries":103},"2020-04-19":{"cases":122,"deaths":0,"recoveries":105},"2020-04-20":{"cases":122,"deaths":0,"recoveries":107},"2020-04-21":{"cases":122,"deaths":0,"recoveries":110},"2020-04-22":{"cases":122,"deaths":0,"recoveries":110}}}