{"name":"Cameroon","type":"country","dates":{"2020-01-22":{"cases":0,"deaths":0,"recoveries":0},"2020-01-23":{"cases":0,"deaths":0,"recoveries":0},"2020-01-24":{"cases":0,"deaths":0,"recoveries":0},"2020-01-25":{"cases":0,"deaths":0,"recoveries":0},"2020-01-26":{"cases":0,"deaths":0,"recoveries":0},"2020-01-27":{"cases":0,"deaths":0,"recoveries":0},"2020-01-28":{"cases":0,"deaths":0,"recoveries":0},"2020-01-29":{"cases":0,"deaths":0,"recoveries":0},"2020-01-30":{"cases":0,"deaths":0,"recoveries":0},"2020-01-31":{"cases":0,"deaths":0,"recoveries":0},"2020-02-01":{"cases":0,"deaths":0,"recoveries":0},"2020-02-02":{"cases":0,"deaths":0,"recoveries":0},"2020-02-03":{"cases":0,"deaths":0,"recoveries":0},"2020-02-04":{"cases":0,"deaths":0,"recoveries":0},"2020-02-05":{"cases":0,"deaths":0,"recoveries":0},"2020-02-06":{"cases":0,"deaths":0,"recoveries":0},"2020-02-07":{"cases":0,"deaths":0,"recoveries":0},"2020-02-08":{"cases":0,"deaths":0,"recoveries":0},"2020-02-09":{"cases":0,"deaths":0,"recoveries":0},"2020-02-10":{"cases":0,"deaths":0,"recoveries":0},"2020-02-11":{"cases":0,"deaths":0,"recoveries":0},"2020-02-12":{"cases":0,"deaths":0,"recoveries":0},"2020-02-13":{"cases":0,"deaths":0,"recoveries":0},"2020-02-14":{"cases":0,"deaths":0,"recoveries":0},"2020-02-15":{"cases":0,"deaths":0,"recoveries":0},"2020-02-16":{"cases":0,"deaths":0,"recoveries":0},"2020-02-17":{"cases":0,"deaths":0,"recoveries":0},"2020-02-18":{"cases":0,"deaths":0,"recoveries":0},"2020-02-19":{"cases":0,"deaths":0,"recoveries":0},"2020-02-20":{"cases":0,"deaths":0,"recoveries":0},"2020-02-21":{"cases":0,"deaths":0,"recoveries":0},"2020-02-22":{"cases":0,"deaths":0,"recoveries":0},"2020-02-23":{"cases":0,"deaths":0,"recoveries":0},"2020-02-24":{"cases":0,"deaths":0,"recoveries":0},"2020-02-25":{"cases":0,"deaths":0,"recoveries":0},"2020-02-26":{"cases":0,"deaths":0,"recoveries":0},"2020-02-27":{"cases":0,"deaths":0,"recoveries":0},"2020-02-28":{"cases":0,"deaths":0,"recoveries":0},"2020-02-29":{"cases":0,"deaths":0,"recoveries":0},"2020-03-01":{"cases":0,"deaths":0,"recoveries":0},"2020-03-02":{"cases":0,"deaths":0,"recoveries":0},"2020-03-03":{"cases":0,"deaths":0,"recoveries":0},"2020-03-04":{"cases":0,"deaths":0,"recoveries":0},"2020-03-05":{"cases":0,"deaths":0,"recoveries":0},"2020-03-06":{"cases":1,"deaths":0,"recoveries":0},"2020-03-07":{"cases":1,"deaths":0,"recoveries":0},"2020-03-08":{"cases":2,"deaths":0,"recoveries":0},"2020-03-09":{"cases":2,"deaths":0,"recoveries":0},"2020-03-10":{"cases":2,"deaths":0,"recoveries":0},"2020-03-11":{"cases":2,"deaths":0,"recoveries":0},"2020-03-12":{"cases":2,"deaths":0,"recoveries":0},"2020-03-13":{"cases":2,"deaths":0,"recoveries":0},"2020-03-14":{"cases":2,"deaths":0,"recoveries":0},"2020-03-15":{"cases":2,"deaths":0,"recoveries":0},"2020-03-16":{"cases":4,"deaths":0,"recoveries":0},"2020-03-17":{"cases":10,"deaths":0,"recoveries":0},"2020-03-18":{"cases":10,"deaths":0,"recoveries":0},"2020-03-19":{"cases":13,"deaths":0,"recoveries":0},"2020-03-20":{"cases":20,"deaths":0,"recoveries":0},"2020-03-21":{"cases":27,"deaths":0,"recoveries":0},"2020-03-22":{"cases":40,"deaths":0,"recoveries":0},"2020-03-23":{"cases":56,"deaths":0,"recoveries":0},"2020-03-24":{"cases":66,"deaths":0,"recoveries":0},"2020-03-25":{"cases":75,"deaths":1,"recoveries":2},"2020-03-26":{"cases":75,"deaths":1,"recoveries":2},"2020-03-27":{"cases":91,"deaths":2,"recoveries":2},"2020-03-28":{"cases":91,"deaths":2,"recoveries":2},"2020-03-29":{"cases":139,"deaths":6,"recoveries":5},"2020-03-30":{"cases":139,"deaths":6,"recoveries":5},"2020-03-31":{"cases":193,"deaths":6,"recoveries":5},"2020-04-01":{"cases":233,"deaths":6,"recoveries":10},"2020-04-02":{"cases":306,"deaths":7,"recoveries":10},"2020-04-03":{"cases":509,"deaths":8,"recoveries":17},"2020-04-04":{"cases":555,"deaths":9,"recoveries":17},"2020-04-05":{"cases":650,"deaths":9,"recoveries":17},"2020-04-06":{"cases":658,"deaths":9,"recoveries":17},"2020-04-07":{"cases":658,"deaths":9,"recoveries":43},"2020-04-08":{"cases":730,"deaths":10,"recoveries":60},"2020-04-09":{"cases":730,"deaths":10,"recoveries":60},"2020-04-10":{"cases":820,"deaths":12,"recoveries":98},"2020-04-11":{"cases":820,"deaths":12,"recoveries":98},"2020-04-12":{"cases":820,"deaths":12,"recoveries":98},"2020-04-13":{"cases":820,"deaths":12,"recoveries":98},"2020-04-14":{"cases":848,"deaths":14,"recoveries":130},"2020-04-15":{"cases":848,"deaths":17,"recoveries":165},"2020-04-16":{"cases":996,"deaths":22,"recoveries":164},"2020-04-17":{"cases":996,"deaths":22,"recoveries":164},"2020-04-18":{"cases":1017,"deaths":22,"recoveries":177},"2020-04-19":{"cases":1017,"deaths":42,"recoveries":305},"2020-04-20":{"cases":1163,"deaths":42,"recoveries":305},"2020-04-21":{"cases":1163,"deaths":43,"recoveries":329},"2020-04-22":{"cases":1163,"deaths":43,"recoveries":397}}}