{"name":"Canada","type":"country","dates":{"2020-01-22":{"cases":0,"deaths":0,"recoveries":0},"2020-01-23":{"cases":0,"deaths":0,"recoveries":0},"2020-01-24":{"cases":0,"deaths":0,"recoveries":0},"2020-01-25":{"cases":0,"deaths":0,"recoveries":0},"2020-01-26":{"cases":1,"deaths":0,"recoveries":0},"2020-01-27":{"cases":1,"deaths":0,"recoveries":0},"2020-01-28":{"cases":2,"deaths":0,"recoveries":0},"2020-01-29":{"cases":2,"deaths":0,"recoveries":0},"2020-01-30":{"cases":2,"deaths":0,"recoveries":0},"2020-01-31":{"cases":4,"deaths":0,"recoveries":0},"2020-02-01":{"cases":4,"deaths":0,"recoveries":0},"2020-02-02":{"cases":4,"deaths":0,"recoveries":0},"2020-02-03":{"cases":4,"deaths":0,"recoveries":0},"2020-02-04":{"cases":4,"deaths":0,"recoveries":0},"2020-02-05":{"cases":5,"deaths":0,"recoveries":0},"2020-02-06":{"cases":5,"deaths":0,"recoveries":0},"2020-02-07":{"cases":7,"deaths":0,"recoveries":0},"2020-02-08":{"cases":7,"deaths":0,"recoveries":0},"2020-02-09":{"cases":7,"deaths":0,"recoveries":0},"2020-02-10":{"cases":7,"deaths":0,"recoveries":0},"2020-02-11":{"cases":7,"deaths":0,"recoveries":0},"2020-02-12":{"cases":7,"deaths":0,"recoveries":1},"2020-02-13":{"cases":7,"deaths":0,"recoveries":1},"2020-02-14":{"cases":7,"deaths":0,"recoveries":1},"2020-02-15":{"cases":7,"deaths":0,"recoveries":1},"2020-02-16":{"cases":7,"deaths":0,"recoveries":1},"2020-02-17":{"cases":8,"deaths":0,"recoveries":1},"2020-02-18":{"cases":8,"deaths":0,"recoveries":1},"2020-02-19":{"cases":8,"deaths":0,"recoveries":1},"2020-02-20":{"cases":8,"deaths":0,"recoveries":1},"2020-02-21":{"cases":9,"deaths":0,"recoveries":3},"2020-02-22":{"cases":9,"deaths":0,"recoveries":3},"2020-02-23":{"cases":9,"deaths":0,"recoveries":3},"2020-02-24":{"cases":10,"deaths":0,"recoveries":3},"2020-02-25":{"cases":11,"deaths":0,"recoveries":3},"2020-02-26":{"cases":11,"deaths":0,"recoveries":3},"2020-02-27":{"cases":13,"deaths":0,"recoveries":6},"2020-02-28":{"cases":14,"deaths":0,"recoveries":6},"2020-02-29":{"cases":20,"deaths":0,"recoveries":6},"2020-03-01":{"cases":24,"deaths":0,"recoveries":6},"2020-03-02":{"cases":27,"deaths":0,"recoveries":6},"2020-03-03":{"cases":30,"deaths":0,"recoveries":6},"2020-03-04":{"cases":33,"deaths":0,"recoveries":6},"2020-03-05":{"cases":37,"deaths":0,"recoveries":6},"2020-03-06":{"cases":49,"deaths":0,"recoveries":6},"2020-03-07":{"cases":54,"deaths":0,"recoveries":8},"2020-03-08":{"cases":64,"deaths":0,"recoveries":8},"2020-03-09":{"cases":77,"deaths":1,"recoveries":8},"2020-03-10":{"cases":79,"deaths":1,"recoveries":8},"2020-03-11":{"cases":108,"deaths":1,"recoveries":8},"2020-03-12":{"cases":117,"deaths":1,"recoveries":8},"2020-03-13":{"cases":193,"deaths":1,"recoveries":8},"2020-03-14":{"cases":198,"deaths":1,"recoveries":8},"2020-03-15":{"cases":252,"deaths":1,"recoveries":8},"2020-03-16":{"cases":415,"deaths":4,"recoveries":9},"2020-03-17":{"cases":478,"deaths":5,"recoveries":9},"2020-03-18":{"cases":657,"deaths":8,"recoveries":9},"2020-03-19":{"cases":800,"deaths":9,"recoveries":9},"2020-03-20":{"cases":943,"deaths":12,"recoveries":9},"2020-03-21":{"cases":1277,"deaths":19,"recoveries":10},"2020-03-22":{"cases":1469,"deaths":21,"recoveries":10},"2020-03-23":{"cases":2088,"deaths":25,"recoveries":10},"2020-03-24":{"cases":2790,"deaths":26,"recoveries":110},"2020-03-25":{"cases":3251,"deaths":30,"recoveries":183},"2020-03-26":{"cases":4042,"deaths":38,"recoveries":184},"2020-03-27":{"cases":4682,"deaths":54,"recoveries":256},"2020-03-28":{"cases":5576,"deaths":61,"recoveries":466},"2020-03-29":{"cases":6280,"deaths":64,"recoveries":466},"2020-03-30":{"cases":7398,"deaths":80,"recoveries":466},"2020-03-31":{"cases":8527,"deaths":101,"recoveries":1592},"2020-04-01":{"cases":9560,"deaths":109,"recoveries":1324},"2020-04-02":{"cases":11284,"deaths":139,"recoveries":1735},"2020-04-03":{"cases":12437,"deaths":179,"recoveries":2175},"2020-04-04":{"cases":12978,"deaths":218,"recoveries":2577},"2020-04-05":{"cases":15756,"deaths":259,"recoveries":3012},"2020-04-06":{"cases":16563,"deaths":339,"recoveries":3256},"2020-04-07":{"cases":17872,"deaths":375,"recoveries":3791},"2020-04-08":{"cases":19141,"deaths":407,"recoveries":4154},"2020-04-09":{"cases":20654,"deaths":503,"recoveries":5162},"2020-04-10":{"cases":22059,"deaths":557,"recoveries":5855},"2020-04-11":{"cases":23316,"deaths":654,"recoveries":6589},"2020-04-12":{"cases":24298,"deaths":714,"recoveries":7123},"2020-04-13":{"cases":25679,"deaths":779,"recoveries":7758},"2020-04-14":{"cases":27034,"deaths":899,"recoveries":8210},"2020-04-15":{"cases":28208,"deaths":1006,"recoveries":8966},"2020-04-16":{"cases":30808,"deaths":1257,"recoveries":9698},"2020-04-17":{"cases":32813,"deaths":1354,"recoveries":10545},"2020-04-18":{"cases":34355,"deaths":1399,"recoveries":10964},"2020-04-19":{"cases":35632,"deaths":1563,"recoveries":11847},"2020-04-20":{"cases":37657,"deaths":1725,"recoveries":12543},"2020-04-21":{"cases":39401,"deaths":1908,"recoveries":13188},"2020-04-22":{"cases":41648,"deaths":2075,"recoveries":14454}}}