{"name":"Channel Islands","country":"United Kingdom","type":"region","dates":{"2020-01-22":{"cases":0,"deaths":0,"recoveries":0},"2020-01-23":{"cases":0,"deaths":0,"recoveries":0},"2020-01-24":{"cases":0,"deaths":0,"recoveries":0},"2020-01-25":{"cases":0,"deaths":0,"recoveries":0},"2020-01-26":{"cases":0,"deaths":0,"recoveries":0},"2020-01-27":{"cases":0,"deaths":0,"recoveries":0},"2020-01-28":{"cases":0,"deaths":0,"recoveries":0},"2020-01-29":{"cases":0,"deaths":0,"recoveries":0},"2020-01-30":{"cases":0,"deaths":0,"recoveries":0},"2020-01-31":{"cases":0,"deaths":0,"recoveries":0},"2020-02-01":{"cases":0,"deaths":0,"recoveries":0},"2020-02-02":{"cases":0,"deaths":0,"recoveries":0},"2020-02-03":{"cases":0,"deaths":0,"recoveries":0},"2020-02-04":{"cases":0,"deaths":0,"recoveries":0},"2020-02-05":{"cases":0,"deaths":0,"recoveries":0},"2020-02-06":{"cases":0,"deaths":0,"recoveries":0},"2020-02-07":{"cases":0,"deaths":0,"recoveries":0},"2020-02-08":{"cases":0,"deaths":0,"recoveries":0},"2020-02-09":{"cases":0,"deaths":0,"recoveries":0},"2020-02-10":{"cases":0,"deaths":0,"recoveries":0},"2020-02-11":{"cases":0,"deaths":0,"recoveries":0},"2020-02-12":{"cases":0,"deaths":0,"recoveries":0},"2020-02-13":{"cases":0,"deaths":0,"recoveries":0},"2020-02-14":{"cases":0,"deaths":0,"recoveries":0},"2020-02-15":{"cases":0,"deaths":0,"recoveries":0},"2020-02-16":{"cases":0,"deaths":0,"recoveries":0},"2020-02-17":{"cases":0,"deaths":0,"recoveries":0},"2020-02-18":{"cases":0,"deaths":0,"recoveries":0},"2020-02-19":{"cases":0,"deaths":0,"recoveries":0},"2020-02-20":{"cases":0,"deaths":0,"recoveries":0},"2020-02-21":{"cases":0,"deaths":0,"recoveries":0},"2020-02-22":{"cases":0,"deaths":0,"recoveries":0},"2020-02-23":{"cases":0,"deaths":0,"recoveries":0},"2020-02-24":{"cases":0,"deaths":0,"recoveries":0},"2020-02-25":{"cases":0,"deaths":0,"recoveries":0},"2020-02-26":{"cases":0,"deaths":0,"recoveries":0},"2020-02-27":{"cases":0,"deaths":0,"recoveries":0},"2020-02-28":{"cases":0,"deaths":0,"recoveries":0},"2020-02-29":{"cases":0,"deaths":0,"recoveries":0},"2020-03-01":{"cases":0,"deaths":0,"recoveries":0},"2020-03-02":{"cases":0,"deaths":0,"recoveries":0},"2020-03-03":{"cases":0,"deaths":0,"recoveries":0},"2020-03-04":{"cases":0,"deaths":0,"recoveries":0},"2020-03-05":{"cases":0,"deaths":0,"recoveries":0},"2020-03-06":{"cases":0,"deaths":0,"recoveries":0},"2020-03-07":{"cases":0,"deaths":0,"recoveries":0},"2020-03-08":{"cases":0,"deaths":0,"recoveries":0},"2020-03-09":{"cases":0,"deaths":0,"recoveries":0},"2020-03-10":{"cases":1,"deaths":0,"recoveries":0},"2020-03-11":{"cases":2,"deaths":0,"recoveries":0},"2020-03-12":{"cases":2,"deaths":0,"recoveries":0},"2020-03-13":{"cases":2,"deaths":0,"recoveries":0},"2020-03-14":{"cases":2,"deaths":0,"recoveries":0},"2020-03-15":{"cases":3,"deaths":0,"recoveries":0},"2020-03-16":{"cases":6,"deaths":0,"recoveries":0},"2020-03-17":{"cases":6,"deaths":0,"recoveries":0},"2020-03-18":{"cases":6,"deaths":0,"recoveries":0},"2020-03-19":{"cases":11,"deaths":0,"recoveries":0},"2020-03-20":{"cases":14,"deaths":0,"recoveries":0},"2020-03-21":{"cases":32,"deaths":0,"recoveries":0},"2020-03-22":{"cases":32,"deaths":0,"recoveries":0},"2020-03-23":{"cases":36,"deaths":0,"recoveries":0},"2020-03-24":{"cases":36,"deaths":0,"recoveries":0},"2020-03-25":{"cases":46,"deaths":0,"recoveries":0},"2020-03-26":{"cases":66,"deaths":1,"recoveries":0},"2020-03-27":{"cases":88,"deaths":1,"recoveries":0},"2020-03-28":{"cases":97,"deaths":1,"recoveries":0},"2020-03-29":{"cases":108,"deaths":2,"recoveries":0},"2020-03-30":{"cases":141,"deaths":2,"recoveries":0},"2020-03-31":{"cases":141,"deaths":3,"recoveries":0},"2020-04-01":{"cases":172,"deaths":3,"recoveries":0},"2020-04-02":{"cases":193,"deaths":3,"recoveries":0},"2020-04-03":{"cases":232,"deaths":4,"recoveries":13},"2020-04-04":{"cases":262,"deaths":5,"recoveries":13},"2020-04-05":{"cases":309,"deaths":6,"recoveries":27},"2020-04-06":{"cases":323,"deaths":7,"recoveries":27},"2020-04-07":{"cases":335,"deaths":7,"recoveries":34},"2020-04-08":{"cases":351,"deaths":8,"recoveries":38},"2020-04-09":{"cases":361,"deaths":8,"recoveries":40},"2020-04-10":{"cases":398,"deaths":9,"recoveries":40},"2020-04-11":{"cases":407,"deaths":9,"recoveries":48},"2020-04-12":{"cases":431,"deaths":9,"recoveries":48},"2020-04-13":{"cases":436,"deaths":9,"recoveries":48},"2020-04-14":{"cases":440,"deaths":13,"recoveries":48},"2020-04-15":{"cases":447,"deaths":15,"recoveries":69},"2020-04-16":{"cases":457,"deaths":19,"recoveries":73},"2020-04-17":{"cases":470,"deaths":20,"recoveries":73},"2020-04-18":{"cases":484,"deaths":21,"recoveries":73},"2020-04-19":{"cases":488,"deaths":21,"recoveries":73},"2020-04-20":{"cases":488,"deaths":24,"recoveries":73},"2020-04-21":{"cases":496,"deaths":24,"recoveries":256},"2020-04-22":{"cases":498,"deaths":28,"recoveries":285}}}