{"name":"Chile","type":"country","dates":{"2020-01-22":{"cases":0,"deaths":0,"recoveries":0},"2020-01-23":{"cases":0,"deaths":0,"recoveries":0},"2020-01-24":{"cases":0,"deaths":0,"recoveries":0},"2020-01-25":{"cases":0,"deaths":0,"recoveries":0},"2020-01-26":{"cases":0,"deaths":0,"recoveries":0},"2020-01-27":{"cases":0,"deaths":0,"recoveries":0},"2020-01-28":{"cases":0,"deaths":0,"recoveries":0},"2020-01-29":{"cases":0,"deaths":0,"recoveries":0},"2020-01-30":{"cases":0,"deaths":0,"recoveries":0},"2020-01-31":{"cases":0,"deaths":0,"recoveries":0},"2020-02-01":{"cases":0,"deaths":0,"recoveries":0},"2020-02-02":{"cases":0,"deaths":0,"recoveries":0},"2020-02-03":{"cases":0,"deaths":0,"recoveries":0},"2020-02-04":{"cases":0,"deaths":0,"recoveries":0},"2020-02-05":{"cases":0,"deaths":0,"recoveries":0},"2020-02-06":{"cases":0,"deaths":0,"recoveries":0},"2020-02-07":{"cases":0,"deaths":0,"recoveries":0},"2020-02-08":{"cases":0,"deaths":0,"recoveries":0},"2020-02-09":{"cases":0,"deaths":0,"recoveries":0},"2020-02-10":{"cases":0,"deaths":0,"recoveries":0},"2020-02-11":{"cases":0,"deaths":0,"recoveries":0},"2020-02-12":{"cases":0,"deaths":0,"recoveries":0},"2020-02-13":{"cases":0,"deaths":0,"recoveries":0},"2020-02-14":{"cases":0,"deaths":0,"recoveries":0},"2020-02-15":{"cases":0,"deaths":0,"recoveries":0},"2020-02-16":{"cases":0,"deaths":0,"recoveries":0},"2020-02-17":{"cases":0,"deaths":0,"recoveries":0},"2020-02-18":{"cases":0,"deaths":0,"recoveries":0},"2020-02-19":{"cases":0,"deaths":0,"recoveries":0},"2020-02-20":{"cases":0,"deaths":0,"recoveries":0},"2020-02-21":{"cases":0,"deaths":0,"recoveries":0},"2020-02-22":{"cases":0,"deaths":0,"recoveries":0},"2020-02-23":{"cases":0,"deaths":0,"recoveries":0},"2020-02-24":{"cases":0,"deaths":0,"recoveries":0},"2020-02-25":{"cases":0,"deaths":0,"recoveries":0},"2020-02-26":{"cases":0,"deaths":0,"recoveries":0},"2020-02-27":{"cases":0,"deaths":0,"recoveries":0},"2020-02-28":{"cases":0,"deaths":0,"recoveries":0},"2020-02-29":{"cases":0,"deaths":0,"recoveries":0},"2020-03-01":{"cases":0,"deaths":0,"recoveries":0},"2020-03-02":{"cases":0,"deaths":0,"recoveries":0},"2020-03-03":{"cases":1,"deaths":0,"recoveries":0},"2020-03-04":{"cases":1,"deaths":0,"recoveries":0},"2020-03-05":{"cases":4,"deaths":0,"recoveries":0},"2020-03-06":{"cases":4,"deaths":0,"recoveries":0},"2020-03-07":{"cases":4,"deaths":0,"recoveries":0},"2020-03-08":{"cases":8,"deaths":0,"recoveries":0},"2020-03-09":{"cases":8,"deaths":0,"recoveries":0},"2020-03-10":{"cases":13,"deaths":0,"recoveries":0},"2020-03-11":{"cases":23,"deaths":0,"recoveries":0},"2020-03-12":{"cases":23,"deaths":0,"recoveries":0},"2020-03-13":{"cases":43,"deaths":0,"recoveries":0},"2020-03-14":{"cases":61,"deaths":0,"recoveries":0},"2020-03-15":{"cases":74,"deaths":0,"recoveries":0},"2020-03-16":{"cases":155,"deaths":0,"recoveries":0},"2020-03-17":{"cases":201,"deaths":0,"recoveries":0},"2020-03-18":{"cases":238,"deaths":0,"recoveries":0},"2020-03-19":{"cases":238,"deaths":0,"recoveries":0},"2020-03-20":{"cases":434,"deaths":0,"recoveries":6},"2020-03-21":{"cases":537,"deaths":0,"recoveries":6},"2020-03-22":{"cases":632,"deaths":1,"recoveries":8},"2020-03-23":{"cases":746,"deaths":2,"recoveries":8},"2020-03-24":{"cases":922,"deaths":2,"recoveries":17},"2020-03-25":{"cases":1142,"deaths":3,"recoveries":22},"2020-03-26":{"cases":1306,"deaths":4,"recoveries":22},"2020-03-27":{"cases":1610,"deaths":5,"recoveries":43},"2020-03-28":{"cases":1909,"deaths":6,"recoveries":61},"2020-03-29":{"cases":2139,"deaths":7,"recoveries":75},"2020-03-30":{"cases":2449,"deaths":8,"recoveries":156},"2020-03-31":{"cases":2738,"deaths":12,"recoveries":156},"2020-04-01":{"cases":3031,"deaths":16,"recoveries":234},"2020-04-02":{"cases":3404,"deaths":18,"recoveries":335},"2020-04-03":{"cases":3737,"deaths":22,"recoveries":427},"2020-04-04":{"cases":4161,"deaths":27,"recoveries":528},"2020-04-05":{"cases":4471,"deaths":34,"recoveries":618},"2020-04-06":{"cases":4815,"deaths":37,"recoveries":728},"2020-04-07":{"cases":5116,"deaths":43,"recoveries":898},"2020-04-08":{"cases":5546,"deaths":48,"recoveries":1115},"2020-04-09":{"cases":5972,"deaths":57,"recoveries":1274},"2020-04-10":{"cases":6501,"deaths":65,"recoveries":1571},"2020-04-11":{"cases":6927,"deaths":73,"recoveries":1864},"2020-04-12":{"cases":7213,"deaths":80,"recoveries":2059},"2020-04-13":{"cases":7525,"deaths":82,"recoveries":2367},"2020-04-14":{"cases":7917,"deaths":92,"recoveries":2646},"2020-04-15":{"cases":8273,"deaths":94,"recoveries":2937},"2020-04-16":{"cases":8807,"deaths":105,"recoveries":3299},"2020-04-17":{"cases":9252,"deaths":116,"recoveries":3621},"2020-04-18":{"cases":9730,"deaths":126,"recoveries":4035},"2020-04-19":{"cases":10088,"deaths":133,"recoveries":4338},"2020-04-20":{"cases":10507,"deaths":139,"recoveries":4676},"2020-04-21":{"cases":10832,"deaths":147,"recoveries":4969},"2020-04-22":{"cases":11296,"deaths":160,"recoveries":5386}}}