{"name":"China","type":"country","dates":{"2019-12-31":{"cases":27,"deaths":0,"recoveries":0},"2020-01-01":{"cases":27,"deaths":0,"recoveries":0},"2020-01-02":{"cases":27,"deaths":0,"recoveries":0},"2020-01-03":{"cases":44,"deaths":0,"recoveries":0},"2020-01-04":{"cases":44,"deaths":0,"recoveries":0},"2020-01-05":{"cases":59,"deaths":0,"recoveries":0},"2020-01-06":{"cases":59,"deaths":0,"recoveries":0},"2020-01-07":{"cases":59,"deaths":0,"recoveries":0},"2020-01-08":{"cases":59,"deaths":0,"recoveries":0},"2020-01-09":{"cases":59,"deaths":0,"recoveries":0},"2020-01-10":{"cases":59,"deaths":0,"recoveries":0},"2020-01-11":{"cases":59,"deaths":0,"recoveries":0},"2020-01-12":{"cases":59,"deaths":0,"recoveries":0},"2020-01-13":{"cases":59,"deaths":1,"recoveries":0},"2020-01-14":{"cases":59,"deaths":1,"recoveries":0},"2020-01-15":{"cases":59,"deaths":1,"recoveries":0},"2020-01-16":{"cases":59,"deaths":1,"recoveries":0},"2020-01-17":{"cases":63,"deaths":2,"recoveries":0},"2020-01-18":{"cases":80,"deaths":2,"recoveries":0},"2020-01-19":{"cases":216,"deaths":2,"recoveries":0},"2020-01-20":{"cases":235,"deaths":2,"recoveries":0},"2020-01-21":{"cases":386,"deaths":3,"recoveries":0},"2020-01-22":{"cases":548,"deaths":17,"recoveries":28},"2020-01-23":{"cases":643,"deaths":18,"recoveries":30},"2020-01-24":{"cases":920,"deaths":26,"recoveries":36},"2020-01-25":{"cases":1406,"deaths":42,"recoveries":39},"2020-01-26":{"cases":2075,"deaths":56,"recoveries":49},"2020-01-27":{"cases":2877,"deaths":82,"recoveries":58},"2020-01-28":{"cases":5509,"deaths":131,"recoveries":101},"2020-01-29":{"cases":6087,"deaths":133,"recoveries":120},"2020-01-30":{"cases":8141,"deaths":171,"recoveries":135},"2020-01-31":{"cases":9802,"deaths":213,"recoveries":214},"2020-02-01":{"cases":11891,"deaths":259,"recoveries":275},"2020-02-02":{"cases":16630,"deaths":361,"recoveries":463},"2020-02-03":{"cases":19716,"deaths":425,"recoveries":614},"2020-02-04":{"cases":23707,"deaths":491,"recoveries":843},"2020-02-05":{"cases":27440,"deaths":563,"recoveries":1115},"2020-02-06":{"cases":30587,"deaths":633,"recoveries":1477},"2020-02-07":{"cases":34110,"deaths":718,"recoveries":1999},"2020-02-08":{"cases":36814,"deaths":805,"recoveries":2596},"2020-02-09":{"cases":39829,"deaths":905,"recoveries":3219},"2020-02-10":{"cases":42354,"deaths":1012,"recoveries":3918},"2020-02-11":{"cases":44386,"deaths":1112,"recoveries":4636},"2020-02-12":{"cases":44759,"deaths":1117,"recoveries":5082},"2020-02-13":{"cases":59895,"deaths":1369,"recoveries":6217},"2020-02-14":{"cases":66358,"deaths":1521,"recoveries":7977},"2020-02-15":{"cases":68413,"deaths":1663,"recoveries":9298},"2020-02-16":{"cases":70513,"deaths":1766,"recoveries":10755},"2020-02-17":{"cases":72434,"deaths":1864,"recoveries":12462},"2020-02-18":{"cases":74211,"deaths":2003,"recoveries":14206},"2020-02-19":{"cases":74619,"deaths":2116,"recoveries":15962},"2020-02-20":{"cases":75077,"deaths":2238,"recoveries":18014},"2020-02-21":{"cases":75550,"deaths":2238,"recoveries":18704},"2020-02-22":{"cases":77001,"deaths":2443,"recoveries":22699},"2020-02-23":{"cases":77022,"deaths":2445,"recoveries":23187},"2020-02-24":{"cases":77241,"deaths":2595,"recoveries":25015},"2020-02-25":{"cases":77754,"deaths":2665,"recoveries":27676},"2020-02-26":{"cases":78166,"deaths":2717,"recoveries":30084},"2020-02-27":{"cases":78600,"deaths":2746,"recoveries":32930},"2020-02-28":{"cases":78928,"deaths":2790,"recoveries":36329},"2020-02-29":{"cases":79356,"deaths":2837,"recoveries":39320},"2020-03-01":{"cases":79932,"deaths":2872,"recoveries":42162},"2020-03-02":{"cases":80136,"deaths":2914,"recoveries":44854},"2020-03-03":{"cases":80261,"deaths":2947,"recoveries":47450},"2020-03-04":{"cases":80386,"deaths":2983,"recoveries":50001},"2020-03-05":{"cases":80537,"deaths":3015,"recoveries":52292},"2020-03-06":{"cases":80690,"deaths":3044,"recoveries":53944},"2020-03-07":{"cases":80770,"deaths":3072,"recoveries":55539},"2020-03-08":{"cases":80823,"deaths":3100,"recoveries":57388},"2020-03-09":{"cases":80860,"deaths":3123,"recoveries":58804},"2020-03-10":{"cases":80887,"deaths":3139,"recoveries":60181},"2020-03-11":{"cases":80921,"deaths":3161,"recoveries":61644},"2020-03-12":{"cases":80932,"deaths":3172,"recoveries":62901},"2020-03-13":{"cases":80945,"deaths":3180,"recoveries":64196},"2020-03-14":{"cases":80977,"deaths":3193,"recoveries":65660},"2020-03-15":{"cases":81003,"deaths":3203,"recoveries":67017},"2020-03-16":{"cases":81033,"deaths":3217,"recoveries":67910},"2020-03-17":{"cases":81058,"deaths":3230,"recoveries":68798},"2020-03-18":{"cases":81102,"deaths":3241,"recoveries":69755},"2020-03-19":{"cases":81156,"deaths":3249,"recoveries":70535},"2020-03-20":{"cases":81250,"deaths":3253,"recoveries":71266},"2020-03-21":{"cases":81305,"deaths":3259,"recoveries":71857},"2020-03-22":{"cases":81435,"deaths":3274,"recoveries":72362},"2020-03-23":{"cases":81498,"deaths":3274,"recoveries":72814},"2020-03-24":{"cases":81591,"deaths":3281,"recoveries":73280},"2020-03-25":{"cases":81661,"deaths":3285,"recoveries":73773},"2020-03-26":{"cases":81782,"deaths":3291,"recoveries":74181},"2020-03-27":{"cases":81897,"deaths":3296,"recoveries":74720},"2020-03-28":{"cases":81999,"deaths":3299,"recoveries":75100},"2020-03-29":{"cases":82122,"deaths":3304,"recoveries":75582},"2020-03-30":{"cases":82198,"deaths":3308,"recoveries":75923},"2020-03-31":{"cases":82279,"deaths":3309,"recoveries":76206},"2020-04-01":{"cases":82361,"deaths":3316,"recoveries":76405},"2020-04-02":{"cases":82432,"deaths":3322,"recoveries":76565},"2020-04-03":{"cases":82511,"deaths":3326,"recoveries":76760},"2020-04-04":{"cases":82543,"deaths":3330,"recoveries":76946},"2020-04-05":{"cases":82602,"deaths":3333,"recoveries":77207},"2020-04-06":{"cases":82665,"deaths":3335,"recoveries":77310},"2020-04-07":{"cases":82718,"deaths":3335,"recoveries":77410},"2020-04-08":{"cases":82809,"deaths":3337,"recoveries":77567},"2020-04-09":{"cases":82883,"deaths":3339,"recoveries":77679},"2020-04-10":{"cases":82941,"deaths":3340,"recoveries":77791},"2020-04-11":{"cases":83014,"deaths":3343,"recoveries":77877},"2020-04-12":{"cases":83134,"deaths":3343,"recoveries":77956},"2020-04-13":{"cases":83213,"deaths":3345,"recoveries":78039},"2020-04-14":{"cases":83306,"deaths":3345,"recoveries":78200},"2020-04-15":{"cases":83356,"deaths":3346,"recoveries":78311},"2020-04-16":{"cases":83403,"deaths":3346,"recoveries":78401},"2020-04-17":{"cases":83760,"deaths":4636,"recoveries":77552},"2020-04-18":{"cases":83787,"deaths":4636,"recoveries":77614},"2020-04-19":{"cases":83805,"deaths":4636,"recoveries":77690},"2020-04-20":{"cases":83817,"deaths":4636,"recoveries":77745},"2020-04-21":{"cases":83853,"deaths":4636,"recoveries":77799},"2020-04-22":{"cases":83868,"deaths":4636,"recoveries":77861}}}