{"name":"Chongqing","country":"China","type":"region","dates":{"2020-01-22":{"cases":6,"deaths":0,"recoveries":0},"2020-01-23":{"cases":9,"deaths":0,"recoveries":0},"2020-01-24":{"cases":27,"deaths":0,"recoveries":0},"2020-01-25":{"cases":57,"deaths":0,"recoveries":0},"2020-01-26":{"cases":75,"deaths":0,"recoveries":0},"2020-01-27":{"cases":110,"deaths":0,"recoveries":0},"2020-01-28":{"cases":132,"deaths":0,"recoveries":0},"2020-01-29":{"cases":147,"deaths":0,"recoveries":1},"2020-01-30":{"cases":182,"deaths":0,"recoveries":1},"2020-01-31":{"cases":211,"deaths":0,"recoveries":1},"2020-02-01":{"cases":247,"deaths":1,"recoveries":3},"2020-02-02":{"cases":300,"deaths":2,"recoveries":7},"2020-02-03":{"cases":337,"deaths":2,"recoveries":9},"2020-02-04":{"cases":366,"deaths":2,"recoveries":9},"2020-02-05":{"cases":389,"deaths":2,"recoveries":15},"2020-02-06":{"cases":411,"deaths":2,"recoveries":24},"2020-02-07":{"cases":426,"deaths":2,"recoveries":31},"2020-02-08":{"cases":428,"deaths":2,"recoveries":39},"2020-02-09":{"cases":468,"deaths":2,"recoveries":51},"2020-02-10":{"cases":486,"deaths":2,"recoveries":66},"2020-02-11":{"cases":505,"deaths":3,"recoveries":79},"2020-02-12":{"cases":518,"deaths":3,"recoveries":102},"2020-02-13":{"cases":529,"deaths":4,"recoveries":128},"2020-02-14":{"cases":537,"deaths":5,"recoveries":152},"2020-02-15":{"cases":544,"deaths":5,"recoveries":184},"2020-02-16":{"cases":551,"deaths":5,"recoveries":207},"2020-02-17":{"cases":553,"deaths":5,"recoveries":225},"2020-02-18":{"cases":555,"deaths":5,"recoveries":254},"2020-02-19":{"cases":560,"deaths":5,"recoveries":274},"2020-02-20":{"cases":567,"deaths":6,"recoveries":299},"2020-02-21":{"cases":572,"deaths":6,"recoveries":316},"2020-02-22":{"cases":573,"deaths":6,"recoveries":328},"2020-02-23":{"cases":575,"deaths":6,"recoveries":335},"2020-02-24":{"cases":576,"deaths":6,"recoveries":349},"2020-02-25":{"cases":576,"deaths":6,"recoveries":372},"2020-02-26":{"cases":576,"deaths":6,"recoveries":384},"2020-02-27":{"cases":576,"deaths":6,"recoveries":401},"2020-02-28":{"cases":576,"deaths":6,"recoveries":422},"2020-02-29":{"cases":576,"deaths":6,"recoveries":438},"2020-03-01":{"cases":576,"deaths":6,"recoveries":450},"2020-03-02":{"cases":576,"deaths":6,"recoveries":469},"2020-03-03":{"cases":576,"deaths":6,"recoveries":490},"2020-03-04":{"cases":576,"deaths":6,"recoveries":502},"2020-03-05":{"cases":576,"deaths":6,"recoveries":512},"2020-03-06":{"cases":576,"deaths":6,"recoveries":513},"2020-03-07":{"cases":576,"deaths":6,"recoveries":526},"2020-03-08":{"cases":576,"deaths":6,"recoveries":527},"2020-03-09":{"cases":576,"deaths":6,"recoveries":542},"2020-03-10":{"cases":576,"deaths":6,"recoveries":547},"2020-03-11":{"cases":576,"deaths":6,"recoveries":554},"2020-03-12":{"cases":576,"deaths":6,"recoveries":564},"2020-03-13":{"cases":576,"deaths":6,"recoveries":566},"2020-03-14":{"cases":576,"deaths":6,"recoveries":569},"2020-03-15":{"cases":576,"deaths":6,"recoveries":570},"2020-03-16":{"cases":576,"deaths":6,"recoveries":570},"2020-03-17":{"cases":576,"deaths":6,"recoveries":570},"2020-03-18":{"cases":576,"deaths":6,"recoveries":570},"2020-03-19":{"cases":576,"deaths":6,"recoveries":570},"2020-03-20":{"cases":576,"deaths":6,"recoveries":570},"2020-03-21":{"cases":576,"deaths":6,"recoveries":570},"2020-03-22":{"cases":577,"deaths":6,"recoveries":570},"2020-03-23":{"cases":578,"deaths":6,"recoveries":570},"2020-03-24":{"cases":578,"deaths":6,"recoveries":570},"2020-03-25":{"cases":578,"deaths":6,"recoveries":570},"2020-03-26":{"cases":578,"deaths":6,"recoveries":570},"2020-03-27":{"cases":578,"deaths":6,"recoveries":570},"2020-03-28":{"cases":578,"deaths":6,"recoveries":570},"2020-03-29":{"cases":579,"deaths":6,"recoveries":570},"2020-03-30":{"cases":579,"deaths":6,"recoveries":570},"2020-03-31":{"cases":579,"deaths":6,"recoveries":570},"2020-04-01":{"cases":579,"deaths":6,"recoveries":570},"2020-04-02":{"cases":579,"deaths":6,"recoveries":570},"2020-04-03":{"cases":579,"deaths":6,"recoveries":570},"2020-04-04":{"cases":579,"deaths":6,"recoveries":570},"2020-04-05":{"cases":579,"deaths":6,"recoveries":570},"2020-04-06":{"cases":579,"deaths":6,"recoveries":570},"2020-04-07":{"cases":579,"deaths":6,"recoveries":570},"2020-04-08":{"cases":579,"deaths":6,"recoveries":570},"2020-04-09":{"cases":579,"deaths":6,"recoveries":570},"2020-04-10":{"cases":579,"deaths":6,"recoveries":570},"2020-04-11":{"cases":579,"deaths":6,"recoveries":570},"2020-04-12":{"cases":579,"deaths":6,"recoveries":570},"2020-04-13":{"cases":579,"deaths":6,"recoveries":570},"2020-04-14":{"cases":579,"deaths":6,"recoveries":570},"2020-04-15":{"cases":579,"deaths":6,"recoveries":570},"2020-04-16":{"cases":579,"deaths":6,"recoveries":570},"2020-04-17":{"cases":579,"deaths":6,"recoveries":570},"2020-04-18":{"cases":579,"deaths":6,"recoveries":570},"2020-04-19":{"cases":579,"deaths":6,"recoveries":570},"2020-04-20":{"cases":579,"deaths":6,"recoveries":570},"2020-04-21":{"cases":579,"deaths":6,"recoveries":570},"2020-04-22":{"cases":579,"deaths":6,"recoveries":570}}}