{"name":"Colombia","type":"country","dates":{"2020-01-22":{"cases":0,"deaths":0,"recoveries":0},"2020-01-23":{"cases":0,"deaths":0,"recoveries":0},"2020-01-24":{"cases":0,"deaths":0,"recoveries":0},"2020-01-25":{"cases":0,"deaths":0,"recoveries":0},"2020-01-26":{"cases":0,"deaths":0,"recoveries":0},"2020-01-27":{"cases":0,"deaths":0,"recoveries":0},"2020-01-28":{"cases":0,"deaths":0,"recoveries":0},"2020-01-29":{"cases":0,"deaths":0,"recoveries":0},"2020-01-30":{"cases":0,"deaths":0,"recoveries":0},"2020-01-31":{"cases":0,"deaths":0,"recoveries":0},"2020-02-01":{"cases":0,"deaths":0,"recoveries":0},"2020-02-02":{"cases":0,"deaths":0,"recoveries":0},"2020-02-03":{"cases":0,"deaths":0,"recoveries":0},"2020-02-04":{"cases":0,"deaths":0,"recoveries":0},"2020-02-05":{"cases":0,"deaths":0,"recoveries":0},"2020-02-06":{"cases":0,"deaths":0,"recoveries":0},"2020-02-07":{"cases":0,"deaths":0,"recoveries":0},"2020-02-08":{"cases":0,"deaths":0,"recoveries":0},"2020-02-09":{"cases":0,"deaths":0,"recoveries":0},"2020-02-10":{"cases":0,"deaths":0,"recoveries":0},"2020-02-11":{"cases":0,"deaths":0,"recoveries":0},"2020-02-12":{"cases":0,"deaths":0,"recoveries":0},"2020-02-13":{"cases":0,"deaths":0,"recoveries":0},"2020-02-14":{"cases":0,"deaths":0,"recoveries":0},"2020-02-15":{"cases":0,"deaths":0,"recoveries":0},"2020-02-16":{"cases":0,"deaths":0,"recoveries":0},"2020-02-17":{"cases":0,"deaths":0,"recoveries":0},"2020-02-18":{"cases":0,"deaths":0,"recoveries":0},"2020-02-19":{"cases":0,"deaths":0,"recoveries":0},"2020-02-20":{"cases":0,"deaths":0,"recoveries":0},"2020-02-21":{"cases":0,"deaths":0,"recoveries":0},"2020-02-22":{"cases":0,"deaths":0,"recoveries":0},"2020-02-23":{"cases":0,"deaths":0,"recoveries":0},"2020-02-24":{"cases":0,"deaths":0,"recoveries":0},"2020-02-25":{"cases":0,"deaths":0,"recoveries":0},"2020-02-26":{"cases":0,"deaths":0,"recoveries":0},"2020-02-27":{"cases":0,"deaths":0,"recoveries":0},"2020-02-28":{"cases":0,"deaths":0,"recoveries":0},"2020-02-29":{"cases":0,"deaths":0,"recoveries":0},"2020-03-01":{"cases":0,"deaths":0,"recoveries":0},"2020-03-02":{"cases":0,"deaths":0,"recoveries":0},"2020-03-03":{"cases":0,"deaths":0,"recoveries":0},"2020-03-04":{"cases":0,"deaths":0,"recoveries":0},"2020-03-05":{"cases":0,"deaths":0,"recoveries":0},"2020-03-06":{"cases":1,"deaths":0,"recoveries":0},"2020-03-07":{"cases":1,"deaths":0,"recoveries":0},"2020-03-08":{"cases":1,"deaths":0,"recoveries":0},"2020-03-09":{"cases":1,"deaths":0,"recoveries":0},"2020-03-10":{"cases":3,"deaths":0,"recoveries":0},"2020-03-11":{"cases":9,"deaths":0,"recoveries":0},"2020-03-12":{"cases":9,"deaths":0,"recoveries":0},"2020-03-13":{"cases":13,"deaths":0,"recoveries":0},"2020-03-14":{"cases":22,"deaths":0,"recoveries":0},"2020-03-15":{"cases":34,"deaths":0,"recoveries":0},"2020-03-16":{"cases":54,"deaths":0,"recoveries":0},"2020-03-17":{"cases":65,"deaths":0,"recoveries":1},"2020-03-18":{"cases":93,"deaths":0,"recoveries":1},"2020-03-19":{"cases":102,"deaths":0,"recoveries":1},"2020-03-20":{"cases":128,"deaths":0,"recoveries":1},"2020-03-21":{"cases":196,"deaths":0,"recoveries":1},"2020-03-22":{"cases":231,"deaths":2,"recoveries":3},"2020-03-23":{"cases":277,"deaths":3,"recoveries":3},"2020-03-24":{"cases":378,"deaths":3,"recoveries":6},"2020-03-25":{"cases":470,"deaths":4,"recoveries":8},"2020-03-26":{"cases":491,"deaths":6,"recoveries":8},"2020-03-27":{"cases":539,"deaths":6,"recoveries":10},"2020-03-28":{"cases":608,"deaths":6,"recoveries":10},"2020-03-29":{"cases":702,"deaths":10,"recoveries":10},"2020-03-30":{"cases":798,"deaths":12,"recoveries":15},"2020-03-31":{"cases":906,"deaths":16,"recoveries":31},"2020-04-01":{"cases":1065,"deaths":17,"recoveries":39},"2020-04-02":{"cases":1161,"deaths":19,"recoveries":55},"2020-04-03":{"cases":1267,"deaths":25,"recoveries":55},"2020-04-04":{"cases":1406,"deaths":32,"recoveries":85},"2020-04-05":{"cases":1485,"deaths":35,"recoveries":88},"2020-04-06":{"cases":1579,"deaths":46,"recoveries":88},"2020-04-07":{"cases":1780,"deaths":50,"recoveries":100},"2020-04-08":{"cases":2054,"deaths":54,"recoveries":123},"2020-04-09":{"cases":2223,"deaths":69,"recoveries":174},"2020-04-10":{"cases":2473,"deaths":80,"recoveries":197},"2020-04-11":{"cases":2709,"deaths":100,"recoveries":214},"2020-04-12":{"cases":2776,"deaths":109,"recoveries":270},"2020-04-13":{"cases":2852,"deaths":112,"recoveries":319},"2020-04-14":{"cases":2979,"deaths":127,"recoveries":354},"2020-04-15":{"cases":3105,"deaths":131,"recoveries":452},"2020-04-16":{"cases":3233,"deaths":144,"recoveries":550},"2020-04-17":{"cases":3439,"deaths":153,"recoveries":634},"2020-04-18":{"cases":3439,"deaths":153,"recoveries":634},"2020-04-19":{"cases":3792,"deaths":179,"recoveries":711},"2020-04-20":{"cases":3977,"deaths":189,"recoveries":804},"2020-04-21":{"cases":4149,"deaths":196,"recoveries":804},"2020-04-22":{"cases":4356,"deaths":206,"recoveries":870}}}