{"name":"Congo (Kinshasa)","type":"country","dates":{"2020-01-22":{"cases":0,"deaths":0,"recoveries":0},"2020-01-23":{"cases":0,"deaths":0,"recoveries":0},"2020-01-24":{"cases":0,"deaths":0,"recoveries":0},"2020-01-25":{"cases":0,"deaths":0,"recoveries":0},"2020-01-26":{"cases":0,"deaths":0,"recoveries":0},"2020-01-27":{"cases":0,"deaths":0,"recoveries":0},"2020-01-28":{"cases":0,"deaths":0,"recoveries":0},"2020-01-29":{"cases":0,"deaths":0,"recoveries":0},"2020-01-30":{"cases":0,"deaths":0,"recoveries":0},"2020-01-31":{"cases":0,"deaths":0,"recoveries":0},"2020-02-01":{"cases":0,"deaths":0,"recoveries":0},"2020-02-02":{"cases":0,"deaths":0,"recoveries":0},"2020-02-03":{"cases":0,"deaths":0,"recoveries":0},"2020-02-04":{"cases":0,"deaths":0,"recoveries":0},"2020-02-05":{"cases":0,"deaths":0,"recoveries":0},"2020-02-06":{"cases":0,"deaths":0,"recoveries":0},"2020-02-07":{"cases":0,"deaths":0,"recoveries":0},"2020-02-08":{"cases":0,"deaths":0,"recoveries":0},"2020-02-09":{"cases":0,"deaths":0,"recoveries":0},"2020-02-10":{"cases":0,"deaths":0,"recoveries":0},"2020-02-11":{"cases":0,"deaths":0,"recoveries":0},"2020-02-12":{"cases":0,"deaths":0,"recoveries":0},"2020-02-13":{"cases":0,"deaths":0,"recoveries":0},"2020-02-14":{"cases":0,"deaths":0,"recoveries":0},"2020-02-15":{"cases":0,"deaths":0,"recoveries":0},"2020-02-16":{"cases":0,"deaths":0,"recoveries":0},"2020-02-17":{"cases":0,"deaths":0,"recoveries":0},"2020-02-18":{"cases":0,"deaths":0,"recoveries":0},"2020-02-19":{"cases":0,"deaths":0,"recoveries":0},"2020-02-20":{"cases":0,"deaths":0,"recoveries":0},"2020-02-21":{"cases":0,"deaths":0,"recoveries":0},"2020-02-22":{"cases":0,"deaths":0,"recoveries":0},"2020-02-23":{"cases":0,"deaths":0,"recoveries":0},"2020-02-24":{"cases":0,"deaths":0,"recoveries":0},"2020-02-25":{"cases":0,"deaths":0,"recoveries":0},"2020-02-26":{"cases":0,"deaths":0,"recoveries":0},"2020-02-27":{"cases":0,"deaths":0,"recoveries":0},"2020-02-28":{"cases":0,"deaths":0,"recoveries":0},"2020-02-29":{"cases":0,"deaths":0,"recoveries":0},"2020-03-01":{"cases":0,"deaths":0,"recoveries":0},"2020-03-02":{"cases":0,"deaths":0,"recoveries":0},"2020-03-03":{"cases":0,"deaths":0,"recoveries":0},"2020-03-04":{"cases":0,"deaths":0,"recoveries":0},"2020-03-05":{"cases":0,"deaths":0,"recoveries":0},"2020-03-06":{"cases":0,"deaths":0,"recoveries":0},"2020-03-07":{"cases":0,"deaths":0,"recoveries":0},"2020-03-08":{"cases":0,"deaths":0,"recoveries":0},"2020-03-09":{"cases":0,"deaths":0,"recoveries":0},"2020-03-10":{"cases":0,"deaths":0,"recoveries":0},"2020-03-11":{"cases":1,"deaths":0,"recoveries":0},"2020-03-12":{"cases":1,"deaths":0,"recoveries":0},"2020-03-13":{"cases":2,"deaths":0,"recoveries":0},"2020-03-14":{"cases":2,"deaths":0,"recoveries":0},"2020-03-15":{"cases":2,"deaths":0,"recoveries":0},"2020-03-16":{"cases":2,"deaths":0,"recoveries":0},"2020-03-17":{"cases":3,"deaths":0,"recoveries":0},"2020-03-18":{"cases":4,"deaths":0,"recoveries":0},"2020-03-19":{"cases":14,"deaths":0,"recoveries":0},"2020-03-20":{"cases":18,"deaths":0,"recoveries":0},"2020-03-21":{"cases":23,"deaths":1,"recoveries":0},"2020-03-22":{"cases":30,"deaths":1,"recoveries":0},"2020-03-23":{"cases":36,"deaths":1,"recoveries":0},"2020-03-24":{"cases":45,"deaths":2,"recoveries":0},"2020-03-25":{"cases":48,"deaths":2,"recoveries":0},"2020-03-26":{"cases":51,"deaths":3,"recoveries":0},"2020-03-27":{"cases":51,"deaths":3,"recoveries":2},"2020-03-28":{"cases":65,"deaths":6,"recoveries":2},"2020-03-29":{"cases":65,"deaths":6,"recoveries":2},"2020-03-30":{"cases":81,"deaths":8,"recoveries":2},"2020-03-31":{"cases":98,"deaths":8,"recoveries":2},"2020-04-01":{"cases":109,"deaths":9,"recoveries":3},"2020-04-02":{"cases":134,"deaths":13,"recoveries":3},"2020-04-03":{"cases":134,"deaths":13,"recoveries":3},"2020-04-04":{"cases":154,"deaths":18,"recoveries":3},"2020-04-05":{"cases":154,"deaths":18,"recoveries":3},"2020-04-06":{"cases":161,"deaths":18,"recoveries":5},"2020-04-07":{"cases":180,"deaths":18,"recoveries":9},"2020-04-08":{"cases":180,"deaths":18,"recoveries":9},"2020-04-09":{"cases":180,"deaths":18,"recoveries":9},"2020-04-10":{"cases":215,"deaths":20,"recoveries":13},"2020-04-11":{"cases":223,"deaths":20,"recoveries":16},"2020-04-12":{"cases":234,"deaths":20,"recoveries":16},"2020-04-13":{"cases":235,"deaths":20,"recoveries":17},"2020-04-14":{"cases":241,"deaths":20,"recoveries":20},"2020-04-15":{"cases":254,"deaths":21,"recoveries":21},"2020-04-16":{"cases":267,"deaths":22,"recoveries":23},"2020-04-17":{"cases":287,"deaths":23,"recoveries":25},"2020-04-18":{"cases":307,"deaths":25,"recoveries":26},"2020-04-19":{"cases":327,"deaths":25,"recoveries":26},"2020-04-20":{"cases":332,"deaths":25,"recoveries":27},"2020-04-21":{"cases":350,"deaths":25,"recoveries":35},"2020-04-22":{"cases":359,"deaths":25,"recoveries":45}}}