{"name":"Costa Rica","type":"country","dates":{"2020-01-22":{"cases":0,"deaths":0,"recoveries":0},"2020-01-23":{"cases":0,"deaths":0,"recoveries":0},"2020-01-24":{"cases":0,"deaths":0,"recoveries":0},"2020-01-25":{"cases":0,"deaths":0,"recoveries":0},"2020-01-26":{"cases":0,"deaths":0,"recoveries":0},"2020-01-27":{"cases":0,"deaths":0,"recoveries":0},"2020-01-28":{"cases":0,"deaths":0,"recoveries":0},"2020-01-29":{"cases":0,"deaths":0,"recoveries":0},"2020-01-30":{"cases":0,"deaths":0,"recoveries":0},"2020-01-31":{"cases":0,"deaths":0,"recoveries":0},"2020-02-01":{"cases":0,"deaths":0,"recoveries":0},"2020-02-02":{"cases":0,"deaths":0,"recoveries":0},"2020-02-03":{"cases":0,"deaths":0,"recoveries":0},"2020-02-04":{"cases":0,"deaths":0,"recoveries":0},"2020-02-05":{"cases":0,"deaths":0,"recoveries":0},"2020-02-06":{"cases":0,"deaths":0,"recoveries":0},"2020-02-07":{"cases":0,"deaths":0,"recoveries":0},"2020-02-08":{"cases":0,"deaths":0,"recoveries":0},"2020-02-09":{"cases":0,"deaths":0,"recoveries":0},"2020-02-10":{"cases":0,"deaths":0,"recoveries":0},"2020-02-11":{"cases":0,"deaths":0,"recoveries":0},"2020-02-12":{"cases":0,"deaths":0,"recoveries":0},"2020-02-13":{"cases":0,"deaths":0,"recoveries":0},"2020-02-14":{"cases":0,"deaths":0,"recoveries":0},"2020-02-15":{"cases":0,"deaths":0,"recoveries":0},"2020-02-16":{"cases":0,"deaths":0,"recoveries":0},"2020-02-17":{"cases":0,"deaths":0,"recoveries":0},"2020-02-18":{"cases":0,"deaths":0,"recoveries":0},"2020-02-19":{"cases":0,"deaths":0,"recoveries":0},"2020-02-20":{"cases":0,"deaths":0,"recoveries":0},"2020-02-21":{"cases":0,"deaths":0,"recoveries":0},"2020-02-22":{"cases":0,"deaths":0,"recoveries":0},"2020-02-23":{"cases":0,"deaths":0,"recoveries":0},"2020-02-24":{"cases":0,"deaths":0,"recoveries":0},"2020-02-25":{"cases":0,"deaths":0,"recoveries":0},"2020-02-26":{"cases":0,"deaths":0,"recoveries":0},"2020-02-27":{"cases":0,"deaths":0,"recoveries":0},"2020-02-28":{"cases":0,"deaths":0,"recoveries":0},"2020-02-29":{"cases":0,"deaths":0,"recoveries":0},"2020-03-01":{"cases":0,"deaths":0,"recoveries":0},"2020-03-02":{"cases":0,"deaths":0,"recoveries":0},"2020-03-03":{"cases":0,"deaths":0,"recoveries":0},"2020-03-04":{"cases":0,"deaths":0,"recoveries":0},"2020-03-05":{"cases":0,"deaths":0,"recoveries":0},"2020-03-06":{"cases":1,"deaths":0,"recoveries":0},"2020-03-07":{"cases":1,"deaths":0,"recoveries":0},"2020-03-08":{"cases":5,"deaths":0,"recoveries":0},"2020-03-09":{"cases":9,"deaths":0,"recoveries":0},"2020-03-10":{"cases":9,"deaths":0,"recoveries":0},"2020-03-11":{"cases":13,"deaths":0,"recoveries":0},"2020-03-12":{"cases":22,"deaths":0,"recoveries":0},"2020-03-13":{"cases":23,"deaths":0,"recoveries":0},"2020-03-14":{"cases":26,"deaths":0,"recoveries":0},"2020-03-15":{"cases":27,"deaths":0,"recoveries":0},"2020-03-16":{"cases":35,"deaths":0,"recoveries":0},"2020-03-17":{"cases":41,"deaths":0,"recoveries":0},"2020-03-18":{"cases":50,"deaths":0,"recoveries":0},"2020-03-19":{"cases":69,"deaths":1,"recoveries":0},"2020-03-20":{"cases":89,"deaths":1,"recoveries":0},"2020-03-21":{"cases":117,"deaths":2,"recoveries":2},"2020-03-22":{"cases":134,"deaths":2,"recoveries":2},"2020-03-23":{"cases":158,"deaths":2,"recoveries":2},"2020-03-24":{"cases":177,"deaths":2,"recoveries":2},"2020-03-25":{"cases":201,"deaths":2,"recoveries":2},"2020-03-26":{"cases":231,"deaths":2,"recoveries":2},"2020-03-27":{"cases":263,"deaths":2,"recoveries":3},"2020-03-28":{"cases":295,"deaths":2,"recoveries":3},"2020-03-29":{"cases":314,"deaths":2,"recoveries":3},"2020-03-30":{"cases":330,"deaths":2,"recoveries":4},"2020-03-31":{"cases":347,"deaths":2,"recoveries":4},"2020-04-01":{"cases":375,"deaths":2,"recoveries":4},"2020-04-02":{"cases":396,"deaths":2,"recoveries":6},"2020-04-03":{"cases":416,"deaths":2,"recoveries":11},"2020-04-04":{"cases":435,"deaths":2,"recoveries":13},"2020-04-05":{"cases":454,"deaths":2,"recoveries":16},"2020-04-06":{"cases":467,"deaths":2,"recoveries":18},"2020-04-07":{"cases":483,"deaths":2,"recoveries":24},"2020-04-08":{"cases":502,"deaths":3,"recoveries":29},"2020-04-09":{"cases":539,"deaths":3,"recoveries":30},"2020-04-10":{"cases":558,"deaths":3,"recoveries":42},"2020-04-11":{"cases":577,"deaths":3,"recoveries":49},"2020-04-12":{"cases":595,"deaths":3,"recoveries":56},"2020-04-13":{"cases":612,"deaths":3,"recoveries":62},"2020-04-14":{"cases":618,"deaths":3,"recoveries":66},"2020-04-15":{"cases":626,"deaths":4,"recoveries":67},"2020-04-16":{"cases":642,"deaths":4,"recoveries":74},"2020-04-17":{"cases":649,"deaths":4,"recoveries":88},"2020-04-18":{"cases":655,"deaths":4,"recoveries":97},"2020-04-19":{"cases":660,"deaths":5,"recoveries":112},"2020-04-20":{"cases":662,"deaths":6,"recoveries":124},"2020-04-21":{"cases":669,"deaths":6,"recoveries":150},"2020-04-22":{"cases":681,"deaths":6,"recoveries":180}}}