{"name":"Cote d'Ivoire","type":"country","dates":{"2020-01-22":{"cases":0,"deaths":0,"recoveries":0},"2020-01-23":{"cases":0,"deaths":0,"recoveries":0},"2020-01-24":{"cases":0,"deaths":0,"recoveries":0},"2020-01-25":{"cases":0,"deaths":0,"recoveries":0},"2020-01-26":{"cases":0,"deaths":0,"recoveries":0},"2020-01-27":{"cases":0,"deaths":0,"recoveries":0},"2020-01-28":{"cases":0,"deaths":0,"recoveries":0},"2020-01-29":{"cases":0,"deaths":0,"recoveries":0},"2020-01-30":{"cases":0,"deaths":0,"recoveries":0},"2020-01-31":{"cases":0,"deaths":0,"recoveries":0},"2020-02-01":{"cases":0,"deaths":0,"recoveries":0},"2020-02-02":{"cases":0,"deaths":0,"recoveries":0},"2020-02-03":{"cases":0,"deaths":0,"recoveries":0},"2020-02-04":{"cases":0,"deaths":0,"recoveries":0},"2020-02-05":{"cases":0,"deaths":0,"recoveries":0},"2020-02-06":{"cases":0,"deaths":0,"recoveries":0},"2020-02-07":{"cases":0,"deaths":0,"recoveries":0},"2020-02-08":{"cases":0,"deaths":0,"recoveries":0},"2020-02-09":{"cases":0,"deaths":0,"recoveries":0},"2020-02-10":{"cases":0,"deaths":0,"recoveries":0},"2020-02-11":{"cases":0,"deaths":0,"recoveries":0},"2020-02-12":{"cases":0,"deaths":0,"recoveries":0},"2020-02-13":{"cases":0,"deaths":0,"recoveries":0},"2020-02-14":{"cases":0,"deaths":0,"recoveries":0},"2020-02-15":{"cases":0,"deaths":0,"recoveries":0},"2020-02-16":{"cases":0,"deaths":0,"recoveries":0},"2020-02-17":{"cases":0,"deaths":0,"recoveries":0},"2020-02-18":{"cases":0,"deaths":0,"recoveries":0},"2020-02-19":{"cases":0,"deaths":0,"recoveries":0},"2020-02-20":{"cases":0,"deaths":0,"recoveries":0},"2020-02-21":{"cases":0,"deaths":0,"recoveries":0},"2020-02-22":{"cases":0,"deaths":0,"recoveries":0},"2020-02-23":{"cases":0,"deaths":0,"recoveries":0},"2020-02-24":{"cases":0,"deaths":0,"recoveries":0},"2020-02-25":{"cases":0,"deaths":0,"recoveries":0},"2020-02-26":{"cases":0,"deaths":0,"recoveries":0},"2020-02-27":{"cases":0,"deaths":0,"recoveries":0},"2020-02-28":{"cases":0,"deaths":0,"recoveries":0},"2020-02-29":{"cases":0,"deaths":0,"recoveries":0},"2020-03-01":{"cases":0,"deaths":0,"recoveries":0},"2020-03-02":{"cases":0,"deaths":0,"recoveries":0},"2020-03-03":{"cases":0,"deaths":0,"recoveries":0},"2020-03-04":{"cases":0,"deaths":0,"recoveries":0},"2020-03-05":{"cases":0,"deaths":0,"recoveries":0},"2020-03-06":{"cases":0,"deaths":0,"recoveries":0},"2020-03-07":{"cases":0,"deaths":0,"recoveries":0},"2020-03-08":{"cases":0,"deaths":0,"recoveries":0},"2020-03-09":{"cases":0,"deaths":0,"recoveries":0},"2020-03-10":{"cases":0,"deaths":0,"recoveries":0},"2020-03-11":{"cases":1,"deaths":0,"recoveries":0},"2020-03-12":{"cases":1,"deaths":0,"recoveries":0},"2020-03-13":{"cases":1,"deaths":0,"recoveries":0},"2020-03-14":{"cases":1,"deaths":0,"recoveries":0},"2020-03-15":{"cases":1,"deaths":0,"recoveries":0},"2020-03-16":{"cases":1,"deaths":0,"recoveries":0},"2020-03-17":{"cases":5,"deaths":0,"recoveries":1},"2020-03-18":{"cases":6,"deaths":0,"recoveries":1},"2020-03-19":{"cases":9,"deaths":0,"recoveries":1},"2020-03-20":{"cases":9,"deaths":0,"recoveries":1},"2020-03-21":{"cases":14,"deaths":0,"recoveries":1},"2020-03-22":{"cases":14,"deaths":0,"recoveries":1},"2020-03-23":{"cases":25,"deaths":0,"recoveries":1},"2020-03-24":{"cases":73,"deaths":0,"recoveries":2},"2020-03-25":{"cases":80,"deaths":0,"recoveries":3},"2020-03-26":{"cases":96,"deaths":0,"recoveries":3},"2020-03-27":{"cases":101,"deaths":0,"recoveries":3},"2020-03-28":{"cases":101,"deaths":0,"recoveries":3},"2020-03-29":{"cases":165,"deaths":1,"recoveries":4},"2020-03-30":{"cases":168,"deaths":1,"recoveries":6},"2020-03-31":{"cases":179,"deaths":1,"recoveries":7},"2020-04-01":{"cases":190,"deaths":1,"recoveries":9},"2020-04-02":{"cases":194,"deaths":1,"recoveries":15},"2020-04-03":{"cases":218,"deaths":1,"recoveries":19},"2020-04-04":{"cases":245,"deaths":1,"recoveries":25},"2020-04-05":{"cases":261,"deaths":3,"recoveries":37},"2020-04-06":{"cases":323,"deaths":3,"recoveries":41},"2020-04-07":{"cases":349,"deaths":3,"recoveries":41},"2020-04-08":{"cases":384,"deaths":3,"recoveries":48},"2020-04-09":{"cases":444,"deaths":3,"recoveries":52},"2020-04-10":{"cases":444,"deaths":3,"recoveries":52},"2020-04-11":{"cases":533,"deaths":4,"recoveries":58},"2020-04-12":{"cases":574,"deaths":5,"recoveries":85},"2020-04-13":{"cases":626,"deaths":6,"recoveries":89},"2020-04-14":{"cases":638,"deaths":6,"recoveries":114},"2020-04-15":{"cases":638,"deaths":6,"recoveries":114},"2020-04-16":{"cases":654,"deaths":6,"recoveries":146},"2020-04-17":{"cases":688,"deaths":6,"recoveries":193},"2020-04-18":{"cases":801,"deaths":8,"recoveries":239},"2020-04-19":{"cases":847,"deaths":9,"recoveries":260},"2020-04-20":{"cases":847,"deaths":9,"recoveries":260},"2020-04-21":{"cases":916,"deaths":13,"recoveries":303},"2020-04-22":{"cases":952,"deaths":14,"recoveries":310}}}