{"name":"Croatia","type":"country","dates":{"2020-01-22":{"cases":0,"deaths":0,"recoveries":0},"2020-01-23":{"cases":0,"deaths":0,"recoveries":0},"2020-01-24":{"cases":0,"deaths":0,"recoveries":0},"2020-01-25":{"cases":0,"deaths":0,"recoveries":0},"2020-01-26":{"cases":0,"deaths":0,"recoveries":0},"2020-01-27":{"cases":0,"deaths":0,"recoveries":0},"2020-01-28":{"cases":0,"deaths":0,"recoveries":0},"2020-01-29":{"cases":0,"deaths":0,"recoveries":0},"2020-01-30":{"cases":0,"deaths":0,"recoveries":0},"2020-01-31":{"cases":0,"deaths":0,"recoveries":0},"2020-02-01":{"cases":0,"deaths":0,"recoveries":0},"2020-02-02":{"cases":0,"deaths":0,"recoveries":0},"2020-02-03":{"cases":0,"deaths":0,"recoveries":0},"2020-02-04":{"cases":0,"deaths":0,"recoveries":0},"2020-02-05":{"cases":0,"deaths":0,"recoveries":0},"2020-02-06":{"cases":0,"deaths":0,"recoveries":0},"2020-02-07":{"cases":0,"deaths":0,"recoveries":0},"2020-02-08":{"cases":0,"deaths":0,"recoveries":0},"2020-02-09":{"cases":0,"deaths":0,"recoveries":0},"2020-02-10":{"cases":0,"deaths":0,"recoveries":0},"2020-02-11":{"cases":0,"deaths":0,"recoveries":0},"2020-02-12":{"cases":0,"deaths":0,"recoveries":0},"2020-02-13":{"cases":0,"deaths":0,"recoveries":0},"2020-02-14":{"cases":0,"deaths":0,"recoveries":0},"2020-02-15":{"cases":0,"deaths":0,"recoveries":0},"2020-02-16":{"cases":0,"deaths":0,"recoveries":0},"2020-02-17":{"cases":0,"deaths":0,"recoveries":0},"2020-02-18":{"cases":0,"deaths":0,"recoveries":0},"2020-02-19":{"cases":0,"deaths":0,"recoveries":0},"2020-02-20":{"cases":0,"deaths":0,"recoveries":0},"2020-02-21":{"cases":0,"deaths":0,"recoveries":0},"2020-02-22":{"cases":0,"deaths":0,"recoveries":0},"2020-02-23":{"cases":0,"deaths":0,"recoveries":0},"2020-02-24":{"cases":0,"deaths":0,"recoveries":0},"2020-02-25":{"cases":1,"deaths":0,"recoveries":0},"2020-02-26":{"cases":3,"deaths":0,"recoveries":0},"2020-02-27":{"cases":3,"deaths":0,"recoveries":0},"2020-02-28":{"cases":5,"deaths":0,"recoveries":0},"2020-02-29":{"cases":6,"deaths":0,"recoveries":0},"2020-03-01":{"cases":7,"deaths":0,"recoveries":0},"2020-03-02":{"cases":7,"deaths":0,"recoveries":0},"2020-03-03":{"cases":9,"deaths":0,"recoveries":0},"2020-03-04":{"cases":10,"deaths":0,"recoveries":0},"2020-03-05":{"cases":10,"deaths":0,"recoveries":0},"2020-03-06":{"cases":11,"deaths":0,"recoveries":0},"2020-03-07":{"cases":12,"deaths":0,"recoveries":0},"2020-03-08":{"cases":12,"deaths":0,"recoveries":0},"2020-03-09":{"cases":12,"deaths":0,"recoveries":0},"2020-03-10":{"cases":14,"deaths":0,"recoveries":0},"2020-03-11":{"cases":19,"deaths":0,"recoveries":0},"2020-03-12":{"cases":19,"deaths":0,"recoveries":0},"2020-03-13":{"cases":32,"deaths":0,"recoveries":1},"2020-03-14":{"cases":38,"deaths":0,"recoveries":1},"2020-03-15":{"cases":49,"deaths":0,"recoveries":1},"2020-03-16":{"cases":57,"deaths":0,"recoveries":2},"2020-03-17":{"cases":65,"deaths":0,"recoveries":4},"2020-03-18":{"cases":81,"deaths":0,"recoveries":4},"2020-03-19":{"cases":105,"deaths":1,"recoveries":5},"2020-03-20":{"cases":128,"deaths":1,"recoveries":5},"2020-03-21":{"cases":206,"deaths":1,"recoveries":5},"2020-03-22":{"cases":254,"deaths":1,"recoveries":5},"2020-03-23":{"cases":315,"deaths":1,"recoveries":5},"2020-03-24":{"cases":382,"deaths":1,"recoveries":5},"2020-03-25":{"cases":442,"deaths":1,"recoveries":22},"2020-03-26":{"cases":495,"deaths":3,"recoveries":22},"2020-03-27":{"cases":586,"deaths":3,"recoveries":37},"2020-03-28":{"cases":657,"deaths":5,"recoveries":45},"2020-03-29":{"cases":713,"deaths":6,"recoveries":52},"2020-03-30":{"cases":790,"deaths":6,"recoveries":67},"2020-03-31":{"cases":867,"deaths":6,"recoveries":67},"2020-04-01":{"cases":963,"deaths":6,"recoveries":73},"2020-04-02":{"cases":1011,"deaths":7,"recoveries":88},"2020-04-03":{"cases":1079,"deaths":8,"recoveries":92},"2020-04-04":{"cases":1126,"deaths":12,"recoveries":119},"2020-04-05":{"cases":1182,"deaths":15,"recoveries":125},"2020-04-06":{"cases":1222,"deaths":16,"recoveries":130},"2020-04-07":{"cases":1282,"deaths":18,"recoveries":167},"2020-04-08":{"cases":1343,"deaths":19,"recoveries":179},"2020-04-09":{"cases":1407,"deaths":20,"recoveries":219},"2020-04-10":{"cases":1495,"deaths":21,"recoveries":231},"2020-04-11":{"cases":1534,"deaths":21,"recoveries":323},"2020-04-12":{"cases":1600,"deaths":23,"recoveries":373},"2020-04-13":{"cases":1650,"deaths":25,"recoveries":400},"2020-04-14":{"cases":1704,"deaths":31,"recoveries":415},"2020-04-15":{"cases":1741,"deaths":33,"recoveries":473},"2020-04-16":{"cases":1791,"deaths":35,"recoveries":529},"2020-04-17":{"cases":1814,"deaths":36,"recoveries":600},"2020-04-18":{"cases":1832,"deaths":39,"recoveries":615},"2020-04-19":{"cases":1871,"deaths":47,"recoveries":709},"2020-04-20":{"cases":1881,"deaths":47,"recoveries":771},"2020-04-21":{"cases":1908,"deaths":48,"recoveries":801},"2020-04-22":{"cases":1950,"deaths":48,"recoveries":869}}}