{"name":"Cuba","type":"country","dates":{"2020-01-22":{"cases":0,"deaths":0,"recoveries":0},"2020-01-23":{"cases":0,"deaths":0,"recoveries":0},"2020-01-24":{"cases":0,"deaths":0,"recoveries":0},"2020-01-25":{"cases":0,"deaths":0,"recoveries":0},"2020-01-26":{"cases":0,"deaths":0,"recoveries":0},"2020-01-27":{"cases":0,"deaths":0,"recoveries":0},"2020-01-28":{"cases":0,"deaths":0,"recoveries":0},"2020-01-29":{"cases":0,"deaths":0,"recoveries":0},"2020-01-30":{"cases":0,"deaths":0,"recoveries":0},"2020-01-31":{"cases":0,"deaths":0,"recoveries":0},"2020-02-01":{"cases":0,"deaths":0,"recoveries":0},"2020-02-02":{"cases":0,"deaths":0,"recoveries":0},"2020-02-03":{"cases":0,"deaths":0,"recoveries":0},"2020-02-04":{"cases":0,"deaths":0,"recoveries":0},"2020-02-05":{"cases":0,"deaths":0,"recoveries":0},"2020-02-06":{"cases":0,"deaths":0,"recoveries":0},"2020-02-07":{"cases":0,"deaths":0,"recoveries":0},"2020-02-08":{"cases":0,"deaths":0,"recoveries":0},"2020-02-09":{"cases":0,"deaths":0,"recoveries":0},"2020-02-10":{"cases":0,"deaths":0,"recoveries":0},"2020-02-11":{"cases":0,"deaths":0,"recoveries":0},"2020-02-12":{"cases":0,"deaths":0,"recoveries":0},"2020-02-13":{"cases":0,"deaths":0,"recoveries":0},"2020-02-14":{"cases":0,"deaths":0,"recoveries":0},"2020-02-15":{"cases":0,"deaths":0,"recoveries":0},"2020-02-16":{"cases":0,"deaths":0,"recoveries":0},"2020-02-17":{"cases":0,"deaths":0,"recoveries":0},"2020-02-18":{"cases":0,"deaths":0,"recoveries":0},"2020-02-19":{"cases":0,"deaths":0,"recoveries":0},"2020-02-20":{"cases":0,"deaths":0,"recoveries":0},"2020-02-21":{"cases":0,"deaths":0,"recoveries":0},"2020-02-22":{"cases":0,"deaths":0,"recoveries":0},"2020-02-23":{"cases":0,"deaths":0,"recoveries":0},"2020-02-24":{"cases":0,"deaths":0,"recoveries":0},"2020-02-25":{"cases":0,"deaths":0,"recoveries":0},"2020-02-26":{"cases":0,"deaths":0,"recoveries":0},"2020-02-27":{"cases":0,"deaths":0,"recoveries":0},"2020-02-28":{"cases":0,"deaths":0,"recoveries":0},"2020-02-29":{"cases":0,"deaths":0,"recoveries":0},"2020-03-01":{"cases":0,"deaths":0,"recoveries":0},"2020-03-02":{"cases":0,"deaths":0,"recoveries":0},"2020-03-03":{"cases":0,"deaths":0,"recoveries":0},"2020-03-04":{"cases":0,"deaths":0,"recoveries":0},"2020-03-05":{"cases":0,"deaths":0,"recoveries":0},"2020-03-06":{"cases":0,"deaths":0,"recoveries":0},"2020-03-07":{"cases":0,"deaths":0,"recoveries":0},"2020-03-08":{"cases":0,"deaths":0,"recoveries":0},"2020-03-09":{"cases":0,"deaths":0,"recoveries":0},"2020-03-10":{"cases":0,"deaths":0,"recoveries":0},"2020-03-11":{"cases":0,"deaths":0,"recoveries":0},"2020-03-12":{"cases":3,"deaths":0,"recoveries":0},"2020-03-13":{"cases":4,"deaths":0,"recoveries":0},"2020-03-14":{"cases":4,"deaths":0,"recoveries":0},"2020-03-15":{"cases":4,"deaths":0,"recoveries":0},"2020-03-16":{"cases":4,"deaths":0,"recoveries":0},"2020-03-17":{"cases":5,"deaths":0,"recoveries":0},"2020-03-18":{"cases":7,"deaths":1,"recoveries":0},"2020-03-19":{"cases":11,"deaths":1,"recoveries":0},"2020-03-20":{"cases":16,"deaths":1,"recoveries":0},"2020-03-21":{"cases":21,"deaths":1,"recoveries":0},"2020-03-22":{"cases":35,"deaths":1,"recoveries":0},"2020-03-23":{"cases":40,"deaths":1,"recoveries":0},"2020-03-24":{"cases":48,"deaths":1,"recoveries":1},"2020-03-25":{"cases":57,"deaths":1,"recoveries":1},"2020-03-26":{"cases":67,"deaths":2,"recoveries":1},"2020-03-27":{"cases":80,"deaths":2,"recoveries":4},"2020-03-28":{"cases":119,"deaths":3,"recoveries":4},"2020-03-29":{"cases":139,"deaths":3,"recoveries":4},"2020-03-30":{"cases":170,"deaths":4,"recoveries":4},"2020-03-31":{"cases":186,"deaths":6,"recoveries":8},"2020-04-01":{"cases":212,"deaths":6,"recoveries":12},"2020-04-02":{"cases":233,"deaths":6,"recoveries":13},"2020-04-03":{"cases":269,"deaths":6,"recoveries":15},"2020-04-04":{"cases":288,"deaths":6,"recoveries":15},"2020-04-05":{"cases":320,"deaths":8,"recoveries":15},"2020-04-06":{"cases":350,"deaths":9,"recoveries":18},"2020-04-07":{"cases":396,"deaths":11,"recoveries":27},"2020-04-08":{"cases":457,"deaths":12,"recoveries":27},"2020-04-09":{"cases":515,"deaths":15,"recoveries":28},"2020-04-10":{"cases":564,"deaths":15,"recoveries":51},"2020-04-11":{"cases":620,"deaths":16,"recoveries":77},"2020-04-12":{"cases":669,"deaths":18,"recoveries":92},"2020-04-13":{"cases":726,"deaths":21,"recoveries":121},"2020-04-14":{"cases":766,"deaths":21,"recoveries":132},"2020-04-15":{"cases":814,"deaths":24,"recoveries":151},"2020-04-16":{"cases":862,"deaths":27,"recoveries":171},"2020-04-17":{"cases":923,"deaths":31,"recoveries":192},"2020-04-18":{"cases":986,"deaths":32,"recoveries":227},"2020-04-19":{"cases":1035,"deaths":34,"recoveries":255},"2020-04-20":{"cases":1087,"deaths":36,"recoveries":285},"2020-04-21":{"cases":1137,"deaths":38,"recoveries":309},"2020-04-22":{"cases":1189,"deaths":40,"recoveries":341}}}