{"name":"Cyprus","type":"country","dates":{"2020-01-22":{"cases":0,"deaths":0,"recoveries":0},"2020-01-23":{"cases":0,"deaths":0,"recoveries":0},"2020-01-24":{"cases":0,"deaths":0,"recoveries":0},"2020-01-25":{"cases":0,"deaths":0,"recoveries":0},"2020-01-26":{"cases":0,"deaths":0,"recoveries":0},"2020-01-27":{"cases":0,"deaths":0,"recoveries":0},"2020-01-28":{"cases":0,"deaths":0,"recoveries":0},"2020-01-29":{"cases":0,"deaths":0,"recoveries":0},"2020-01-30":{"cases":0,"deaths":0,"recoveries":0},"2020-01-31":{"cases":0,"deaths":0,"recoveries":0},"2020-02-01":{"cases":0,"deaths":0,"recoveries":0},"2020-02-02":{"cases":0,"deaths":0,"recoveries":0},"2020-02-03":{"cases":0,"deaths":0,"recoveries":0},"2020-02-04":{"cases":0,"deaths":0,"recoveries":0},"2020-02-05":{"cases":0,"deaths":0,"recoveries":0},"2020-02-06":{"cases":0,"deaths":0,"recoveries":0},"2020-02-07":{"cases":0,"deaths":0,"recoveries":0},"2020-02-08":{"cases":0,"deaths":0,"recoveries":0},"2020-02-09":{"cases":0,"deaths":0,"recoveries":0},"2020-02-10":{"cases":0,"deaths":0,"recoveries":0},"2020-02-11":{"cases":0,"deaths":0,"recoveries":0},"2020-02-12":{"cases":0,"deaths":0,"recoveries":0},"2020-02-13":{"cases":0,"deaths":0,"recoveries":0},"2020-02-14":{"cases":0,"deaths":0,"recoveries":0},"2020-02-15":{"cases":0,"deaths":0,"recoveries":0},"2020-02-16":{"cases":0,"deaths":0,"recoveries":0},"2020-02-17":{"cases":0,"deaths":0,"recoveries":0},"2020-02-18":{"cases":0,"deaths":0,"recoveries":0},"2020-02-19":{"cases":0,"deaths":0,"recoveries":0},"2020-02-20":{"cases":0,"deaths":0,"recoveries":0},"2020-02-21":{"cases":0,"deaths":0,"recoveries":0},"2020-02-22":{"cases":0,"deaths":0,"recoveries":0},"2020-02-23":{"cases":0,"deaths":0,"recoveries":0},"2020-02-24":{"cases":0,"deaths":0,"recoveries":0},"2020-02-25":{"cases":0,"deaths":0,"recoveries":0},"2020-02-26":{"cases":0,"deaths":0,"recoveries":0},"2020-02-27":{"cases":0,"deaths":0,"recoveries":0},"2020-02-28":{"cases":0,"deaths":0,"recoveries":0},"2020-02-29":{"cases":0,"deaths":0,"recoveries":0},"2020-03-01":{"cases":0,"deaths":0,"recoveries":0},"2020-03-02":{"cases":0,"deaths":0,"recoveries":0},"2020-03-03":{"cases":0,"deaths":0,"recoveries":0},"2020-03-04":{"cases":0,"deaths":0,"recoveries":0},"2020-03-05":{"cases":0,"deaths":0,"recoveries":0},"2020-03-06":{"cases":0,"deaths":0,"recoveries":0},"2020-03-07":{"cases":0,"deaths":0,"recoveries":0},"2020-03-08":{"cases":0,"deaths":0,"recoveries":0},"2020-03-09":{"cases":2,"deaths":0,"recoveries":0},"2020-03-10":{"cases":3,"deaths":0,"recoveries":0},"2020-03-11":{"cases":6,"deaths":0,"recoveries":0},"2020-03-12":{"cases":6,"deaths":0,"recoveries":0},"2020-03-13":{"cases":14,"deaths":0,"recoveries":0},"2020-03-14":{"cases":26,"deaths":0,"recoveries":0},"2020-03-15":{"cases":26,"deaths":0,"recoveries":0},"2020-03-16":{"cases":33,"deaths":0,"recoveries":0},"2020-03-17":{"cases":46,"deaths":0,"recoveries":0},"2020-03-18":{"cases":49,"deaths":0,"recoveries":0},"2020-03-19":{"cases":67,"deaths":0,"recoveries":0},"2020-03-20":{"cases":67,"deaths":0,"recoveries":0},"2020-03-21":{"cases":84,"deaths":0,"recoveries":0},"2020-03-22":{"cases":95,"deaths":1,"recoveries":3},"2020-03-23":{"cases":116,"deaths":1,"recoveries":3},"2020-03-24":{"cases":124,"deaths":3,"recoveries":3},"2020-03-25":{"cases":132,"deaths":3,"recoveries":3},"2020-03-26":{"cases":146,"deaths":3,"recoveries":4},"2020-03-27":{"cases":162,"deaths":5,"recoveries":15},"2020-03-28":{"cases":179,"deaths":5,"recoveries":15},"2020-03-29":{"cases":214,"deaths":5,"recoveries":15},"2020-03-30":{"cases":230,"deaths":7,"recoveries":22},"2020-03-31":{"cases":262,"deaths":8,"recoveries":23},"2020-04-01":{"cases":320,"deaths":9,"recoveries":28},"2020-04-02":{"cases":356,"deaths":10,"recoveries":28},"2020-04-03":{"cases":396,"deaths":11,"recoveries":28},"2020-04-04":{"cases":426,"deaths":11,"recoveries":33},"2020-04-05":{"cases":446,"deaths":9,"recoveries":37},"2020-04-06":{"cases":465,"deaths":9,"recoveries":45},"2020-04-07":{"cases":494,"deaths":9,"recoveries":47},"2020-04-08":{"cases":526,"deaths":9,"recoveries":52},"2020-04-09":{"cases":564,"deaths":10,"recoveries":53},"2020-04-10":{"cases":595,"deaths":10,"recoveries":58},"2020-04-11":{"cases":616,"deaths":10,"recoveries":61},"2020-04-12":{"cases":633,"deaths":11,"recoveries":65},"2020-04-13":{"cases":662,"deaths":12,"recoveries":65},"2020-04-14":{"cases":695,"deaths":12,"recoveries":65},"2020-04-15":{"cases":715,"deaths":12,"recoveries":65},"2020-04-16":{"cases":735,"deaths":12,"recoveries":77},"2020-04-17":{"cases":750,"deaths":12,"recoveries":77},"2020-04-18":{"cases":761,"deaths":12,"recoveries":79},"2020-04-19":{"cases":767,"deaths":12,"recoveries":81},"2020-04-20":{"cases":772,"deaths":12,"recoveries":81},"2020-04-21":{"cases":784,"deaths":12,"recoveries":98},"2020-04-22":{"cases":790,"deaths":13,"recoveries":98}}}