{"name":"Czechia","type":"country","dates":{"2020-01-22":{"cases":0,"deaths":0,"recoveries":0},"2020-01-23":{"cases":0,"deaths":0,"recoveries":0},"2020-01-24":{"cases":0,"deaths":0,"recoveries":0},"2020-01-25":{"cases":0,"deaths":0,"recoveries":0},"2020-01-26":{"cases":0,"deaths":0,"recoveries":0},"2020-01-27":{"cases":0,"deaths":0,"recoveries":0},"2020-01-28":{"cases":0,"deaths":0,"recoveries":0},"2020-01-29":{"cases":0,"deaths":0,"recoveries":0},"2020-01-30":{"cases":0,"deaths":0,"recoveries":0},"2020-01-31":{"cases":0,"deaths":0,"recoveries":0},"2020-02-01":{"cases":0,"deaths":0,"recoveries":0},"2020-02-02":{"cases":0,"deaths":0,"recoveries":0},"2020-02-03":{"cases":0,"deaths":0,"recoveries":0},"2020-02-04":{"cases":0,"deaths":0,"recoveries":0},"2020-02-05":{"cases":0,"deaths":0,"recoveries":0},"2020-02-06":{"cases":0,"deaths":0,"recoveries":0},"2020-02-07":{"cases":0,"deaths":0,"recoveries":0},"2020-02-08":{"cases":0,"deaths":0,"recoveries":0},"2020-02-09":{"cases":0,"deaths":0,"recoveries":0},"2020-02-10":{"cases":0,"deaths":0,"recoveries":0},"2020-02-11":{"cases":0,"deaths":0,"recoveries":0},"2020-02-12":{"cases":0,"deaths":0,"recoveries":0},"2020-02-13":{"cases":0,"deaths":0,"recoveries":0},"2020-02-14":{"cases":0,"deaths":0,"recoveries":0},"2020-02-15":{"cases":0,"deaths":0,"recoveries":0},"2020-02-16":{"cases":0,"deaths":0,"recoveries":0},"2020-02-17":{"cases":0,"deaths":0,"recoveries":0},"2020-02-18":{"cases":0,"deaths":0,"recoveries":0},"2020-02-19":{"cases":0,"deaths":0,"recoveries":0},"2020-02-20":{"cases":0,"deaths":0,"recoveries":0},"2020-02-21":{"cases":0,"deaths":0,"recoveries":0},"2020-02-22":{"cases":0,"deaths":0,"recoveries":0},"2020-02-23":{"cases":0,"deaths":0,"recoveries":0},"2020-02-24":{"cases":0,"deaths":0,"recoveries":0},"2020-02-25":{"cases":0,"deaths":0,"recoveries":0},"2020-02-26":{"cases":0,"deaths":0,"recoveries":0},"2020-02-27":{"cases":0,"deaths":0,"recoveries":0},"2020-02-28":{"cases":0,"deaths":0,"recoveries":0},"2020-02-29":{"cases":0,"deaths":0,"recoveries":0},"2020-03-01":{"cases":3,"deaths":0,"recoveries":0},"2020-03-02":{"cases":3,"deaths":0,"recoveries":0},"2020-03-03":{"cases":5,"deaths":0,"recoveries":0},"2020-03-04":{"cases":8,"deaths":0,"recoveries":0},"2020-03-05":{"cases":12,"deaths":0,"recoveries":0},"2020-03-06":{"cases":18,"deaths":0,"recoveries":0},"2020-03-07":{"cases":19,"deaths":0,"recoveries":0},"2020-03-08":{"cases":31,"deaths":0,"recoveries":0},"2020-03-09":{"cases":31,"deaths":0,"recoveries":0},"2020-03-10":{"cases":41,"deaths":0,"recoveries":0},"2020-03-11":{"cases":91,"deaths":0,"recoveries":0},"2020-03-12":{"cases":94,"deaths":0,"recoveries":0},"2020-03-13":{"cases":141,"deaths":0,"recoveries":0},"2020-03-14":{"cases":189,"deaths":0,"recoveries":0},"2020-03-15":{"cases":253,"deaths":0,"recoveries":0},"2020-03-16":{"cases":298,"deaths":0,"recoveries":3},"2020-03-17":{"cases":396,"deaths":0,"recoveries":3},"2020-03-18":{"cases":464,"deaths":0,"recoveries":3},"2020-03-19":{"cases":694,"deaths":0,"recoveries":3},"2020-03-20":{"cases":833,"deaths":0,"recoveries":4},"2020-03-21":{"cases":995,"deaths":0,"recoveries":6},"2020-03-22":{"cases":1120,"deaths":1,"recoveries":6},"2020-03-23":{"cases":1236,"deaths":1,"recoveries":6},"2020-03-24":{"cases":1394,"deaths":3,"recoveries":10},"2020-03-25":{"cases":1654,"deaths":6,"recoveries":10},"2020-03-26":{"cases":1925,"deaths":9,"recoveries":10},"2020-03-27":{"cases":2279,"deaths":9,"recoveries":11},"2020-03-28":{"cases":2631,"deaths":11,"recoveries":11},"2020-03-29":{"cases":2817,"deaths":16,"recoveries":11},"2020-03-30":{"cases":3001,"deaths":23,"recoveries":25},"2020-03-31":{"cases":3308,"deaths":31,"recoveries":45},"2020-04-01":{"cases":3508,"deaths":39,"recoveries":61},"2020-04-02":{"cases":3858,"deaths":44,"recoveries":67},"2020-04-03":{"cases":4091,"deaths":53,"recoveries":72},"2020-04-04":{"cases":4472,"deaths":59,"recoveries":78},"2020-04-05":{"cases":4587,"deaths":67,"recoveries":96},"2020-04-06":{"cases":4822,"deaths":78,"recoveries":121},"2020-04-07":{"cases":5017,"deaths":88,"recoveries":172},"2020-04-08":{"cases":5312,"deaths":99,"recoveries":233},"2020-04-09":{"cases":5569,"deaths":112,"recoveries":301},"2020-04-10":{"cases":5732,"deaths":119,"recoveries":346},"2020-04-11":{"cases":5831,"deaths":129,"recoveries":411},"2020-04-12":{"cases":5991,"deaths":138,"recoveries":464},"2020-04-13":{"cases":6059,"deaths":143,"recoveries":519},"2020-04-14":{"cases":6111,"deaths":161,"recoveries":642},"2020-04-15":{"cases":6216,"deaths":166,"recoveries":819},"2020-04-16":{"cases":6433,"deaths":169,"recoveries":972},"2020-04-17":{"cases":6549,"deaths":173,"recoveries":1174},"2020-04-18":{"cases":6606,"deaths":181,"recoveries":1227},"2020-04-19":{"cases":6746,"deaths":186,"recoveries":1298},"2020-04-20":{"cases":6900,"deaths":194,"recoveries":1559},"2020-04-21":{"cases":7033,"deaths":201,"recoveries":1753},"2020-04-22":{"cases":7132,"deaths":208,"recoveries":1989}}}