{"name":"Denmark","type":"country","dates":{"2020-01-22":{"cases":0,"deaths":0,"recoveries":0},"2020-01-23":{"cases":0,"deaths":0,"recoveries":0},"2020-01-24":{"cases":0,"deaths":0,"recoveries":0},"2020-01-25":{"cases":0,"deaths":0,"recoveries":0},"2020-01-26":{"cases":0,"deaths":0,"recoveries":0},"2020-01-27":{"cases":0,"deaths":0,"recoveries":0},"2020-01-28":{"cases":0,"deaths":0,"recoveries":0},"2020-01-29":{"cases":0,"deaths":0,"recoveries":0},"2020-01-30":{"cases":0,"deaths":0,"recoveries":0},"2020-01-31":{"cases":0,"deaths":0,"recoveries":0},"2020-02-01":{"cases":0,"deaths":0,"recoveries":0},"2020-02-02":{"cases":0,"deaths":0,"recoveries":0},"2020-02-03":{"cases":0,"deaths":0,"recoveries":0},"2020-02-04":{"cases":0,"deaths":0,"recoveries":0},"2020-02-05":{"cases":0,"deaths":0,"recoveries":0},"2020-02-06":{"cases":0,"deaths":0,"recoveries":0},"2020-02-07":{"cases":0,"deaths":0,"recoveries":0},"2020-02-08":{"cases":0,"deaths":0,"recoveries":0},"2020-02-09":{"cases":0,"deaths":0,"recoveries":0},"2020-02-10":{"cases":0,"deaths":0,"recoveries":0},"2020-02-11":{"cases":0,"deaths":0,"recoveries":0},"2020-02-12":{"cases":0,"deaths":0,"recoveries":0},"2020-02-13":{"cases":0,"deaths":0,"recoveries":0},"2020-02-14":{"cases":0,"deaths":0,"recoveries":0},"2020-02-15":{"cases":0,"deaths":0,"recoveries":0},"2020-02-16":{"cases":0,"deaths":0,"recoveries":0},"2020-02-17":{"cases":0,"deaths":0,"recoveries":0},"2020-02-18":{"cases":0,"deaths":0,"recoveries":0},"2020-02-19":{"cases":0,"deaths":0,"recoveries":0},"2020-02-20":{"cases":0,"deaths":0,"recoveries":0},"2020-02-21":{"cases":0,"deaths":0,"recoveries":0},"2020-02-22":{"cases":0,"deaths":0,"recoveries":0},"2020-02-23":{"cases":0,"deaths":0,"recoveries":0},"2020-02-24":{"cases":0,"deaths":0,"recoveries":0},"2020-02-25":{"cases":0,"deaths":0,"recoveries":0},"2020-02-26":{"cases":0,"deaths":0,"recoveries":0},"2020-02-27":{"cases":1,"deaths":0,"recoveries":0},"2020-02-28":{"cases":1,"deaths":0,"recoveries":0},"2020-02-29":{"cases":3,"deaths":0,"recoveries":0},"2020-03-01":{"cases":4,"deaths":0,"recoveries":0},"2020-03-02":{"cases":4,"deaths":0,"recoveries":0},"2020-03-03":{"cases":6,"deaths":0,"recoveries":0},"2020-03-04":{"cases":11,"deaths":0,"recoveries":0},"2020-03-05":{"cases":11,"deaths":0,"recoveries":0},"2020-03-06":{"cases":24,"deaths":0,"recoveries":1},"2020-03-07":{"cases":24,"deaths":0,"recoveries":1},"2020-03-08":{"cases":37,"deaths":0,"recoveries":1},"2020-03-09":{"cases":92,"deaths":0,"recoveries":1},"2020-03-10":{"cases":264,"deaths":0,"recoveries":1},"2020-03-11":{"cases":444,"deaths":0,"recoveries":1},"2020-03-12":{"cases":617,"deaths":0,"recoveries":1},"2020-03-13":{"cases":804,"deaths":0,"recoveries":1},"2020-03-14":{"cases":836,"deaths":1,"recoveries":1},"2020-03-15":{"cases":875,"deaths":2,"recoveries":1},"2020-03-16":{"cases":933,"deaths":3,"recoveries":1},"2020-03-17":{"cases":1025,"deaths":4,"recoveries":1},"2020-03-18":{"cases":1116,"deaths":4,"recoveries":1},"2020-03-19":{"cases":1225,"deaths":6,"recoveries":1},"2020-03-20":{"cases":1337,"deaths":9,"recoveries":1},"2020-03-21":{"cases":1420,"deaths":13,"recoveries":1},"2020-03-22":{"cases":1514,"deaths":13,"recoveries":1},"2020-03-23":{"cases":1572,"deaths":24,"recoveries":1},"2020-03-24":{"cases":1718,"deaths":32,"recoveries":36},"2020-03-25":{"cases":1862,"deaths":34,"recoveries":41},"2020-03-26":{"cases":2023,"deaths":41,"recoveries":50},"2020-03-27":{"cases":2200,"deaths":52,"recoveries":57},"2020-03-28":{"cases":2366,"deaths":65,"recoveries":57},"2020-03-29":{"cases":2564,"deaths":72,"recoveries":73},"2020-03-30":{"cases":2755,"deaths":77,"recoveries":73},"2020-03-31":{"cases":3039,"deaths":90,"recoveries":77},"2020-04-01":{"cases":3290,"deaths":104,"recoveries":971},"2020-04-02":{"cases":3573,"deaths":123,"recoveries":1172},"2020-04-03":{"cases":3946,"deaths":139,"recoveries":1287},"2020-04-04":{"cases":4269,"deaths":161,"recoveries":1379},"2020-04-05":{"cases":4561,"deaths":179,"recoveries":1429},"2020-04-06":{"cases":4875,"deaths":187,"recoveries":1489},"2020-04-07":{"cases":5266,"deaths":203,"recoveries":1621},"2020-04-08":{"cases":5597,"deaths":218,"recoveries":1763},"2020-04-09":{"cases":5830,"deaths":237,"recoveries":1883},"2020-04-10":{"cases":6014,"deaths":247,"recoveries":1929},"2020-04-11":{"cases":6191,"deaths":260,"recoveries":2111},"2020-04-12":{"cases":6369,"deaths":273,"recoveries":2291},"2020-04-13":{"cases":6513,"deaths":285,"recoveries":2403},"2020-04-14":{"cases":6706,"deaths":299,"recoveries":2689},"2020-04-15":{"cases":6876,"deaths":309,"recoveries":2925},"2020-04-16":{"cases":7074,"deaths":321,"recoveries":3203},"2020-04-17":{"cases":7268,"deaths":336,"recoveries":3571},"2020-04-18":{"cases":7437,"deaths":346,"recoveries":4031},"2020-04-19":{"cases":7580,"deaths":355,"recoveries":4328},"2020-04-20":{"cases":7711,"deaths":364,"recoveries":4499},"2020-04-21":{"cases":7891,"deaths":370,"recoveries":4889},"2020-04-22":{"cases":8108,"deaths":384,"recoveries":5276}}}