{"name":"Diamond Princess","type":"ship","dates":{"2020-01-22":{"cases":0,"deaths":0,"recoveries":0},"2020-01-23":{"cases":0,"deaths":0,"recoveries":0},"2020-01-24":{"cases":0,"deaths":0,"recoveries":0},"2020-01-25":{"cases":0,"deaths":0,"recoveries":0},"2020-01-26":{"cases":0,"deaths":0,"recoveries":0},"2020-01-27":{"cases":0,"deaths":0,"recoveries":0},"2020-01-28":{"cases":0,"deaths":0,"recoveries":0},"2020-01-29":{"cases":0,"deaths":0,"recoveries":0},"2020-01-30":{"cases":0,"deaths":0,"recoveries":0},"2020-01-31":{"cases":0,"deaths":0,"recoveries":0},"2020-02-01":{"cases":0,"deaths":0,"recoveries":0},"2020-02-02":{"cases":0,"deaths":0,"recoveries":0},"2020-02-03":{"cases":0,"deaths":0,"recoveries":0},"2020-02-04":{"cases":0,"deaths":0,"recoveries":0},"2020-02-05":{"cases":0,"deaths":0,"recoveries":0},"2020-02-06":{"cases":0,"deaths":0,"recoveries":0},"2020-02-07":{"cases":61,"deaths":0,"recoveries":0},"2020-02-08":{"cases":61,"deaths":0,"recoveries":0},"2020-02-09":{"cases":64,"deaths":0,"recoveries":0},"2020-02-10":{"cases":135,"deaths":0,"recoveries":0},"2020-02-11":{"cases":135,"deaths":0,"recoveries":0},"2020-02-12":{"cases":175,"deaths":0,"recoveries":0},"2020-02-13":{"cases":175,"deaths":0,"recoveries":0},"2020-02-14":{"cases":218,"deaths":0,"recoveries":0},"2020-02-15":{"cases":285,"deaths":0,"recoveries":0},"2020-02-16":{"cases":355,"deaths":0,"recoveries":0},"2020-02-17":{"cases":454,"deaths":0,"recoveries":0},"2020-02-18":{"cases":542,"deaths":0,"recoveries":0},"2020-02-19":{"cases":621,"deaths":0,"recoveries":1},"2020-02-20":{"cases":634,"deaths":2,"recoveries":1},"2020-02-21":{"cases":634,"deaths":2,"recoveries":1},"2020-02-22":{"cases":634,"deaths":2,"recoveries":1},"2020-02-23":{"cases":691,"deaths":3,"recoveries":0},"2020-02-24":{"cases":691,"deaths":3,"recoveries":0},"2020-02-25":{"cases":691,"deaths":3,"recoveries":0},"2020-02-26":{"cases":705,"deaths":4,"recoveries":10},"2020-02-27":{"cases":705,"deaths":4,"recoveries":10},"2020-02-28":{"cases":705,"deaths":6,"recoveries":10},"2020-02-29":{"cases":705,"deaths":6,"recoveries":10},"2020-03-01":{"cases":705,"deaths":6,"recoveries":10},"2020-03-02":{"cases":705,"deaths":6,"recoveries":10},"2020-03-03":{"cases":706,"deaths":6,"recoveries":10},"2020-03-04":{"cases":706,"deaths":6,"recoveries":10},"2020-03-05":{"cases":706,"deaths":6,"recoveries":10},"2020-03-06":{"cases":706,"deaths":6,"recoveries":40},"2020-03-07":{"cases":706,"deaths":6,"recoveries":40},"2020-03-08":{"cases":706,"deaths":6,"recoveries":40},"2020-03-09":{"cases":706,"deaths":6,"recoveries":40},"2020-03-10":{"cases":706,"deaths":6,"recoveries":40},"2020-03-11":{"cases":706,"deaths":7,"recoveries":325},"2020-03-12":{"cases":706,"deaths":7,"recoveries":325},"2020-03-13":{"cases":706,"deaths":7,"recoveries":325},"2020-03-14":{"cases":706,"deaths":7,"recoveries":325},"2020-03-15":{"cases":706,"deaths":7,"recoveries":325},"2020-03-16":{"cases":706,"deaths":7,"recoveries":325},"2020-03-17":{"cases":706,"deaths":7,"recoveries":325},"2020-03-18":{"cases":712,"deaths":7,"recoveries":325},"2020-03-19":{"cases":712,"deaths":7,"recoveries":325},"2020-03-20":{"cases":712,"deaths":7,"recoveries":325},"2020-03-21":{"cases":712,"deaths":8,"recoveries":325},"2020-03-22":{"cases":712,"deaths":8,"recoveries":325},"2020-03-23":{"cases":712,"deaths":8,"recoveries":325},"2020-03-24":{"cases":712,"deaths":10,"recoveries":325},"2020-03-25":{"cases":712,"deaths":10,"recoveries":587},"2020-03-26":{"cases":712,"deaths":10,"recoveries":597},"2020-03-27":{"cases":712,"deaths":10,"recoveries":597},"2020-03-28":{"cases":712,"deaths":10,"recoveries":597},"2020-03-29":{"cases":712,"deaths":10,"recoveries":603},"2020-03-30":{"cases":712,"deaths":10,"recoveries":603},"2020-03-31":{"cases":712,"deaths":10,"recoveries":603},"2020-04-01":{"cases":712,"deaths":11,"recoveries":603},"2020-04-02":{"cases":712,"deaths":11,"recoveries":619},"2020-04-03":{"cases":712,"deaths":11,"recoveries":619},"2020-04-04":{"cases":712,"deaths":11,"recoveries":619},"2020-04-05":{"cases":712,"deaths":11,"recoveries":619},"2020-04-06":{"cases":712,"deaths":11,"recoveries":619},"2020-04-07":{"cases":712,"deaths":11,"recoveries":619},"2020-04-08":{"cases":712,"deaths":11,"recoveries":619},"2020-04-09":{"cases":712,"deaths":11,"recoveries":619},"2020-04-10":{"cases":712,"deaths":11,"recoveries":619},"2020-04-11":{"cases":712,"deaths":11,"recoveries":619},"2020-04-12":{"cases":712,"deaths":11,"recoveries":619},"2020-04-13":{"cases":712,"deaths":11,"recoveries":619},"2020-04-14":{"cases":712,"deaths":12,"recoveries":639},"2020-04-15":{"cases":712,"deaths":12,"recoveries":639},"2020-04-16":{"cases":712,"deaths":12,"recoveries":644},"2020-04-17":{"cases":712,"deaths":13,"recoveries":644},"2020-04-18":{"cases":712,"deaths":13,"recoveries":644},"2020-04-19":{"cases":712,"deaths":13,"recoveries":644},"2020-04-20":{"cases":712,"deaths":13,"recoveries":644},"2020-04-21":{"cases":712,"deaths":13,"recoveries":644},"2020-04-22":{"cases":712,"deaths":13,"recoveries":644}}}