{"name":"Dominican Republic","type":"country","dates":{"2020-01-22":{"cases":0,"deaths":0,"recoveries":0},"2020-01-23":{"cases":0,"deaths":0,"recoveries":0},"2020-01-24":{"cases":0,"deaths":0,"recoveries":0},"2020-01-25":{"cases":0,"deaths":0,"recoveries":0},"2020-01-26":{"cases":0,"deaths":0,"recoveries":0},"2020-01-27":{"cases":0,"deaths":0,"recoveries":0},"2020-01-28":{"cases":0,"deaths":0,"recoveries":0},"2020-01-29":{"cases":0,"deaths":0,"recoveries":0},"2020-01-30":{"cases":0,"deaths":0,"recoveries":0},"2020-01-31":{"cases":0,"deaths":0,"recoveries":0},"2020-02-01":{"cases":0,"deaths":0,"recoveries":0},"2020-02-02":{"cases":0,"deaths":0,"recoveries":0},"2020-02-03":{"cases":0,"deaths":0,"recoveries":0},"2020-02-04":{"cases":0,"deaths":0,"recoveries":0},"2020-02-05":{"cases":0,"deaths":0,"recoveries":0},"2020-02-06":{"cases":0,"deaths":0,"recoveries":0},"2020-02-07":{"cases":0,"deaths":0,"recoveries":0},"2020-02-08":{"cases":0,"deaths":0,"recoveries":0},"2020-02-09":{"cases":0,"deaths":0,"recoveries":0},"2020-02-10":{"cases":0,"deaths":0,"recoveries":0},"2020-02-11":{"cases":0,"deaths":0,"recoveries":0},"2020-02-12":{"cases":0,"deaths":0,"recoveries":0},"2020-02-13":{"cases":0,"deaths":0,"recoveries":0},"2020-02-14":{"cases":0,"deaths":0,"recoveries":0},"2020-02-15":{"cases":0,"deaths":0,"recoveries":0},"2020-02-16":{"cases":0,"deaths":0,"recoveries":0},"2020-02-17":{"cases":0,"deaths":0,"recoveries":0},"2020-02-18":{"cases":0,"deaths":0,"recoveries":0},"2020-02-19":{"cases":0,"deaths":0,"recoveries":0},"2020-02-20":{"cases":0,"deaths":0,"recoveries":0},"2020-02-21":{"cases":0,"deaths":0,"recoveries":0},"2020-02-22":{"cases":0,"deaths":0,"recoveries":0},"2020-02-23":{"cases":0,"deaths":0,"recoveries":0},"2020-02-24":{"cases":0,"deaths":0,"recoveries":0},"2020-02-25":{"cases":0,"deaths":0,"recoveries":0},"2020-02-26":{"cases":0,"deaths":0,"recoveries":0},"2020-02-27":{"cases":0,"deaths":0,"recoveries":0},"2020-02-28":{"cases":0,"deaths":0,"recoveries":0},"2020-02-29":{"cases":0,"deaths":0,"recoveries":0},"2020-03-01":{"cases":1,"deaths":0,"recoveries":0},"2020-03-02":{"cases":1,"deaths":0,"recoveries":0},"2020-03-03":{"cases":1,"deaths":0,"recoveries":0},"2020-03-04":{"cases":1,"deaths":0,"recoveries":0},"2020-03-05":{"cases":1,"deaths":0,"recoveries":0},"2020-03-06":{"cases":2,"deaths":0,"recoveries":0},"2020-03-07":{"cases":2,"deaths":0,"recoveries":0},"2020-03-08":{"cases":5,"deaths":0,"recoveries":0},"2020-03-09":{"cases":5,"deaths":0,"recoveries":0},"2020-03-10":{"cases":5,"deaths":0,"recoveries":0},"2020-03-11":{"cases":5,"deaths":0,"recoveries":0},"2020-03-12":{"cases":5,"deaths":0,"recoveries":0},"2020-03-13":{"cases":5,"deaths":0,"recoveries":0},"2020-03-14":{"cases":11,"deaths":0,"recoveries":0},"2020-03-15":{"cases":11,"deaths":0,"recoveries":0},"2020-03-16":{"cases":11,"deaths":0,"recoveries":0},"2020-03-17":{"cases":21,"deaths":1,"recoveries":0},"2020-03-18":{"cases":21,"deaths":1,"recoveries":0},"2020-03-19":{"cases":34,"deaths":2,"recoveries":0},"2020-03-20":{"cases":72,"deaths":2,"recoveries":0},"2020-03-21":{"cases":112,"deaths":2,"recoveries":0},"2020-03-22":{"cases":202,"deaths":3,"recoveries":0},"2020-03-23":{"cases":245,"deaths":3,"recoveries":0},"2020-03-24":{"cases":312,"deaths":6,"recoveries":3},"2020-03-25":{"cases":392,"deaths":10,"recoveries":3},"2020-03-26":{"cases":488,"deaths":10,"recoveries":3},"2020-03-27":{"cases":581,"deaths":20,"recoveries":3},"2020-03-28":{"cases":719,"deaths":28,"recoveries":3},"2020-03-29":{"cases":859,"deaths":39,"recoveries":3},"2020-03-30":{"cases":901,"deaths":42,"recoveries":4},"2020-03-31":{"cases":1109,"deaths":51,"recoveries":5},"2020-04-01":{"cases":1284,"deaths":57,"recoveries":9},"2020-04-02":{"cases":1380,"deaths":60,"recoveries":16},"2020-04-03":{"cases":1488,"deaths":68,"recoveries":16},"2020-04-04":{"cases":1488,"deaths":68,"recoveries":16},"2020-04-05":{"cases":1745,"deaths":82,"recoveries":17},"2020-04-06":{"cases":1828,"deaths":86,"recoveries":33},"2020-04-07":{"cases":1956,"deaths":98,"recoveries":36},"2020-04-08":{"cases":2111,"deaths":108,"recoveries":50},"2020-04-09":{"cases":2349,"deaths":118,"recoveries":80},"2020-04-10":{"cases":2620,"deaths":126,"recoveries":98},"2020-04-11":{"cases":2759,"deaths":135,"recoveries":108},"2020-04-12":{"cases":2967,"deaths":173,"recoveries":131},"2020-04-13":{"cases":3167,"deaths":177,"recoveries":152},"2020-04-14":{"cases":3286,"deaths":183,"recoveries":162},"2020-04-15":{"cases":3614,"deaths":189,"recoveries":208},"2020-04-16":{"cases":3755,"deaths":196,"recoveries":215},"2020-04-17":{"cases":4126,"deaths":200,"recoveries":268},"2020-04-18":{"cases":4335,"deaths":217,"recoveries":312},"2020-04-19":{"cases":4680,"deaths":226,"recoveries":363},"2020-04-20":{"cases":4964,"deaths":235,"recoveries":416},"2020-04-21":{"cases":5044,"deaths":245,"recoveries":463},"2020-04-22":{"cases":5300,"deaths":260,"recoveries":581}}}