{"name":"Ecuador","type":"country","dates":{"2020-01-22":{"cases":0,"deaths":0,"recoveries":0},"2020-01-23":{"cases":0,"deaths":0,"recoveries":0},"2020-01-24":{"cases":0,"deaths":0,"recoveries":0},"2020-01-25":{"cases":0,"deaths":0,"recoveries":0},"2020-01-26":{"cases":0,"deaths":0,"recoveries":0},"2020-01-27":{"cases":0,"deaths":0,"recoveries":0},"2020-01-28":{"cases":0,"deaths":0,"recoveries":0},"2020-01-29":{"cases":0,"deaths":0,"recoveries":0},"2020-01-30":{"cases":0,"deaths":0,"recoveries":0},"2020-01-31":{"cases":0,"deaths":0,"recoveries":0},"2020-02-01":{"cases":0,"deaths":0,"recoveries":0},"2020-02-02":{"cases":0,"deaths":0,"recoveries":0},"2020-02-03":{"cases":0,"deaths":0,"recoveries":0},"2020-02-04":{"cases":0,"deaths":0,"recoveries":0},"2020-02-05":{"cases":0,"deaths":0,"recoveries":0},"2020-02-06":{"cases":0,"deaths":0,"recoveries":0},"2020-02-07":{"cases":0,"deaths":0,"recoveries":0},"2020-02-08":{"cases":0,"deaths":0,"recoveries":0},"2020-02-09":{"cases":0,"deaths":0,"recoveries":0},"2020-02-10":{"cases":0,"deaths":0,"recoveries":0},"2020-02-11":{"cases":0,"deaths":0,"recoveries":0},"2020-02-12":{"cases":0,"deaths":0,"recoveries":0},"2020-02-13":{"cases":0,"deaths":0,"recoveries":0},"2020-02-14":{"cases":0,"deaths":0,"recoveries":0},"2020-02-15":{"cases":0,"deaths":0,"recoveries":0},"2020-02-16":{"cases":0,"deaths":0,"recoveries":0},"2020-02-17":{"cases":0,"deaths":0,"recoveries":0},"2020-02-18":{"cases":0,"deaths":0,"recoveries":0},"2020-02-19":{"cases":0,"deaths":0,"recoveries":0},"2020-02-20":{"cases":0,"deaths":0,"recoveries":0},"2020-02-21":{"cases":0,"deaths":0,"recoveries":0},"2020-02-22":{"cases":0,"deaths":0,"recoveries":0},"2020-02-23":{"cases":0,"deaths":0,"recoveries":0},"2020-02-24":{"cases":0,"deaths":0,"recoveries":0},"2020-02-25":{"cases":0,"deaths":0,"recoveries":0},"2020-02-26":{"cases":0,"deaths":0,"recoveries":0},"2020-02-27":{"cases":0,"deaths":0,"recoveries":0},"2020-02-28":{"cases":0,"deaths":0,"recoveries":0},"2020-02-29":{"cases":0,"deaths":0,"recoveries":0},"2020-03-01":{"cases":6,"deaths":0,"recoveries":0},"2020-03-02":{"cases":6,"deaths":0,"recoveries":0},"2020-03-03":{"cases":7,"deaths":0,"recoveries":0},"2020-03-04":{"cases":10,"deaths":0,"recoveries":0},"2020-03-05":{"cases":13,"deaths":0,"recoveries":0},"2020-03-06":{"cases":13,"deaths":0,"recoveries":0},"2020-03-07":{"cases":13,"deaths":0,"recoveries":0},"2020-03-08":{"cases":14,"deaths":0,"recoveries":0},"2020-03-09":{"cases":15,"deaths":0,"recoveries":0},"2020-03-10":{"cases":15,"deaths":0,"recoveries":0},"2020-03-11":{"cases":17,"deaths":0,"recoveries":0},"2020-03-12":{"cases":17,"deaths":0,"recoveries":0},"2020-03-13":{"cases":17,"deaths":0,"recoveries":0},"2020-03-14":{"cases":28,"deaths":2,"recoveries":0},"2020-03-15":{"cases":28,"deaths":2,"recoveries":0},"2020-03-16":{"cases":37,"deaths":2,"recoveries":0},"2020-03-17":{"cases":58,"deaths":2,"recoveries":0},"2020-03-18":{"cases":111,"deaths":2,"recoveries":0},"2020-03-19":{"cases":199,"deaths":3,"recoveries":0},"2020-03-20":{"cases":367,"deaths":5,"recoveries":0},"2020-03-21":{"cases":506,"deaths":7,"recoveries":3},"2020-03-22":{"cases":789,"deaths":14,"recoveries":3},"2020-03-23":{"cases":981,"deaths":18,"recoveries":3},"2020-03-24":{"cases":1082,"deaths":27,"recoveries":3},"2020-03-25":{"cases":1173,"deaths":28,"recoveries":3},"2020-03-26":{"cases":1403,"deaths":34,"recoveries":3},"2020-03-27":{"cases":1595,"deaths":36,"recoveries":3},"2020-03-28":{"cases":1823,"deaths":48,"recoveries":3},"2020-03-29":{"cases":1924,"deaths":58,"recoveries":3},"2020-03-30":{"cases":1962,"deaths":60,"recoveries":3},"2020-03-31":{"cases":2240,"deaths":75,"recoveries":54},"2020-04-01":{"cases":2748,"deaths":93,"recoveries":58},"2020-04-02":{"cases":3163,"deaths":120,"recoveries":65},"2020-04-03":{"cases":3368,"deaths":145,"recoveries":65},"2020-04-04":{"cases":3465,"deaths":172,"recoveries":100},"2020-04-05":{"cases":3646,"deaths":180,"recoveries":100},"2020-04-06":{"cases":3747,"deaths":191,"recoveries":100},"2020-04-07":{"cases":3747,"deaths":191,"recoveries":100},"2020-04-08":{"cases":4450,"deaths":242,"recoveries":140},"2020-04-09":{"cases":4965,"deaths":272,"recoveries":339},"2020-04-10":{"cases":7161,"deaths":297,"recoveries":368},"2020-04-11":{"cases":7257,"deaths":315,"recoveries":411},"2020-04-12":{"cases":7466,"deaths":333,"recoveries":501},"2020-04-13":{"cases":7529,"deaths":355,"recoveries":597},"2020-04-14":{"cases":7603,"deaths":369,"recoveries":696},"2020-04-15":{"cases":7858,"deaths":388,"recoveries":780},"2020-04-16":{"cases":8225,"deaths":403,"recoveries":838},"2020-04-17":{"cases":8450,"deaths":421,"recoveries":838},"2020-04-18":{"cases":9022,"deaths":456,"recoveries":1008},"2020-04-19":{"cases":9468,"deaths":474,"recoveries":1061},"2020-04-20":{"cases":10128,"deaths":507,"recoveries":1150},"2020-04-21":{"cases":10398,"deaths":520,"recoveries":1207},"2020-04-22":{"cases":10850,"deaths":537,"recoveries":1262}}}