{"name":"Egypt","type":"country","dates":{"2020-01-22":{"cases":0,"deaths":0,"recoveries":0},"2020-01-23":{"cases":0,"deaths":0,"recoveries":0},"2020-01-24":{"cases":0,"deaths":0,"recoveries":0},"2020-01-25":{"cases":0,"deaths":0,"recoveries":0},"2020-01-26":{"cases":0,"deaths":0,"recoveries":0},"2020-01-27":{"cases":0,"deaths":0,"recoveries":0},"2020-01-28":{"cases":0,"deaths":0,"recoveries":0},"2020-01-29":{"cases":0,"deaths":0,"recoveries":0},"2020-01-30":{"cases":0,"deaths":0,"recoveries":0},"2020-01-31":{"cases":0,"deaths":0,"recoveries":0},"2020-02-01":{"cases":0,"deaths":0,"recoveries":0},"2020-02-02":{"cases":0,"deaths":0,"recoveries":0},"2020-02-03":{"cases":0,"deaths":0,"recoveries":0},"2020-02-04":{"cases":0,"deaths":0,"recoveries":0},"2020-02-05":{"cases":0,"deaths":0,"recoveries":0},"2020-02-06":{"cases":0,"deaths":0,"recoveries":0},"2020-02-07":{"cases":0,"deaths":0,"recoveries":0},"2020-02-08":{"cases":0,"deaths":0,"recoveries":0},"2020-02-09":{"cases":0,"deaths":0,"recoveries":0},"2020-02-10":{"cases":0,"deaths":0,"recoveries":0},"2020-02-11":{"cases":0,"deaths":0,"recoveries":0},"2020-02-12":{"cases":0,"deaths":0,"recoveries":0},"2020-02-13":{"cases":0,"deaths":0,"recoveries":0},"2020-02-14":{"cases":1,"deaths":0,"recoveries":0},"2020-02-15":{"cases":1,"deaths":0,"recoveries":0},"2020-02-16":{"cases":1,"deaths":0,"recoveries":0},"2020-02-17":{"cases":1,"deaths":0,"recoveries":0},"2020-02-18":{"cases":1,"deaths":0,"recoveries":0},"2020-02-19":{"cases":1,"deaths":0,"recoveries":0},"2020-02-20":{"cases":1,"deaths":0,"recoveries":0},"2020-02-21":{"cases":1,"deaths":0,"recoveries":0},"2020-02-22":{"cases":1,"deaths":0,"recoveries":0},"2020-02-23":{"cases":1,"deaths":0,"recoveries":0},"2020-02-24":{"cases":1,"deaths":0,"recoveries":0},"2020-02-25":{"cases":1,"deaths":0,"recoveries":0},"2020-02-26":{"cases":1,"deaths":0,"recoveries":0},"2020-02-27":{"cases":1,"deaths":0,"recoveries":0},"2020-02-28":{"cases":1,"deaths":0,"recoveries":1},"2020-02-29":{"cases":1,"deaths":0,"recoveries":1},"2020-03-01":{"cases":2,"deaths":0,"recoveries":1},"2020-03-02":{"cases":2,"deaths":0,"recoveries":1},"2020-03-03":{"cases":2,"deaths":0,"recoveries":1},"2020-03-04":{"cases":2,"deaths":0,"recoveries":1},"2020-03-05":{"cases":3,"deaths":0,"recoveries":1},"2020-03-06":{"cases":15,"deaths":0,"recoveries":1},"2020-03-07":{"cases":15,"deaths":0,"recoveries":1},"2020-03-08":{"cases":49,"deaths":1,"recoveries":1},"2020-03-09":{"cases":55,"deaths":1,"recoveries":1},"2020-03-10":{"cases":59,"deaths":1,"recoveries":1},"2020-03-11":{"cases":60,"deaths":1,"recoveries":27},"2020-03-12":{"cases":67,"deaths":1,"recoveries":27},"2020-03-13":{"cases":80,"deaths":2,"recoveries":27},"2020-03-14":{"cases":109,"deaths":2,"recoveries":27},"2020-03-15":{"cases":110,"deaths":2,"recoveries":21},"2020-03-16":{"cases":150,"deaths":2,"recoveries":27},"2020-03-17":{"cases":196,"deaths":4,"recoveries":32},"2020-03-18":{"cases":196,"deaths":6,"recoveries":32},"2020-03-19":{"cases":256,"deaths":6,"recoveries":32},"2020-03-20":{"cases":285,"deaths":8,"recoveries":39},"2020-03-21":{"cases":294,"deaths":10,"recoveries":41},"2020-03-22":{"cases":327,"deaths":14,"recoveries":56},"2020-03-23":{"cases":366,"deaths":19,"recoveries":56},"2020-03-24":{"cases":402,"deaths":20,"recoveries":80},"2020-03-25":{"cases":456,"deaths":21,"recoveries":95},"2020-03-26":{"cases":495,"deaths":24,"recoveries":102},"2020-03-27":{"cases":536,"deaths":30,"recoveries":116},"2020-03-28":{"cases":576,"deaths":36,"recoveries":121},"2020-03-29":{"cases":609,"deaths":40,"recoveries":132},"2020-03-30":{"cases":656,"deaths":41,"recoveries":150},"2020-03-31":{"cases":710,"deaths":46,"recoveries":157},"2020-04-01":{"cases":779,"deaths":52,"recoveries":179},"2020-04-02":{"cases":865,"deaths":58,"recoveries":201},"2020-04-03":{"cases":985,"deaths":66,"recoveries":216},"2020-04-04":{"cases":1070,"deaths":71,"recoveries":241},"2020-04-05":{"cases":1173,"deaths":78,"recoveries":247},"2020-04-06":{"cases":1322,"deaths":85,"recoveries":259},"2020-04-07":{"cases":1450,"deaths":94,"recoveries":276},"2020-04-08":{"cases":1560,"deaths":103,"recoveries":305},"2020-04-09":{"cases":1699,"deaths":118,"recoveries":348},"2020-04-10":{"cases":1794,"deaths":135,"recoveries":384},"2020-04-11":{"cases":1939,"deaths":146,"recoveries":426},"2020-04-12":{"cases":2065,"deaths":159,"recoveries":589},"2020-04-13":{"cases":2190,"deaths":164,"recoveries":589},"2020-04-14":{"cases":2350,"deaths":178,"recoveries":589},"2020-04-15":{"cases":2505,"deaths":183,"recoveries":589},"2020-04-16":{"cases":2673,"deaths":196,"recoveries":596},"2020-04-17":{"cases":2844,"deaths":205,"recoveries":646},"2020-04-18":{"cases":3032,"deaths":224,"recoveries":701},"2020-04-19":{"cases":3144,"deaths":239,"recoveries":732},"2020-04-20":{"cases":3333,"deaths":250,"recoveries":821},"2020-04-21":{"cases":3490,"deaths":264,"recoveries":870},"2020-04-22":{"cases":3659,"deaths":276,"recoveries":935}}}