{"name":"Estonia","type":"country","dates":{"2020-01-22":{"cases":0,"deaths":0,"recoveries":0},"2020-01-23":{"cases":0,"deaths":0,"recoveries":0},"2020-01-24":{"cases":0,"deaths":0,"recoveries":0},"2020-01-25":{"cases":0,"deaths":0,"recoveries":0},"2020-01-26":{"cases":0,"deaths":0,"recoveries":0},"2020-01-27":{"cases":0,"deaths":0,"recoveries":0},"2020-01-28":{"cases":0,"deaths":0,"recoveries":0},"2020-01-29":{"cases":0,"deaths":0,"recoveries":0},"2020-01-30":{"cases":0,"deaths":0,"recoveries":0},"2020-01-31":{"cases":0,"deaths":0,"recoveries":0},"2020-02-01":{"cases":0,"deaths":0,"recoveries":0},"2020-02-02":{"cases":0,"deaths":0,"recoveries":0},"2020-02-03":{"cases":0,"deaths":0,"recoveries":0},"2020-02-04":{"cases":0,"deaths":0,"recoveries":0},"2020-02-05":{"cases":0,"deaths":0,"recoveries":0},"2020-02-06":{"cases":0,"deaths":0,"recoveries":0},"2020-02-07":{"cases":0,"deaths":0,"recoveries":0},"2020-02-08":{"cases":0,"deaths":0,"recoveries":0},"2020-02-09":{"cases":0,"deaths":0,"recoveries":0},"2020-02-10":{"cases":0,"deaths":0,"recoveries":0},"2020-02-11":{"cases":0,"deaths":0,"recoveries":0},"2020-02-12":{"cases":0,"deaths":0,"recoveries":0},"2020-02-13":{"cases":0,"deaths":0,"recoveries":0},"2020-02-14":{"cases":0,"deaths":0,"recoveries":0},"2020-02-15":{"cases":0,"deaths":0,"recoveries":0},"2020-02-16":{"cases":0,"deaths":0,"recoveries":0},"2020-02-17":{"cases":0,"deaths":0,"recoveries":0},"2020-02-18":{"cases":0,"deaths":0,"recoveries":0},"2020-02-19":{"cases":0,"deaths":0,"recoveries":0},"2020-02-20":{"cases":0,"deaths":0,"recoveries":0},"2020-02-21":{"cases":0,"deaths":0,"recoveries":0},"2020-02-22":{"cases":0,"deaths":0,"recoveries":0},"2020-02-23":{"cases":0,"deaths":0,"recoveries":0},"2020-02-24":{"cases":0,"deaths":0,"recoveries":0},"2020-02-25":{"cases":0,"deaths":0,"recoveries":0},"2020-02-26":{"cases":0,"deaths":0,"recoveries":0},"2020-02-27":{"cases":1,"deaths":0,"recoveries":0},"2020-02-28":{"cases":1,"deaths":0,"recoveries":0},"2020-02-29":{"cases":1,"deaths":0,"recoveries":0},"2020-03-01":{"cases":1,"deaths":0,"recoveries":0},"2020-03-02":{"cases":1,"deaths":0,"recoveries":0},"2020-03-03":{"cases":2,"deaths":0,"recoveries":0},"2020-03-04":{"cases":2,"deaths":0,"recoveries":0},"2020-03-05":{"cases":3,"deaths":0,"recoveries":0},"2020-03-06":{"cases":10,"deaths":0,"recoveries":0},"2020-03-07":{"cases":10,"deaths":0,"recoveries":0},"2020-03-08":{"cases":10,"deaths":0,"recoveries":0},"2020-03-09":{"cases":10,"deaths":0,"recoveries":0},"2020-03-10":{"cases":12,"deaths":0,"recoveries":0},"2020-03-11":{"cases":16,"deaths":0,"recoveries":0},"2020-03-12":{"cases":16,"deaths":0,"recoveries":0},"2020-03-13":{"cases":79,"deaths":0,"recoveries":0},"2020-03-14":{"cases":115,"deaths":0,"recoveries":0},"2020-03-15":{"cases":171,"deaths":0,"recoveries":1},"2020-03-16":{"cases":205,"deaths":0,"recoveries":1},"2020-03-17":{"cases":225,"deaths":0,"recoveries":1},"2020-03-18":{"cases":258,"deaths":0,"recoveries":1},"2020-03-19":{"cases":267,"deaths":0,"recoveries":1},"2020-03-20":{"cases":283,"deaths":0,"recoveries":1},"2020-03-21":{"cases":306,"deaths":0,"recoveries":1},"2020-03-22":{"cases":326,"deaths":0,"recoveries":2},"2020-03-23":{"cases":352,"deaths":0,"recoveries":2},"2020-03-24":{"cases":369,"deaths":0,"recoveries":7},"2020-03-25":{"cases":404,"deaths":1,"recoveries":8},"2020-03-26":{"cases":538,"deaths":1,"recoveries":8},"2020-03-27":{"cases":575,"deaths":1,"recoveries":11},"2020-03-28":{"cases":645,"deaths":1,"recoveries":20},"2020-03-29":{"cases":679,"deaths":3,"recoveries":20},"2020-03-30":{"cases":715,"deaths":3,"recoveries":20},"2020-03-31":{"cases":745,"deaths":4,"recoveries":26},"2020-04-01":{"cases":779,"deaths":5,"recoveries":33},"2020-04-02":{"cases":858,"deaths":11,"recoveries":45},"2020-04-03":{"cases":961,"deaths":12,"recoveries":48},"2020-04-04":{"cases":1039,"deaths":13,"recoveries":59},"2020-04-05":{"cases":1097,"deaths":15,"recoveries":62},"2020-04-06":{"cases":1108,"deaths":19,"recoveries":62},"2020-04-07":{"cases":1149,"deaths":21,"recoveries":69},"2020-04-08":{"cases":1185,"deaths":24,"recoveries":72},"2020-04-09":{"cases":1207,"deaths":24,"recoveries":83},"2020-04-10":{"cases":1258,"deaths":24,"recoveries":93},"2020-04-11":{"cases":1304,"deaths":24,"recoveries":93},"2020-04-12":{"cases":1309,"deaths":25,"recoveries":98},"2020-04-13":{"cases":1332,"deaths":28,"recoveries":102},"2020-04-14":{"cases":1373,"deaths":31,"recoveries":115},"2020-04-15":{"cases":1400,"deaths":35,"recoveries":117},"2020-04-16":{"cases":1434,"deaths":36,"recoveries":133},"2020-04-17":{"cases":1459,"deaths":38,"recoveries":145},"2020-04-18":{"cases":1512,"deaths":38,"recoveries":162},"2020-04-19":{"cases":1528,"deaths":40,"recoveries":164},"2020-04-20":{"cases":1535,"deaths":40,"recoveries":165},"2020-04-21":{"cases":1552,"deaths":43,"recoveries":169},"2020-04-22":{"cases":1559,"deaths":44,"recoveries":184}}}