{"name":"Faroe Islands","country":"Denmark","type":"region","dates":{"2020-01-22":{"cases":0,"deaths":0,"recoveries":0},"2020-01-23":{"cases":0,"deaths":0,"recoveries":0},"2020-01-24":{"cases":0,"deaths":0,"recoveries":0},"2020-01-25":{"cases":0,"deaths":0,"recoveries":0},"2020-01-26":{"cases":0,"deaths":0,"recoveries":0},"2020-01-27":{"cases":0,"deaths":0,"recoveries":0},"2020-01-28":{"cases":0,"deaths":0,"recoveries":0},"2020-01-29":{"cases":0,"deaths":0,"recoveries":0},"2020-01-30":{"cases":0,"deaths":0,"recoveries":0},"2020-01-31":{"cases":0,"deaths":0,"recoveries":0},"2020-02-01":{"cases":0,"deaths":0,"recoveries":0},"2020-02-02":{"cases":0,"deaths":0,"recoveries":0},"2020-02-03":{"cases":0,"deaths":0,"recoveries":0},"2020-02-04":{"cases":0,"deaths":0,"recoveries":0},"2020-02-05":{"cases":0,"deaths":0,"recoveries":0},"2020-02-06":{"cases":0,"deaths":0,"recoveries":0},"2020-02-07":{"cases":0,"deaths":0,"recoveries":0},"2020-02-08":{"cases":0,"deaths":0,"recoveries":0},"2020-02-09":{"cases":0,"deaths":0,"recoveries":0},"2020-02-10":{"cases":0,"deaths":0,"recoveries":0},"2020-02-11":{"cases":0,"deaths":0,"recoveries":0},"2020-02-12":{"cases":0,"deaths":0,"recoveries":0},"2020-02-13":{"cases":0,"deaths":0,"recoveries":0},"2020-02-14":{"cases":0,"deaths":0,"recoveries":0},"2020-02-15":{"cases":0,"deaths":0,"recoveries":0},"2020-02-16":{"cases":0,"deaths":0,"recoveries":0},"2020-02-17":{"cases":0,"deaths":0,"recoveries":0},"2020-02-18":{"cases":0,"deaths":0,"recoveries":0},"2020-02-19":{"cases":0,"deaths":0,"recoveries":0},"2020-02-20":{"cases":0,"deaths":0,"recoveries":0},"2020-02-21":{"cases":0,"deaths":0,"recoveries":0},"2020-02-22":{"cases":0,"deaths":0,"recoveries":0},"2020-02-23":{"cases":0,"deaths":0,"recoveries":0},"2020-02-24":{"cases":0,"deaths":0,"recoveries":0},"2020-02-25":{"cases":0,"deaths":0,"recoveries":0},"2020-02-26":{"cases":0,"deaths":0,"recoveries":0},"2020-02-27":{"cases":0,"deaths":0,"recoveries":0},"2020-02-28":{"cases":0,"deaths":0,"recoveries":0},"2020-02-29":{"cases":0,"deaths":0,"recoveries":0},"2020-03-01":{"cases":0,"deaths":0,"recoveries":0},"2020-03-02":{"cases":0,"deaths":0,"recoveries":0},"2020-03-03":{"cases":0,"deaths":0,"recoveries":0},"2020-03-04":{"cases":1,"deaths":0,"recoveries":0},"2020-03-05":{"cases":1,"deaths":0,"recoveries":0},"2020-03-06":{"cases":1,"deaths":0,"recoveries":0},"2020-03-07":{"cases":1,"deaths":0,"recoveries":0},"2020-03-08":{"cases":2,"deaths":0,"recoveries":0},"2020-03-09":{"cases":2,"deaths":0,"recoveries":0},"2020-03-10":{"cases":2,"deaths":0,"recoveries":0},"2020-03-11":{"cases":2,"deaths":0,"recoveries":0},"2020-03-12":{"cases":2,"deaths":0,"recoveries":0},"2020-03-13":{"cases":3,"deaths":0,"recoveries":0},"2020-03-14":{"cases":9,"deaths":0,"recoveries":0},"2020-03-15":{"cases":11,"deaths":0,"recoveries":0},"2020-03-16":{"cases":18,"deaths":0,"recoveries":0},"2020-03-17":{"cases":47,"deaths":0,"recoveries":0},"2020-03-18":{"cases":58,"deaths":0,"recoveries":0},"2020-03-19":{"cases":72,"deaths":0,"recoveries":0},"2020-03-20":{"cases":80,"deaths":0,"recoveries":0},"2020-03-21":{"cases":92,"deaths":0,"recoveries":0},"2020-03-22":{"cases":115,"deaths":0,"recoveries":0},"2020-03-23":{"cases":118,"deaths":0,"recoveries":0},"2020-03-24":{"cases":122,"deaths":0,"recoveries":33},"2020-03-25":{"cases":132,"deaths":0,"recoveries":38},"2020-03-26":{"cases":140,"deaths":0,"recoveries":47},"2020-03-27":{"cases":144,"deaths":0,"recoveries":54},"2020-03-28":{"cases":155,"deaths":0,"recoveries":54},"2020-03-29":{"cases":159,"deaths":0,"recoveries":70},"2020-03-30":{"cases":168,"deaths":0,"recoveries":70},"2020-03-31":{"cases":169,"deaths":0,"recoveries":74},"2020-04-01":{"cases":173,"deaths":0,"recoveries":75},"2020-04-02":{"cases":177,"deaths":0,"recoveries":81},"2020-04-03":{"cases":179,"deaths":0,"recoveries":91},"2020-04-04":{"cases":181,"deaths":0,"recoveries":93},"2020-04-05":{"cases":181,"deaths":0,"recoveries":99},"2020-04-06":{"cases":183,"deaths":0,"recoveries":107},"2020-04-07":{"cases":184,"deaths":0,"recoveries":120},"2020-04-08":{"cases":184,"deaths":0,"recoveries":131},"2020-04-09":{"cases":184,"deaths":0,"recoveries":136},"2020-04-10":{"cases":184,"deaths":0,"recoveries":145},"2020-04-11":{"cases":184,"deaths":0,"recoveries":145},"2020-04-12":{"cases":184,"deaths":0,"recoveries":157},"2020-04-13":{"cases":184,"deaths":0,"recoveries":157},"2020-04-14":{"cases":184,"deaths":0,"recoveries":163},"2020-04-15":{"cases":184,"deaths":0,"recoveries":166},"2020-04-16":{"cases":184,"deaths":0,"recoveries":169},"2020-04-17":{"cases":184,"deaths":0,"recoveries":171},"2020-04-18":{"cases":184,"deaths":0,"recoveries":173},"2020-04-19":{"cases":185,"deaths":0,"recoveries":176},"2020-04-20":{"cases":185,"deaths":0,"recoveries":176},"2020-04-21":{"cases":185,"deaths":0,"recoveries":178},"2020-04-22":{"cases":185,"deaths":0,"recoveries":178}}}