{"name":"Finland","type":"country","dates":{"2020-01-22":{"cases":0,"deaths":0,"recoveries":0},"2020-01-23":{"cases":0,"deaths":0,"recoveries":0},"2020-01-24":{"cases":0,"deaths":0,"recoveries":0},"2020-01-25":{"cases":0,"deaths":0,"recoveries":0},"2020-01-26":{"cases":0,"deaths":0,"recoveries":0},"2020-01-27":{"cases":0,"deaths":0,"recoveries":0},"2020-01-28":{"cases":0,"deaths":0,"recoveries":0},"2020-01-29":{"cases":1,"deaths":0,"recoveries":0},"2020-01-30":{"cases":1,"deaths":0,"recoveries":0},"2020-01-31":{"cases":1,"deaths":0,"recoveries":0},"2020-02-01":{"cases":1,"deaths":0,"recoveries":0},"2020-02-02":{"cases":1,"deaths":0,"recoveries":0},"2020-02-03":{"cases":1,"deaths":0,"recoveries":0},"2020-02-04":{"cases":1,"deaths":0,"recoveries":0},"2020-02-05":{"cases":1,"deaths":0,"recoveries":0},"2020-02-06":{"cases":1,"deaths":0,"recoveries":0},"2020-02-07":{"cases":1,"deaths":0,"recoveries":0},"2020-02-08":{"cases":1,"deaths":0,"recoveries":0},"2020-02-09":{"cases":1,"deaths":0,"recoveries":0},"2020-02-10":{"cases":1,"deaths":0,"recoveries":0},"2020-02-11":{"cases":1,"deaths":0,"recoveries":0},"2020-02-12":{"cases":1,"deaths":0,"recoveries":1},"2020-02-13":{"cases":1,"deaths":0,"recoveries":1},"2020-02-14":{"cases":1,"deaths":0,"recoveries":1},"2020-02-15":{"cases":1,"deaths":0,"recoveries":1},"2020-02-16":{"cases":1,"deaths":0,"recoveries":1},"2020-02-17":{"cases":1,"deaths":0,"recoveries":1},"2020-02-18":{"cases":1,"deaths":0,"recoveries":1},"2020-02-19":{"cases":1,"deaths":0,"recoveries":1},"2020-02-20":{"cases":1,"deaths":0,"recoveries":1},"2020-02-21":{"cases":1,"deaths":0,"recoveries":1},"2020-02-22":{"cases":1,"deaths":0,"recoveries":1},"2020-02-23":{"cases":1,"deaths":0,"recoveries":1},"2020-02-24":{"cases":1,"deaths":0,"recoveries":1},"2020-02-25":{"cases":1,"deaths":0,"recoveries":1},"2020-02-26":{"cases":2,"deaths":0,"recoveries":1},"2020-02-27":{"cases":2,"deaths":0,"recoveries":1},"2020-02-28":{"cases":2,"deaths":0,"recoveries":1},"2020-02-29":{"cases":3,"deaths":0,"recoveries":1},"2020-03-01":{"cases":6,"deaths":0,"recoveries":1},"2020-03-02":{"cases":6,"deaths":0,"recoveries":1},"2020-03-03":{"cases":6,"deaths":0,"recoveries":1},"2020-03-04":{"cases":6,"deaths":0,"recoveries":1},"2020-03-05":{"cases":12,"deaths":0,"recoveries":1},"2020-03-06":{"cases":15,"deaths":0,"recoveries":1},"2020-03-07":{"cases":15,"deaths":0,"recoveries":1},"2020-03-08":{"cases":23,"deaths":0,"recoveries":1},"2020-03-09":{"cases":30,"deaths":0,"recoveries":1},"2020-03-10":{"cases":40,"deaths":0,"recoveries":1},"2020-03-11":{"cases":59,"deaths":0,"recoveries":1},"2020-03-12":{"cases":59,"deaths":0,"recoveries":1},"2020-03-13":{"cases":155,"deaths":0,"recoveries":1},"2020-03-14":{"cases":225,"deaths":0,"recoveries":1},"2020-03-15":{"cases":244,"deaths":0,"recoveries":10},"2020-03-16":{"cases":277,"deaths":0,"recoveries":10},"2020-03-17":{"cases":321,"deaths":0,"recoveries":10},"2020-03-18":{"cases":336,"deaths":0,"recoveries":10},"2020-03-19":{"cases":400,"deaths":0,"recoveries":10},"2020-03-20":{"cases":450,"deaths":0,"recoveries":10},"2020-03-21":{"cases":523,"deaths":1,"recoveries":10},"2020-03-22":{"cases":626,"deaths":1,"recoveries":10},"2020-03-23":{"cases":700,"deaths":1,"recoveries":10},"2020-03-24":{"cases":792,"deaths":1,"recoveries":10},"2020-03-25":{"cases":880,"deaths":3,"recoveries":10},"2020-03-26":{"cases":958,"deaths":5,"recoveries":10},"2020-03-27":{"cases":1041,"deaths":7,"recoveries":10},"2020-03-28":{"cases":1167,"deaths":9,"recoveries":10},"2020-03-29":{"cases":1240,"deaths":11,"recoveries":10},"2020-03-30":{"cases":1352,"deaths":13,"recoveries":10},"2020-03-31":{"cases":1418,"deaths":17,"recoveries":10},"2020-04-01":{"cases":1446,"deaths":17,"recoveries":10},"2020-04-02":{"cases":1518,"deaths":19,"recoveries":300},"2020-04-03":{"cases":1615,"deaths":20,"recoveries":300},"2020-04-04":{"cases":1882,"deaths":25,"recoveries":300},"2020-04-05":{"cases":1927,"deaths":28,"recoveries":300},"2020-04-06":{"cases":2176,"deaths":27,"recoveries":300},"2020-04-07":{"cases":2308,"deaths":34,"recoveries":300},"2020-04-08":{"cases":2487,"deaths":40,"recoveries":300},"2020-04-09":{"cases":2605,"deaths":42,"recoveries":300},"2020-04-10":{"cases":2769,"deaths":48,"recoveries":300},"2020-04-11":{"cases":2905,"deaths":49,"recoveries":300},"2020-04-12":{"cases":2974,"deaths":56,"recoveries":300},"2020-04-13":{"cases":3064,"deaths":59,"recoveries":300},"2020-04-14":{"cases":3161,"deaths":64,"recoveries":300},"2020-04-15":{"cases":3237,"deaths":72,"recoveries":300},"2020-04-16":{"cases":3369,"deaths":75,"recoveries":1700},"2020-04-17":{"cases":3489,"deaths":82,"recoveries":1700},"2020-04-18":{"cases":3681,"deaths":90,"recoveries":1700},"2020-04-19":{"cases":3783,"deaths":94,"recoveries":1700},"2020-04-20":{"cases":3868,"deaths":98,"recoveries":2000},"2020-04-21":{"cases":4014,"deaths":141,"recoveries":2000},"2020-04-22":{"cases":4129,"deaths":149,"recoveries":2000}}}