{"name":"France","type":"country","dates":{"2020-01-22":{"cases":0,"deaths":0,"recoveries":0},"2020-01-23":{"cases":0,"deaths":0,"recoveries":0},"2020-01-24":{"cases":2,"deaths":0,"recoveries":0},"2020-01-25":{"cases":3,"deaths":0,"recoveries":0},"2020-01-26":{"cases":3,"deaths":0,"recoveries":0},"2020-01-27":{"cases":3,"deaths":0,"recoveries":0},"2020-01-28":{"cases":4,"deaths":0,"recoveries":0},"2020-01-29":{"cases":5,"deaths":0,"recoveries":0},"2020-01-30":{"cases":5,"deaths":0,"recoveries":0},"2020-01-31":{"cases":5,"deaths":0,"recoveries":0},"2020-02-01":{"cases":6,"deaths":0,"recoveries":0},"2020-02-02":{"cases":6,"deaths":0,"recoveries":0},"2020-02-03":{"cases":6,"deaths":0,"recoveries":0},"2020-02-04":{"cases":6,"deaths":0,"recoveries":0},"2020-02-05":{"cases":6,"deaths":0,"recoveries":0},"2020-02-06":{"cases":6,"deaths":0,"recoveries":0},"2020-02-07":{"cases":6,"deaths":0,"recoveries":0},"2020-02-08":{"cases":11,"deaths":0,"recoveries":0},"2020-02-09":{"cases":11,"deaths":0,"recoveries":0},"2020-02-10":{"cases":11,"deaths":0,"recoveries":0},"2020-02-11":{"cases":11,"deaths":0,"recoveries":0},"2020-02-12":{"cases":11,"deaths":0,"recoveries":2},"2020-02-13":{"cases":11,"deaths":0,"recoveries":2},"2020-02-14":{"cases":11,"deaths":0,"recoveries":2},"2020-02-15":{"cases":12,"deaths":1,"recoveries":4},"2020-02-16":{"cases":12,"deaths":1,"recoveries":4},"2020-02-17":{"cases":12,"deaths":1,"recoveries":4},"2020-02-18":{"cases":12,"deaths":1,"recoveries":4},"2020-02-19":{"cases":12,"deaths":1,"recoveries":4},"2020-02-20":{"cases":12,"deaths":1,"recoveries":4},"2020-02-21":{"cases":12,"deaths":1,"recoveries":4},"2020-02-22":{"cases":12,"deaths":1,"recoveries":4},"2020-02-23":{"cases":12,"deaths":1,"recoveries":4},"2020-02-24":{"cases":12,"deaths":1,"recoveries":4},"2020-02-25":{"cases":14,"deaths":1,"recoveries":11},"2020-02-26":{"cases":18,"deaths":2,"recoveries":11},"2020-02-27":{"cases":38,"deaths":2,"recoveries":11},"2020-02-28":{"cases":57,"deaths":2,"recoveries":11},"2020-02-29":{"cases":100,"deaths":2,"recoveries":12},"2020-03-01":{"cases":130,"deaths":2,"recoveries":12},"2020-03-02":{"cases":191,"deaths":3,"recoveries":12},"2020-03-03":{"cases":204,"deaths":4,"recoveries":12},"2020-03-04":{"cases":288,"deaths":4,"recoveries":12},"2020-03-05":{"cases":380,"deaths":6,"recoveries":12},"2020-03-06":{"cases":656,"deaths":9,"recoveries":12},"2020-03-07":{"cases":959,"deaths":11,"recoveries":12},"2020-03-08":{"cases":1136,"deaths":19,"recoveries":12},"2020-03-09":{"cases":1219,"deaths":19,"recoveries":12},"2020-03-10":{"cases":1794,"deaths":33,"recoveries":12},"2020-03-11":{"cases":2293,"deaths":48,"recoveries":12},"2020-03-12":{"cases":2293,"deaths":48,"recoveries":12},"2020-03-13":{"cases":3681,"deaths":79,"recoveries":12},"2020-03-14":{"cases":4496,"deaths":91,"recoveries":12},"2020-03-15":{"cases":4532,"deaths":91,"recoveries":12},"2020-03-16":{"cases":6683,"deaths":149,"recoveries":12},"2020-03-17":{"cases":7715,"deaths":149,"recoveries":12},"2020-03-18":{"cases":9124,"deaths":149,"recoveries":12},"2020-03-19":{"cases":10970,"deaths":244,"recoveries":12},"2020-03-20":{"cases":12758,"deaths":451,"recoveries":12},"2020-03-21":{"cases":14463,"deaths":563,"recoveries":12},"2020-03-22":{"cases":16243,"deaths":676,"recoveries":2206},"2020-03-23":{"cases":20123,"deaths":862,"recoveries":2206},"2020-03-24":{"cases":22622,"deaths":1102,"recoveries":3250},"2020-03-25":{"cases":25600,"deaths":1333,"recoveries":3907},"2020-03-26":{"cases":29551,"deaths":1698,"recoveries":4955},"2020-03-27":{"cases":33402,"deaths":1997,"recoveries":5707},"2020-03-28":{"cases":38105,"deaths":2317,"recoveries":5724},"2020-03-29":{"cases":40708,"deaths":2611,"recoveries":7226},"2020-03-30":{"cases":45170,"deaths":3030,"recoveries":7964},"2020-03-31":{"cases":52827,"deaths":3532,"recoveries":9513},"2020-04-01":{"cases":57749,"deaths":4414,"recoveries":11053},"2020-04-02":{"cases":59929,"deaths":5398,"recoveries":12548},"2020-04-03":{"cases":65202,"deaths":6520,"recoveries":14135},"2020-04-04":{"cases":69500,"deaths":7574,"recoveries":15572},"2020-04-05":{"cases":71412,"deaths":8093,"recoveries":16349},"2020-04-06":{"cases":75343,"deaths":8926,"recoveries":17428},"2020-04-07":{"cases":79163,"deaths":10343,"recoveries":19523},"2020-04-08":{"cases":83057,"deaths":10887,"recoveries":21452},"2020-04-09":{"cases":87366,"deaths":12228,"recoveries":23413},"2020-04-10":{"cases":91738,"deaths":13215,"recoveries":25195},"2020-04-11":{"cases":94863,"deaths":13851,"recoveries":26663},"2020-04-12":{"cases":121712,"deaths":14412,"recoveries":27469},"2020-04-13":{"cases":125394,"deaths":14986,"recoveries":28001},"2020-04-14":{"cases":131361,"deaths":15748,"recoveries":29098},"2020-04-15":{"cases":134582,"deaths":17188,"recoveries":31470},"2020-04-16":{"cases":147091,"deaths":17941,"recoveries":33327},"2020-04-17":{"cases":149130,"deaths":18703,"recoveries":35006},"2020-04-18":{"cases":149149,"deaths":19345,"recoveries":36587},"2020-04-19":{"cases":154097,"deaths":19744,"recoveries":37183},"2020-04-20":{"cases":156480,"deaths":20292,"recoveries":38036},"2020-04-21":{"cases":159297,"deaths":20829,"recoveries":39819},"2020-04-22":{"cases":157125,"deaths":21373,"recoveries":41326}}}