{"name":"Fujian","country":"China","type":"region","dates":{"2020-01-22":{"cases":1,"deaths":0,"recoveries":0},"2020-01-23":{"cases":5,"deaths":0,"recoveries":0},"2020-01-24":{"cases":10,"deaths":0,"recoveries":0},"2020-01-25":{"cases":18,"deaths":0,"recoveries":0},"2020-01-26":{"cases":35,"deaths":0,"recoveries":0},"2020-01-27":{"cases":59,"deaths":0,"recoveries":0},"2020-01-28":{"cases":80,"deaths":0,"recoveries":0},"2020-01-29":{"cases":84,"deaths":0,"recoveries":0},"2020-01-30":{"cases":101,"deaths":0,"recoveries":0},"2020-01-31":{"cases":120,"deaths":0,"recoveries":0},"2020-02-01":{"cases":144,"deaths":0,"recoveries":0},"2020-02-02":{"cases":159,"deaths":0,"recoveries":0},"2020-02-03":{"cases":179,"deaths":0,"recoveries":1},"2020-02-04":{"cases":194,"deaths":0,"recoveries":3},"2020-02-05":{"cases":205,"deaths":0,"recoveries":11},"2020-02-06":{"cases":215,"deaths":0,"recoveries":14},"2020-02-07":{"cases":224,"deaths":0,"recoveries":20},"2020-02-08":{"cases":239,"deaths":0,"recoveries":24},"2020-02-09":{"cases":250,"deaths":0,"recoveries":35},"2020-02-10":{"cases":261,"deaths":0,"recoveries":39},"2020-02-11":{"cases":267,"deaths":0,"recoveries":45},"2020-02-12":{"cases":272,"deaths":0,"recoveries":53},"2020-02-13":{"cases":279,"deaths":0,"recoveries":57},"2020-02-14":{"cases":281,"deaths":0,"recoveries":63},"2020-02-15":{"cases":285,"deaths":0,"recoveries":71},"2020-02-16":{"cases":287,"deaths":0,"recoveries":82},"2020-02-17":{"cases":290,"deaths":0,"recoveries":90},"2020-02-18":{"cases":292,"deaths":0,"recoveries":93},"2020-02-19":{"cases":293,"deaths":0,"recoveries":112},"2020-02-20":{"cases":293,"deaths":1,"recoveries":126},"2020-02-21":{"cases":293,"deaths":1,"recoveries":149},"2020-02-22":{"cases":293,"deaths":1,"recoveries":162},"2020-02-23":{"cases":293,"deaths":1,"recoveries":170},"2020-02-24":{"cases":293,"deaths":1,"recoveries":183},"2020-02-25":{"cases":294,"deaths":1,"recoveries":199},"2020-02-26":{"cases":294,"deaths":1,"recoveries":218},"2020-02-27":{"cases":296,"deaths":1,"recoveries":228},"2020-02-28":{"cases":296,"deaths":1,"recoveries":235},"2020-02-29":{"cases":296,"deaths":1,"recoveries":243},"2020-03-01":{"cases":296,"deaths":1,"recoveries":247},"2020-03-02":{"cases":296,"deaths":1,"recoveries":255},"2020-03-03":{"cases":296,"deaths":1,"recoveries":260},"2020-03-04":{"cases":296,"deaths":1,"recoveries":270},"2020-03-05":{"cases":296,"deaths":1,"recoveries":277},"2020-03-06":{"cases":296,"deaths":1,"recoveries":284},"2020-03-07":{"cases":296,"deaths":1,"recoveries":295},"2020-03-08":{"cases":296,"deaths":1,"recoveries":295},"2020-03-09":{"cases":296,"deaths":1,"recoveries":295},"2020-03-10":{"cases":296,"deaths":1,"recoveries":295},"2020-03-11":{"cases":296,"deaths":1,"recoveries":295},"2020-03-12":{"cases":296,"deaths":1,"recoveries":295},"2020-03-13":{"cases":296,"deaths":1,"recoveries":295},"2020-03-14":{"cases":296,"deaths":1,"recoveries":295},"2020-03-15":{"cases":296,"deaths":1,"recoveries":295},"2020-03-16":{"cases":296,"deaths":1,"recoveries":295},"2020-03-17":{"cases":296,"deaths":1,"recoveries":295},"2020-03-18":{"cases":296,"deaths":1,"recoveries":295},"2020-03-19":{"cases":296,"deaths":1,"recoveries":295},"2020-03-20":{"cases":299,"deaths":1,"recoveries":295},"2020-03-21":{"cases":303,"deaths":1,"recoveries":295},"2020-03-22":{"cases":313,"deaths":1,"recoveries":295},"2020-03-23":{"cases":313,"deaths":1,"recoveries":295},"2020-03-24":{"cases":318,"deaths":1,"recoveries":295},"2020-03-25":{"cases":322,"deaths":1,"recoveries":295},"2020-03-26":{"cases":328,"deaths":1,"recoveries":295},"2020-03-27":{"cases":331,"deaths":1,"recoveries":295},"2020-03-28":{"cases":337,"deaths":1,"recoveries":295},"2020-03-29":{"cases":338,"deaths":1,"recoveries":295},"2020-03-30":{"cases":340,"deaths":1,"recoveries":295},"2020-03-31":{"cases":343,"deaths":1,"recoveries":295},"2020-04-01":{"cases":345,"deaths":1,"recoveries":298},"2020-04-02":{"cases":345,"deaths":1,"recoveries":299},"2020-04-03":{"cases":349,"deaths":1,"recoveries":300},"2020-04-04":{"cases":350,"deaths":1,"recoveries":301},"2020-04-05":{"cases":350,"deaths":1,"recoveries":303},"2020-04-06":{"cases":350,"deaths":1,"recoveries":305},"2020-04-07":{"cases":351,"deaths":1,"recoveries":305},"2020-04-08":{"cases":351,"deaths":1,"recoveries":308},"2020-04-09":{"cases":351,"deaths":1,"recoveries":308},"2020-04-10":{"cases":351,"deaths":1,"recoveries":311},"2020-04-11":{"cases":351,"deaths":1,"recoveries":317},"2020-04-12":{"cases":352,"deaths":1,"recoveries":321},"2020-04-13":{"cases":352,"deaths":1,"recoveries":325},"2020-04-14":{"cases":353,"deaths":1,"recoveries":329},"2020-04-15":{"cases":353,"deaths":1,"recoveries":331},"2020-04-16":{"cases":353,"deaths":1,"recoveries":333},"2020-04-17":{"cases":354,"deaths":1,"recoveries":334},"2020-04-18":{"cases":355,"deaths":1,"recoveries":336},"2020-04-19":{"cases":355,"deaths":1,"recoveries":339},"2020-04-20":{"cases":355,"deaths":1,"recoveries":339},"2020-04-21":{"cases":355,"deaths":1,"recoveries":341},"2020-04-22":{"cases":355,"deaths":1,"recoveries":342}}}