{"name":"Gansu","country":"China","type":"region","dates":{"2020-01-22":{"cases":0,"deaths":0,"recoveries":0},"2020-01-23":{"cases":2,"deaths":0,"recoveries":0},"2020-01-24":{"cases":2,"deaths":0,"recoveries":0},"2020-01-25":{"cases":4,"deaths":0,"recoveries":0},"2020-01-26":{"cases":7,"deaths":0,"recoveries":0},"2020-01-27":{"cases":14,"deaths":0,"recoveries":0},"2020-01-28":{"cases":19,"deaths":0,"recoveries":0},"2020-01-29":{"cases":24,"deaths":0,"recoveries":0},"2020-01-30":{"cases":26,"deaths":0,"recoveries":0},"2020-01-31":{"cases":29,"deaths":0,"recoveries":0},"2020-02-01":{"cases":40,"deaths":0,"recoveries":0},"2020-02-02":{"cases":51,"deaths":0,"recoveries":3},"2020-02-03":{"cases":55,"deaths":0,"recoveries":3},"2020-02-04":{"cases":57,"deaths":0,"recoveries":4},"2020-02-05":{"cases":62,"deaths":0,"recoveries":6},"2020-02-06":{"cases":62,"deaths":0,"recoveries":6},"2020-02-07":{"cases":67,"deaths":0,"recoveries":9},"2020-02-08":{"cases":79,"deaths":1,"recoveries":12},"2020-02-09":{"cases":83,"deaths":2,"recoveries":16},"2020-02-10":{"cases":83,"deaths":2,"recoveries":17},"2020-02-11":{"cases":86,"deaths":2,"recoveries":24},"2020-02-12":{"cases":87,"deaths":2,"recoveries":31},"2020-02-13":{"cases":90,"deaths":2,"recoveries":39},"2020-02-14":{"cases":90,"deaths":2,"recoveries":39},"2020-02-15":{"cases":90,"deaths":2,"recoveries":49},"2020-02-16":{"cases":90,"deaths":2,"recoveries":54},"2020-02-17":{"cases":91,"deaths":2,"recoveries":58},"2020-02-18":{"cases":91,"deaths":2,"recoveries":62},"2020-02-19":{"cases":91,"deaths":2,"recoveries":65},"2020-02-20":{"cases":91,"deaths":2,"recoveries":71},"2020-02-21":{"cases":91,"deaths":2,"recoveries":76},"2020-02-22":{"cases":91,"deaths":2,"recoveries":76},"2020-02-23":{"cases":91,"deaths":2,"recoveries":78},"2020-02-24":{"cases":91,"deaths":2,"recoveries":80},"2020-02-25":{"cases":91,"deaths":2,"recoveries":80},"2020-02-26":{"cases":91,"deaths":2,"recoveries":81},"2020-02-27":{"cases":91,"deaths":2,"recoveries":81},"2020-02-28":{"cases":91,"deaths":2,"recoveries":82},"2020-02-29":{"cases":91,"deaths":2,"recoveries":82},"2020-03-01":{"cases":91,"deaths":2,"recoveries":84},"2020-03-02":{"cases":91,"deaths":2,"recoveries":85},"2020-03-03":{"cases":91,"deaths":2,"recoveries":86},"2020-03-04":{"cases":91,"deaths":2,"recoveries":87},"2020-03-05":{"cases":102,"deaths":2,"recoveries":87},"2020-03-06":{"cases":119,"deaths":2,"recoveries":87},"2020-03-07":{"cases":120,"deaths":2,"recoveries":87},"2020-03-08":{"cases":124,"deaths":2,"recoveries":87},"2020-03-09":{"cases":124,"deaths":2,"recoveries":88},"2020-03-10":{"cases":125,"deaths":2,"recoveries":88},"2020-03-11":{"cases":127,"deaths":2,"recoveries":88},"2020-03-12":{"cases":127,"deaths":2,"recoveries":88},"2020-03-13":{"cases":127,"deaths":2,"recoveries":88},"2020-03-14":{"cases":129,"deaths":2,"recoveries":89},"2020-03-15":{"cases":133,"deaths":2,"recoveries":91},"2020-03-16":{"cases":133,"deaths":2,"recoveries":91},"2020-03-17":{"cases":133,"deaths":2,"recoveries":91},"2020-03-18":{"cases":133,"deaths":2,"recoveries":91},"2020-03-19":{"cases":134,"deaths":2,"recoveries":91},"2020-03-20":{"cases":134,"deaths":2,"recoveries":98},"2020-03-21":{"cases":134,"deaths":2,"recoveries":113},"2020-03-22":{"cases":136,"deaths":2,"recoveries":114},"2020-03-23":{"cases":136,"deaths":2,"recoveries":114},"2020-03-24":{"cases":136,"deaths":2,"recoveries":119},"2020-03-25":{"cases":136,"deaths":2,"recoveries":119},"2020-03-26":{"cases":136,"deaths":2,"recoveries":121},"2020-03-27":{"cases":136,"deaths":2,"recoveries":123},"2020-03-28":{"cases":136,"deaths":2,"recoveries":125},"2020-03-29":{"cases":138,"deaths":2,"recoveries":125},"2020-03-30":{"cases":138,"deaths":2,"recoveries":125},"2020-03-31":{"cases":138,"deaths":2,"recoveries":125},"2020-04-01":{"cases":138,"deaths":2,"recoveries":127},"2020-04-02":{"cases":138,"deaths":2,"recoveries":127},"2020-04-03":{"cases":138,"deaths":2,"recoveries":127},"2020-04-04":{"cases":138,"deaths":2,"recoveries":131},"2020-04-05":{"cases":138,"deaths":2,"recoveries":131},"2020-04-06":{"cases":139,"deaths":2,"recoveries":132},"2020-04-07":{"cases":139,"deaths":2,"recoveries":132},"2020-04-08":{"cases":139,"deaths":2,"recoveries":133},"2020-04-09":{"cases":139,"deaths":2,"recoveries":135},"2020-04-10":{"cases":139,"deaths":2,"recoveries":135},"2020-04-11":{"cases":139,"deaths":2,"recoveries":135},"2020-04-12":{"cases":139,"deaths":2,"recoveries":135},"2020-04-13":{"cases":139,"deaths":2,"recoveries":135},"2020-04-14":{"cases":139,"deaths":2,"recoveries":136},"2020-04-15":{"cases":139,"deaths":2,"recoveries":136},"2020-04-16":{"cases":139,"deaths":2,"recoveries":137},"2020-04-17":{"cases":139,"deaths":2,"recoveries":137},"2020-04-18":{"cases":139,"deaths":2,"recoveries":137},"2020-04-19":{"cases":139,"deaths":2,"recoveries":137},"2020-04-20":{"cases":139,"deaths":2,"recoveries":137},"2020-04-21":{"cases":139,"deaths":2,"recoveries":137},"2020-04-22":{"cases":139,"deaths":2,"recoveries":137}}}