{"name":"Georgia","type":"country","dates":{"2020-01-22":{"cases":0,"deaths":0,"recoveries":0},"2020-01-23":{"cases":0,"deaths":0,"recoveries":0},"2020-01-24":{"cases":0,"deaths":0,"recoveries":0},"2020-01-25":{"cases":0,"deaths":0,"recoveries":0},"2020-01-26":{"cases":0,"deaths":0,"recoveries":0},"2020-01-27":{"cases":0,"deaths":0,"recoveries":0},"2020-01-28":{"cases":0,"deaths":0,"recoveries":0},"2020-01-29":{"cases":0,"deaths":0,"recoveries":0},"2020-01-30":{"cases":0,"deaths":0,"recoveries":0},"2020-01-31":{"cases":0,"deaths":0,"recoveries":0},"2020-02-01":{"cases":0,"deaths":0,"recoveries":0},"2020-02-02":{"cases":0,"deaths":0,"recoveries":0},"2020-02-03":{"cases":0,"deaths":0,"recoveries":0},"2020-02-04":{"cases":0,"deaths":0,"recoveries":0},"2020-02-05":{"cases":0,"deaths":0,"recoveries":0},"2020-02-06":{"cases":0,"deaths":0,"recoveries":0},"2020-02-07":{"cases":0,"deaths":0,"recoveries":0},"2020-02-08":{"cases":0,"deaths":0,"recoveries":0},"2020-02-09":{"cases":0,"deaths":0,"recoveries":0},"2020-02-10":{"cases":0,"deaths":0,"recoveries":0},"2020-02-11":{"cases":0,"deaths":0,"recoveries":0},"2020-02-12":{"cases":0,"deaths":0,"recoveries":0},"2020-02-13":{"cases":0,"deaths":0,"recoveries":0},"2020-02-14":{"cases":0,"deaths":0,"recoveries":0},"2020-02-15":{"cases":0,"deaths":0,"recoveries":0},"2020-02-16":{"cases":0,"deaths":0,"recoveries":0},"2020-02-17":{"cases":0,"deaths":0,"recoveries":0},"2020-02-18":{"cases":0,"deaths":0,"recoveries":0},"2020-02-19":{"cases":0,"deaths":0,"recoveries":0},"2020-02-20":{"cases":0,"deaths":0,"recoveries":0},"2020-02-21":{"cases":0,"deaths":0,"recoveries":0},"2020-02-22":{"cases":0,"deaths":0,"recoveries":0},"2020-02-23":{"cases":0,"deaths":0,"recoveries":0},"2020-02-24":{"cases":0,"deaths":0,"recoveries":0},"2020-02-25":{"cases":0,"deaths":0,"recoveries":0},"2020-02-26":{"cases":1,"deaths":0,"recoveries":0},"2020-02-27":{"cases":1,"deaths":0,"recoveries":0},"2020-02-28":{"cases":1,"deaths":0,"recoveries":0},"2020-02-29":{"cases":1,"deaths":0,"recoveries":0},"2020-03-01":{"cases":3,"deaths":0,"recoveries":0},"2020-03-02":{"cases":3,"deaths":0,"recoveries":0},"2020-03-03":{"cases":3,"deaths":0,"recoveries":0},"2020-03-04":{"cases":3,"deaths":0,"recoveries":0},"2020-03-05":{"cases":4,"deaths":0,"recoveries":0},"2020-03-06":{"cases":4,"deaths":0,"recoveries":0},"2020-03-07":{"cases":4,"deaths":0,"recoveries":0},"2020-03-08":{"cases":13,"deaths":0,"recoveries":0},"2020-03-09":{"cases":15,"deaths":0,"recoveries":0},"2020-03-10":{"cases":15,"deaths":0,"recoveries":0},"2020-03-11":{"cases":24,"deaths":0,"recoveries":0},"2020-03-12":{"cases":24,"deaths":0,"recoveries":0},"2020-03-13":{"cases":25,"deaths":0,"recoveries":0},"2020-03-14":{"cases":30,"deaths":0,"recoveries":0},"2020-03-15":{"cases":33,"deaths":0,"recoveries":0},"2020-03-16":{"cases":33,"deaths":0,"recoveries":1},"2020-03-17":{"cases":34,"deaths":0,"recoveries":1},"2020-03-18":{"cases":38,"deaths":0,"recoveries":1},"2020-03-19":{"cases":40,"deaths":0,"recoveries":1},"2020-03-20":{"cases":43,"deaths":0,"recoveries":1},"2020-03-21":{"cases":49,"deaths":0,"recoveries":1},"2020-03-22":{"cases":54,"deaths":0,"recoveries":3},"2020-03-23":{"cases":61,"deaths":0,"recoveries":3},"2020-03-24":{"cases":70,"deaths":0,"recoveries":9},"2020-03-25":{"cases":75,"deaths":0,"recoveries":10},"2020-03-26":{"cases":79,"deaths":0,"recoveries":11},"2020-03-27":{"cases":83,"deaths":0,"recoveries":14},"2020-03-28":{"cases":90,"deaths":0,"recoveries":14},"2020-03-29":{"cases":91,"deaths":0,"recoveries":18},"2020-03-30":{"cases":103,"deaths":0,"recoveries":20},"2020-03-31":{"cases":110,"deaths":0,"recoveries":21},"2020-04-01":{"cases":117,"deaths":0,"recoveries":23},"2020-04-02":{"cases":134,"deaths":0,"recoveries":26},"2020-04-03":{"cases":155,"deaths":0,"recoveries":28},"2020-04-04":{"cases":162,"deaths":1,"recoveries":36},"2020-04-05":{"cases":174,"deaths":2,"recoveries":36},"2020-04-06":{"cases":188,"deaths":2,"recoveries":39},"2020-04-07":{"cases":196,"deaths":3,"recoveries":46},"2020-04-08":{"cases":211,"deaths":3,"recoveries":50},"2020-04-09":{"cases":218,"deaths":3,"recoveries":51},"2020-04-10":{"cases":234,"deaths":3,"recoveries":54},"2020-04-11":{"cases":242,"deaths":3,"recoveries":60},"2020-04-12":{"cases":257,"deaths":3,"recoveries":67},"2020-04-13":{"cases":272,"deaths":3,"recoveries":68},"2020-04-14":{"cases":300,"deaths":3,"recoveries":69},"2020-04-15":{"cases":306,"deaths":3,"recoveries":71},"2020-04-16":{"cases":348,"deaths":3,"recoveries":76},"2020-04-17":{"cases":370,"deaths":3,"recoveries":79},"2020-04-18":{"cases":388,"deaths":4,"recoveries":86},"2020-04-19":{"cases":394,"deaths":4,"recoveries":93},"2020-04-20":{"cases":402,"deaths":4,"recoveries":95},"2020-04-21":{"cases":408,"deaths":4,"recoveries":97},"2020-04-22":{"cases":416,"deaths":5,"recoveries":107}}}