{"name":"Germany","type":"country","dates":{"2020-01-22":{"cases":0,"deaths":0,"recoveries":0},"2020-01-23":{"cases":0,"deaths":0,"recoveries":0},"2020-01-24":{"cases":0,"deaths":0,"recoveries":0},"2020-01-25":{"cases":0,"deaths":0,"recoveries":0},"2020-01-26":{"cases":0,"deaths":0,"recoveries":0},"2020-01-27":{"cases":1,"deaths":0,"recoveries":0},"2020-01-28":{"cases":4,"deaths":0,"recoveries":0},"2020-01-29":{"cases":4,"deaths":0,"recoveries":0},"2020-01-30":{"cases":4,"deaths":0,"recoveries":0},"2020-01-31":{"cases":5,"deaths":0,"recoveries":0},"2020-02-01":{"cases":8,"deaths":0,"recoveries":0},"2020-02-02":{"cases":10,"deaths":0,"recoveries":0},"2020-02-03":{"cases":12,"deaths":0,"recoveries":0},"2020-02-04":{"cases":12,"deaths":0,"recoveries":0},"2020-02-05":{"cases":12,"deaths":0,"recoveries":0},"2020-02-06":{"cases":12,"deaths":0,"recoveries":0},"2020-02-07":{"cases":13,"deaths":0,"recoveries":0},"2020-02-08":{"cases":13,"deaths":0,"recoveries":0},"2020-02-09":{"cases":14,"deaths":0,"recoveries":0},"2020-02-10":{"cases":14,"deaths":0,"recoveries":0},"2020-02-11":{"cases":16,"deaths":0,"recoveries":0},"2020-02-12":{"cases":16,"deaths":0,"recoveries":0},"2020-02-13":{"cases":16,"deaths":0,"recoveries":1},"2020-02-14":{"cases":16,"deaths":0,"recoveries":1},"2020-02-15":{"cases":16,"deaths":0,"recoveries":1},"2020-02-16":{"cases":16,"deaths":0,"recoveries":1},"2020-02-17":{"cases":16,"deaths":0,"recoveries":1},"2020-02-18":{"cases":16,"deaths":0,"recoveries":12},"2020-02-19":{"cases":16,"deaths":0,"recoveries":12},"2020-02-20":{"cases":16,"deaths":0,"recoveries":12},"2020-02-21":{"cases":16,"deaths":0,"recoveries":14},"2020-02-22":{"cases":16,"deaths":0,"recoveries":14},"2020-02-23":{"cases":16,"deaths":0,"recoveries":14},"2020-02-24":{"cases":16,"deaths":0,"recoveries":14},"2020-02-25":{"cases":17,"deaths":0,"recoveries":14},"2020-02-26":{"cases":27,"deaths":0,"recoveries":15},"2020-02-27":{"cases":46,"deaths":0,"recoveries":16},"2020-02-28":{"cases":48,"deaths":0,"recoveries":16},"2020-02-29":{"cases":79,"deaths":0,"recoveries":16},"2020-03-01":{"cases":130,"deaths":0,"recoveries":16},"2020-03-02":{"cases":159,"deaths":0,"recoveries":16},"2020-03-03":{"cases":196,"deaths":0,"recoveries":16},"2020-03-04":{"cases":262,"deaths":0,"recoveries":16},"2020-03-05":{"cases":482,"deaths":0,"recoveries":16},"2020-03-06":{"cases":670,"deaths":0,"recoveries":17},"2020-03-07":{"cases":799,"deaths":0,"recoveries":18},"2020-03-08":{"cases":1040,"deaths":0,"recoveries":18},"2020-03-09":{"cases":1176,"deaths":2,"recoveries":18},"2020-03-10":{"cases":1457,"deaths":2,"recoveries":18},"2020-03-11":{"cases":1908,"deaths":3,"recoveries":25},"2020-03-12":{"cases":2078,"deaths":3,"recoveries":25},"2020-03-13":{"cases":3675,"deaths":7,"recoveries":46},"2020-03-14":{"cases":4585,"deaths":9,"recoveries":46},"2020-03-15":{"cases":5795,"deaths":11,"recoveries":46},"2020-03-16":{"cases":7272,"deaths":17,"recoveries":67},"2020-03-17":{"cases":9257,"deaths":24,"recoveries":67},"2020-03-18":{"cases":12327,"deaths":28,"recoveries":105},"2020-03-19":{"cases":15320,"deaths":44,"recoveries":113},"2020-03-20":{"cases":19848,"deaths":67,"recoveries":180},"2020-03-21":{"cases":22213,"deaths":84,"recoveries":233},"2020-03-22":{"cases":24873,"deaths":94,"recoveries":266},"2020-03-23":{"cases":29056,"deaths":123,"recoveries":266},"2020-03-24":{"cases":32986,"deaths":157,"recoveries":3243},"2020-03-25":{"cases":37323,"deaths":206,"recoveries":3547},"2020-03-26":{"cases":43938,"deaths":267,"recoveries":5673},"2020-03-27":{"cases":50871,"deaths":342,"recoveries":6658},"2020-03-28":{"cases":57695,"deaths":433,"recoveries":8481},"2020-03-29":{"cases":62095,"deaths":533,"recoveries":9211},"2020-03-30":{"cases":66885,"deaths":645,"recoveries":13500},"2020-03-31":{"cases":71808,"deaths":775,"recoveries":16100},"2020-04-01":{"cases":77872,"deaths":920,"recoveries":18700},"2020-04-02":{"cases":84794,"deaths":1107,"recoveries":22440},"2020-04-03":{"cases":91159,"deaths":1275,"recoveries":24575},"2020-04-04":{"cases":96092,"deaths":1444,"recoveries":26400},"2020-04-05":{"cases":100123,"deaths":1584,"recoveries":28700},"2020-04-06":{"cases":103374,"deaths":1810,"recoveries":28700},"2020-04-07":{"cases":107663,"deaths":2016,"recoveries":36081},"2020-04-08":{"cases":113296,"deaths":2349,"recoveries":46300},"2020-04-09":{"cases":118181,"deaths":2607,"recoveries":52407},"2020-04-10":{"cases":122171,"deaths":2767,"recoveries":53913},"2020-04-11":{"cases":124908,"deaths":2736,"recoveries":57400},"2020-04-12":{"cases":127854,"deaths":3022,"recoveries":60300},"2020-04-13":{"cases":130072,"deaths":3194,"recoveries":64300},"2020-04-14":{"cases":131359,"deaths":3294,"recoveries":68200},"2020-04-15":{"cases":134753,"deaths":3804,"recoveries":72600},"2020-04-16":{"cases":137698,"deaths":4052,"recoveries":77000},"2020-04-17":{"cases":141397,"deaths":4352,"recoveries":83114},"2020-04-18":{"cases":143342,"deaths":4459,"recoveries":85400},"2020-04-19":{"cases":145184,"deaths":4586,"recoveries":88000},"2020-04-20":{"cases":147065,"deaths":4862,"recoveries":91500},"2020-04-21":{"cases":148291,"deaths":5033,"recoveries":95200},"2020-04-22":{"cases":150648,"deaths":5279,"recoveries":99400}}}