{"name":"Gibraltar","country":"United Kingdom","type":"region","dates":{"2020-01-22":{"cases":0,"deaths":0,"recoveries":0},"2020-01-23":{"cases":0,"deaths":0,"recoveries":0},"2020-01-24":{"cases":0,"deaths":0,"recoveries":0},"2020-01-25":{"cases":0,"deaths":0,"recoveries":0},"2020-01-26":{"cases":0,"deaths":0,"recoveries":0},"2020-01-27":{"cases":0,"deaths":0,"recoveries":0},"2020-01-28":{"cases":0,"deaths":0,"recoveries":0},"2020-01-29":{"cases":0,"deaths":0,"recoveries":0},"2020-01-30":{"cases":0,"deaths":0,"recoveries":0},"2020-01-31":{"cases":0,"deaths":0,"recoveries":0},"2020-02-01":{"cases":0,"deaths":0,"recoveries":0},"2020-02-02":{"cases":0,"deaths":0,"recoveries":0},"2020-02-03":{"cases":0,"deaths":0,"recoveries":0},"2020-02-04":{"cases":0,"deaths":0,"recoveries":0},"2020-02-05":{"cases":0,"deaths":0,"recoveries":0},"2020-02-06":{"cases":0,"deaths":0,"recoveries":0},"2020-02-07":{"cases":0,"deaths":0,"recoveries":0},"2020-02-08":{"cases":0,"deaths":0,"recoveries":0},"2020-02-09":{"cases":0,"deaths":0,"recoveries":0},"2020-02-10":{"cases":0,"deaths":0,"recoveries":0},"2020-02-11":{"cases":0,"deaths":0,"recoveries":0},"2020-02-12":{"cases":0,"deaths":0,"recoveries":0},"2020-02-13":{"cases":0,"deaths":0,"recoveries":0},"2020-02-14":{"cases":0,"deaths":0,"recoveries":0},"2020-02-15":{"cases":0,"deaths":0,"recoveries":0},"2020-02-16":{"cases":0,"deaths":0,"recoveries":0},"2020-02-17":{"cases":0,"deaths":0,"recoveries":0},"2020-02-18":{"cases":0,"deaths":0,"recoveries":0},"2020-02-19":{"cases":0,"deaths":0,"recoveries":0},"2020-02-20":{"cases":0,"deaths":0,"recoveries":0},"2020-02-21":{"cases":0,"deaths":0,"recoveries":0},"2020-02-22":{"cases":0,"deaths":0,"recoveries":0},"2020-02-23":{"cases":0,"deaths":0,"recoveries":0},"2020-02-24":{"cases":0,"deaths":0,"recoveries":0},"2020-02-25":{"cases":0,"deaths":0,"recoveries":0},"2020-02-26":{"cases":0,"deaths":0,"recoveries":0},"2020-02-27":{"cases":0,"deaths":0,"recoveries":0},"2020-02-28":{"cases":0,"deaths":0,"recoveries":0},"2020-02-29":{"cases":0,"deaths":0,"recoveries":0},"2020-03-01":{"cases":0,"deaths":0,"recoveries":0},"2020-03-02":{"cases":0,"deaths":0,"recoveries":0},"2020-03-03":{"cases":0,"deaths":0,"recoveries":0},"2020-03-04":{"cases":1,"deaths":0,"recoveries":0},"2020-03-05":{"cases":1,"deaths":0,"recoveries":0},"2020-03-06":{"cases":1,"deaths":0,"recoveries":0},"2020-03-07":{"cases":1,"deaths":0,"recoveries":0},"2020-03-08":{"cases":1,"deaths":0,"recoveries":0},"2020-03-09":{"cases":1,"deaths":0,"recoveries":0},"2020-03-10":{"cases":1,"deaths":0,"recoveries":1},"2020-03-11":{"cases":1,"deaths":0,"recoveries":1},"2020-03-12":{"cases":1,"deaths":0,"recoveries":1},"2020-03-13":{"cases":1,"deaths":0,"recoveries":1},"2020-03-14":{"cases":1,"deaths":0,"recoveries":1},"2020-03-15":{"cases":1,"deaths":0,"recoveries":1},"2020-03-16":{"cases":1,"deaths":0,"recoveries":1},"2020-03-17":{"cases":3,"deaths":0,"recoveries":1},"2020-03-18":{"cases":8,"deaths":0,"recoveries":2},"2020-03-19":{"cases":10,"deaths":0,"recoveries":2},"2020-03-20":{"cases":10,"deaths":0,"recoveries":2},"2020-03-21":{"cases":10,"deaths":0,"recoveries":2},"2020-03-22":{"cases":15,"deaths":0,"recoveries":2},"2020-03-23":{"cases":15,"deaths":0,"recoveries":2},"2020-03-24":{"cases":15,"deaths":0,"recoveries":5},"2020-03-25":{"cases":26,"deaths":0,"recoveries":5},"2020-03-26":{"cases":35,"deaths":0,"recoveries":13},"2020-03-27":{"cases":55,"deaths":0,"recoveries":14},"2020-03-28":{"cases":56,"deaths":0,"recoveries":14},"2020-03-29":{"cases":65,"deaths":0,"recoveries":14},"2020-03-30":{"cases":69,"deaths":0,"recoveries":34},"2020-03-31":{"cases":69,"deaths":0,"recoveries":34},"2020-04-01":{"cases":81,"deaths":0,"recoveries":34},"2020-04-02":{"cases":88,"deaths":0,"recoveries":46},"2020-04-03":{"cases":95,"deaths":0,"recoveries":46},"2020-04-04":{"cases":98,"deaths":0,"recoveries":52},"2020-04-05":{"cases":103,"deaths":0,"recoveries":52},"2020-04-06":{"cases":109,"deaths":0,"recoveries":52},"2020-04-07":{"cases":113,"deaths":0,"recoveries":60},"2020-04-08":{"cases":120,"deaths":0,"recoveries":60},"2020-04-09":{"cases":123,"deaths":0,"recoveries":60},"2020-04-10":{"cases":127,"deaths":0,"recoveries":69},"2020-04-11":{"cases":129,"deaths":0,"recoveries":84},"2020-04-12":{"cases":129,"deaths":0,"recoveries":84},"2020-04-13":{"cases":129,"deaths":0,"recoveries":84},"2020-04-14":{"cases":129,"deaths":0,"recoveries":93},"2020-04-15":{"cases":131,"deaths":0,"recoveries":104},"2020-04-16":{"cases":131,"deaths":0,"recoveries":104},"2020-04-17":{"cases":132,"deaths":0,"recoveries":105},"2020-04-18":{"cases":132,"deaths":0,"recoveries":111},"2020-04-19":{"cases":132,"deaths":0,"recoveries":120},"2020-04-20":{"cases":132,"deaths":0,"recoveries":120},"2020-04-21":{"cases":132,"deaths":0,"recoveries":120},"2020-04-22":{"cases":132,"deaths":0,"recoveries":127}}}