{"name":"Greece","type":"country","dates":{"2020-01-22":{"cases":0,"deaths":0,"recoveries":0},"2020-01-23":{"cases":0,"deaths":0,"recoveries":0},"2020-01-24":{"cases":0,"deaths":0,"recoveries":0},"2020-01-25":{"cases":0,"deaths":0,"recoveries":0},"2020-01-26":{"cases":0,"deaths":0,"recoveries":0},"2020-01-27":{"cases":0,"deaths":0,"recoveries":0},"2020-01-28":{"cases":0,"deaths":0,"recoveries":0},"2020-01-29":{"cases":0,"deaths":0,"recoveries":0},"2020-01-30":{"cases":0,"deaths":0,"recoveries":0},"2020-01-31":{"cases":0,"deaths":0,"recoveries":0},"2020-02-01":{"cases":0,"deaths":0,"recoveries":0},"2020-02-02":{"cases":0,"deaths":0,"recoveries":0},"2020-02-03":{"cases":0,"deaths":0,"recoveries":0},"2020-02-04":{"cases":0,"deaths":0,"recoveries":0},"2020-02-05":{"cases":0,"deaths":0,"recoveries":0},"2020-02-06":{"cases":0,"deaths":0,"recoveries":0},"2020-02-07":{"cases":0,"deaths":0,"recoveries":0},"2020-02-08":{"cases":0,"deaths":0,"recoveries":0},"2020-02-09":{"cases":0,"deaths":0,"recoveries":0},"2020-02-10":{"cases":0,"deaths":0,"recoveries":0},"2020-02-11":{"cases":0,"deaths":0,"recoveries":0},"2020-02-12":{"cases":0,"deaths":0,"recoveries":0},"2020-02-13":{"cases":0,"deaths":0,"recoveries":0},"2020-02-14":{"cases":0,"deaths":0,"recoveries":0},"2020-02-15":{"cases":0,"deaths":0,"recoveries":0},"2020-02-16":{"cases":0,"deaths":0,"recoveries":0},"2020-02-17":{"cases":0,"deaths":0,"recoveries":0},"2020-02-18":{"cases":0,"deaths":0,"recoveries":0},"2020-02-19":{"cases":0,"deaths":0,"recoveries":0},"2020-02-20":{"cases":0,"deaths":0,"recoveries":0},"2020-02-21":{"cases":0,"deaths":0,"recoveries":0},"2020-02-22":{"cases":0,"deaths":0,"recoveries":0},"2020-02-23":{"cases":0,"deaths":0,"recoveries":0},"2020-02-24":{"cases":0,"deaths":0,"recoveries":0},"2020-02-25":{"cases":0,"deaths":0,"recoveries":0},"2020-02-26":{"cases":1,"deaths":0,"recoveries":0},"2020-02-27":{"cases":3,"deaths":0,"recoveries":0},"2020-02-28":{"cases":4,"deaths":0,"recoveries":0},"2020-02-29":{"cases":4,"deaths":0,"recoveries":0},"2020-03-01":{"cases":7,"deaths":0,"recoveries":0},"2020-03-02":{"cases":7,"deaths":0,"recoveries":0},"2020-03-03":{"cases":7,"deaths":0,"recoveries":0},"2020-03-04":{"cases":9,"deaths":0,"recoveries":0},"2020-03-05":{"cases":31,"deaths":0,"recoveries":0},"2020-03-06":{"cases":45,"deaths":0,"recoveries":0},"2020-03-07":{"cases":46,"deaths":0,"recoveries":0},"2020-03-08":{"cases":73,"deaths":0,"recoveries":0},"2020-03-09":{"cases":73,"deaths":0,"recoveries":0},"2020-03-10":{"cases":89,"deaths":0,"recoveries":0},"2020-03-11":{"cases":99,"deaths":1,"recoveries":0},"2020-03-12":{"cases":99,"deaths":1,"recoveries":0},"2020-03-13":{"cases":190,"deaths":1,"recoveries":0},"2020-03-14":{"cases":228,"deaths":3,"recoveries":8},"2020-03-15":{"cases":331,"deaths":4,"recoveries":8},"2020-03-16":{"cases":331,"deaths":4,"recoveries":8},"2020-03-17":{"cases":387,"deaths":5,"recoveries":8},"2020-03-18":{"cases":418,"deaths":5,"recoveries":8},"2020-03-19":{"cases":418,"deaths":6,"recoveries":8},"2020-03-20":{"cases":495,"deaths":6,"recoveries":19},"2020-03-21":{"cases":530,"deaths":13,"recoveries":19},"2020-03-22":{"cases":624,"deaths":15,"recoveries":19},"2020-03-23":{"cases":695,"deaths":17,"recoveries":19},"2020-03-24":{"cases":743,"deaths":20,"recoveries":29},"2020-03-25":{"cases":821,"deaths":22,"recoveries":36},"2020-03-26":{"cases":892,"deaths":26,"recoveries":36},"2020-03-27":{"cases":966,"deaths":28,"recoveries":52},"2020-03-28":{"cases":1061,"deaths":32,"recoveries":52},"2020-03-29":{"cases":1156,"deaths":38,"recoveries":52},"2020-03-30":{"cases":1212,"deaths":43,"recoveries":52},"2020-03-31":{"cases":1314,"deaths":49,"recoveries":52},"2020-04-01":{"cases":1415,"deaths":50,"recoveries":52},"2020-04-02":{"cases":1544,"deaths":53,"recoveries":61},"2020-04-03":{"cases":1613,"deaths":63,"recoveries":78},"2020-04-04":{"cases":1673,"deaths":68,"recoveries":78},"2020-04-05":{"cases":1735,"deaths":73,"recoveries":78},"2020-04-06":{"cases":1755,"deaths":79,"recoveries":269},"2020-04-07":{"cases":1832,"deaths":81,"recoveries":269},"2020-04-08":{"cases":1884,"deaths":83,"recoveries":269},"2020-04-09":{"cases":1955,"deaths":87,"recoveries":269},"2020-04-10":{"cases":2011,"deaths":92,"recoveries":269},"2020-04-11":{"cases":2081,"deaths":93,"recoveries":269},"2020-04-12":{"cases":2114,"deaths":98,"recoveries":269},"2020-04-13":{"cases":2145,"deaths":99,"recoveries":269},"2020-04-14":{"cases":2170,"deaths":101,"recoveries":269},"2020-04-15":{"cases":2192,"deaths":102,"recoveries":269},"2020-04-16":{"cases":2207,"deaths":105,"recoveries":269},"2020-04-17":{"cases":2224,"deaths":108,"recoveries":269},"2020-04-18":{"cases":2235,"deaths":110,"recoveries":269},"2020-04-19":{"cases":2235,"deaths":113,"recoveries":269},"2020-04-20":{"cases":2245,"deaths":116,"recoveries":269},"2020-04-21":{"cases":2401,"deaths":121,"recoveries":577},"2020-04-22":{"cases":2408,"deaths":121,"recoveries":577}}}