{"name":"Guangdong","country":"China","type":"region","dates":{"2020-01-22":{"cases":26,"deaths":0,"recoveries":0},"2020-01-23":{"cases":32,"deaths":0,"recoveries":2},"2020-01-24":{"cases":53,"deaths":0,"recoveries":2},"2020-01-25":{"cases":78,"deaths":0,"recoveries":2},"2020-01-26":{"cases":111,"deaths":0,"recoveries":2},"2020-01-27":{"cases":151,"deaths":0,"recoveries":4},"2020-01-28":{"cases":207,"deaths":0,"recoveries":4},"2020-01-29":{"cases":277,"deaths":0,"recoveries":5},"2020-01-30":{"cases":354,"deaths":0,"recoveries":10},"2020-01-31":{"cases":436,"deaths":0,"recoveries":11},"2020-02-01":{"cases":535,"deaths":0,"recoveries":14},"2020-02-02":{"cases":632,"deaths":0,"recoveries":15},"2020-02-03":{"cases":725,"deaths":0,"recoveries":21},"2020-02-04":{"cases":813,"deaths":0,"recoveries":30},"2020-02-05":{"cases":895,"deaths":0,"recoveries":49},"2020-02-06":{"cases":970,"deaths":0,"recoveries":69},"2020-02-07":{"cases":1034,"deaths":1,"recoveries":88},"2020-02-08":{"cases":1095,"deaths":1,"recoveries":112},"2020-02-09":{"cases":1131,"deaths":1,"recoveries":141},"2020-02-10":{"cases":1159,"deaths":1,"recoveries":167},"2020-02-11":{"cases":1177,"deaths":1,"recoveries":212},"2020-02-12":{"cases":1219,"deaths":1,"recoveries":275},"2020-02-13":{"cases":1241,"deaths":2,"recoveries":314},"2020-02-14":{"cases":1261,"deaths":2,"recoveries":362},"2020-02-15":{"cases":1294,"deaths":2,"recoveries":410},"2020-02-16":{"cases":1316,"deaths":2,"recoveries":465},"2020-02-17":{"cases":1322,"deaths":4,"recoveries":524},"2020-02-18":{"cases":1328,"deaths":4,"recoveries":565},"2020-02-19":{"cases":1331,"deaths":5,"recoveries":606},"2020-02-20":{"cases":1332,"deaths":5,"recoveries":642},"2020-02-21":{"cases":1333,"deaths":5,"recoveries":690},"2020-02-22":{"cases":1339,"deaths":5,"recoveries":728},"2020-02-23":{"cases":1342,"deaths":6,"recoveries":755},"2020-02-24":{"cases":1345,"deaths":6,"recoveries":786},"2020-02-25":{"cases":1347,"deaths":7,"recoveries":822},"2020-02-26":{"cases":1347,"deaths":7,"recoveries":851},"2020-02-27":{"cases":1347,"deaths":7,"recoveries":890},"2020-02-28":{"cases":1348,"deaths":7,"recoveries":935},"2020-02-29":{"cases":1349,"deaths":7,"recoveries":983},"2020-03-01":{"cases":1349,"deaths":7,"recoveries":1016},"2020-03-02":{"cases":1350,"deaths":7,"recoveries":1059},"2020-03-03":{"cases":1350,"deaths":7,"recoveries":1101},"2020-03-04":{"cases":1350,"deaths":7,"recoveries":1133},"2020-03-05":{"cases":1351,"deaths":7,"recoveries":1181},"2020-03-06":{"cases":1352,"deaths":7,"recoveries":1216},"2020-03-07":{"cases":1352,"deaths":7,"recoveries":1237},"2020-03-08":{"cases":1352,"deaths":7,"recoveries":1256},"2020-03-09":{"cases":1352,"deaths":8,"recoveries":1260},"2020-03-10":{"cases":1353,"deaths":8,"recoveries":1274},"2020-03-11":{"cases":1356,"deaths":8,"recoveries":1282},"2020-03-12":{"cases":1356,"deaths":8,"recoveries":1289},"2020-03-13":{"cases":1356,"deaths":8,"recoveries":1296},"2020-03-14":{"cases":1356,"deaths":8,"recoveries":1299},"2020-03-15":{"cases":1360,"deaths":8,"recoveries":1304},"2020-03-16":{"cases":1361,"deaths":8,"recoveries":1306},"2020-03-17":{"cases":1364,"deaths":8,"recoveries":1307},"2020-03-18":{"cases":1370,"deaths":8,"recoveries":1313},"2020-03-19":{"cases":1378,"deaths":8,"recoveries":1318},"2020-03-20":{"cases":1395,"deaths":8,"recoveries":1323},"2020-03-21":{"cases":1400,"deaths":8,"recoveries":1325},"2020-03-22":{"cases":1413,"deaths":8,"recoveries":1329},"2020-03-23":{"cases":1415,"deaths":8,"recoveries":1332},"2020-03-24":{"cases":1428,"deaths":8,"recoveries":1333},"2020-03-25":{"cases":1433,"deaths":8,"recoveries":1336},"2020-03-26":{"cases":1448,"deaths":8,"recoveries":1336},"2020-03-27":{"cases":1456,"deaths":8,"recoveries":1337},"2020-03-28":{"cases":1467,"deaths":8,"recoveries":1341},"2020-03-29":{"cases":1475,"deaths":8,"recoveries":1349},"2020-03-30":{"cases":1484,"deaths":8,"recoveries":1351},"2020-03-31":{"cases":1494,"deaths":8,"recoveries":1356},"2020-04-01":{"cases":1501,"deaths":8,"recoveries":1357},"2020-04-02":{"cases":1507,"deaths":8,"recoveries":1365},"2020-04-03":{"cases":1514,"deaths":8,"recoveries":1368},"2020-04-04":{"cases":1516,"deaths":8,"recoveries":1378},"2020-04-05":{"cases":1524,"deaths":8,"recoveries":1387},"2020-04-06":{"cases":1532,"deaths":8,"recoveries":1395},"2020-04-07":{"cases":1533,"deaths":8,"recoveries":1401},"2020-04-08":{"cases":1536,"deaths":8,"recoveries":1411},"2020-04-09":{"cases":1539,"deaths":8,"recoveries":1423},"2020-04-10":{"cases":1544,"deaths":8,"recoveries":1434},"2020-04-11":{"cases":1548,"deaths":8,"recoveries":1437},"2020-04-12":{"cases":1552,"deaths":8,"recoveries":1443},"2020-04-13":{"cases":1555,"deaths":8,"recoveries":1454},"2020-04-14":{"cases":1564,"deaths":8,"recoveries":1458},"2020-04-15":{"cases":1566,"deaths":8,"recoveries":1462},"2020-04-16":{"cases":1571,"deaths":8,"recoveries":1471},"2020-04-17":{"cases":1577,"deaths":8,"recoveries":1475},"2020-04-18":{"cases":1579,"deaths":8,"recoveries":1482},"2020-04-19":{"cases":1580,"deaths":8,"recoveries":1490},"2020-04-20":{"cases":1581,"deaths":8,"recoveries":1494},"2020-04-21":{"cases":1582,"deaths":8,"recoveries":1501},"2020-04-22":{"cases":1582,"deaths":8,"recoveries":1511}}}