{"name":"Guangxi","country":"China","type":"region","dates":{"2020-01-22":{"cases":2,"deaths":0,"recoveries":0},"2020-01-23":{"cases":5,"deaths":0,"recoveries":0},"2020-01-24":{"cases":23,"deaths":0,"recoveries":0},"2020-01-25":{"cases":23,"deaths":0,"recoveries":0},"2020-01-26":{"cases":36,"deaths":0,"recoveries":0},"2020-01-27":{"cases":46,"deaths":0,"recoveries":0},"2020-01-28":{"cases":51,"deaths":0,"recoveries":2},"2020-01-29":{"cases":58,"deaths":0,"recoveries":2},"2020-01-30":{"cases":78,"deaths":0,"recoveries":2},"2020-01-31":{"cases":87,"deaths":0,"recoveries":2},"2020-02-01":{"cases":100,"deaths":0,"recoveries":2},"2020-02-02":{"cases":111,"deaths":0,"recoveries":2},"2020-02-03":{"cases":127,"deaths":0,"recoveries":7},"2020-02-04":{"cases":139,"deaths":0,"recoveries":10},"2020-02-05":{"cases":150,"deaths":0,"recoveries":13},"2020-02-06":{"cases":168,"deaths":0,"recoveries":14},"2020-02-07":{"cases":172,"deaths":0,"recoveries":17},"2020-02-08":{"cases":183,"deaths":0,"recoveries":17},"2020-02-09":{"cases":195,"deaths":1,"recoveries":18},"2020-02-10":{"cases":210,"deaths":1,"recoveries":24},"2020-02-11":{"cases":215,"deaths":1,"recoveries":33},"2020-02-12":{"cases":222,"deaths":1,"recoveries":32},"2020-02-13":{"cases":222,"deaths":2,"recoveries":33},"2020-02-14":{"cases":226,"deaths":2,"recoveries":36},"2020-02-15":{"cases":235,"deaths":2,"recoveries":44},"2020-02-16":{"cases":237,"deaths":2,"recoveries":49},"2020-02-17":{"cases":238,"deaths":2,"recoveries":53},"2020-02-18":{"cases":242,"deaths":2,"recoveries":69},"2020-02-19":{"cases":244,"deaths":2,"recoveries":86},"2020-02-20":{"cases":245,"deaths":2,"recoveries":90},"2020-02-21":{"cases":246,"deaths":2,"recoveries":97},"2020-02-22":{"cases":249,"deaths":2,"recoveries":104},"2020-02-23":{"cases":249,"deaths":2,"recoveries":106},"2020-02-24":{"cases":251,"deaths":2,"recoveries":112},"2020-02-25":{"cases":252,"deaths":2,"recoveries":134},"2020-02-26":{"cases":252,"deaths":2,"recoveries":147},"2020-02-27":{"cases":252,"deaths":2,"recoveries":161},"2020-02-28":{"cases":252,"deaths":2,"recoveries":168},"2020-02-29":{"cases":252,"deaths":2,"recoveries":176},"2020-03-01":{"cases":252,"deaths":2,"recoveries":181},"2020-03-02":{"cases":252,"deaths":2,"recoveries":192},"2020-03-03":{"cases":252,"deaths":2,"recoveries":202},"2020-03-04":{"cases":252,"deaths":2,"recoveries":210},"2020-03-05":{"cases":252,"deaths":2,"recoveries":214},"2020-03-06":{"cases":252,"deaths":2,"recoveries":217},"2020-03-07":{"cases":252,"deaths":2,"recoveries":218},"2020-03-08":{"cases":252,"deaths":2,"recoveries":223},"2020-03-09":{"cases":252,"deaths":2,"recoveries":230},"2020-03-10":{"cases":252,"deaths":2,"recoveries":234},"2020-03-11":{"cases":252,"deaths":2,"recoveries":238},"2020-03-12":{"cases":252,"deaths":2,"recoveries":241},"2020-03-13":{"cases":252,"deaths":2,"recoveries":243},"2020-03-14":{"cases":252,"deaths":2,"recoveries":243},"2020-03-15":{"cases":252,"deaths":2,"recoveries":243},"2020-03-16":{"cases":252,"deaths":2,"recoveries":248},"2020-03-17":{"cases":253,"deaths":2,"recoveries":248},"2020-03-18":{"cases":253,"deaths":2,"recoveries":250},"2020-03-19":{"cases":253,"deaths":2,"recoveries":250},"2020-03-20":{"cases":254,"deaths":2,"recoveries":250},"2020-03-21":{"cases":254,"deaths":2,"recoveries":250},"2020-03-22":{"cases":254,"deaths":2,"recoveries":250},"2020-03-23":{"cases":254,"deaths":2,"recoveries":250},"2020-03-24":{"cases":254,"deaths":2,"recoveries":250},"2020-03-25":{"cases":254,"deaths":2,"recoveries":250},"2020-03-26":{"cases":254,"deaths":2,"recoveries":250},"2020-03-27":{"cases":254,"deaths":2,"recoveries":250},"2020-03-28":{"cases":254,"deaths":2,"recoveries":250},"2020-03-29":{"cases":254,"deaths":2,"recoveries":250},"2020-03-30":{"cases":254,"deaths":2,"recoveries":250},"2020-03-31":{"cases":254,"deaths":2,"recoveries":250},"2020-04-01":{"cases":254,"deaths":2,"recoveries":250},"2020-04-02":{"cases":254,"deaths":2,"recoveries":252},"2020-04-03":{"cases":254,"deaths":2,"recoveries":252},"2020-04-04":{"cases":254,"deaths":2,"recoveries":252},"2020-04-05":{"cases":254,"deaths":2,"recoveries":252},"2020-04-06":{"cases":254,"deaths":2,"recoveries":252},"2020-04-07":{"cases":254,"deaths":2,"recoveries":252},"2020-04-08":{"cases":254,"deaths":2,"recoveries":252},"2020-04-09":{"cases":254,"deaths":2,"recoveries":252},"2020-04-10":{"cases":254,"deaths":2,"recoveries":252},"2020-04-11":{"cases":254,"deaths":2,"recoveries":252},"2020-04-12":{"cases":254,"deaths":2,"recoveries":252},"2020-04-13":{"cases":254,"deaths":2,"recoveries":252},"2020-04-14":{"cases":254,"deaths":2,"recoveries":252},"2020-04-15":{"cases":254,"deaths":2,"recoveries":252},"2020-04-16":{"cases":254,"deaths":2,"recoveries":252},"2020-04-17":{"cases":254,"deaths":2,"recoveries":252},"2020-04-18":{"cases":254,"deaths":2,"recoveries":252},"2020-04-19":{"cases":254,"deaths":2,"recoveries":252},"2020-04-20":{"cases":254,"deaths":2,"recoveries":252},"2020-04-21":{"cases":254,"deaths":2,"recoveries":252},"2020-04-22":{"cases":254,"deaths":2,"recoveries":252}}}