{"name":"Guatemala","type":"country","dates":{"2020-01-22":{"cases":0,"deaths":0,"recoveries":0},"2020-01-23":{"cases":0,"deaths":0,"recoveries":0},"2020-01-24":{"cases":0,"deaths":0,"recoveries":0},"2020-01-25":{"cases":0,"deaths":0,"recoveries":0},"2020-01-26":{"cases":0,"deaths":0,"recoveries":0},"2020-01-27":{"cases":0,"deaths":0,"recoveries":0},"2020-01-28":{"cases":0,"deaths":0,"recoveries":0},"2020-01-29":{"cases":0,"deaths":0,"recoveries":0},"2020-01-30":{"cases":0,"deaths":0,"recoveries":0},"2020-01-31":{"cases":0,"deaths":0,"recoveries":0},"2020-02-01":{"cases":0,"deaths":0,"recoveries":0},"2020-02-02":{"cases":0,"deaths":0,"recoveries":0},"2020-02-03":{"cases":0,"deaths":0,"recoveries":0},"2020-02-04":{"cases":0,"deaths":0,"recoveries":0},"2020-02-05":{"cases":0,"deaths":0,"recoveries":0},"2020-02-06":{"cases":0,"deaths":0,"recoveries":0},"2020-02-07":{"cases":0,"deaths":0,"recoveries":0},"2020-02-08":{"cases":0,"deaths":0,"recoveries":0},"2020-02-09":{"cases":0,"deaths":0,"recoveries":0},"2020-02-10":{"cases":0,"deaths":0,"recoveries":0},"2020-02-11":{"cases":0,"deaths":0,"recoveries":0},"2020-02-12":{"cases":0,"deaths":0,"recoveries":0},"2020-02-13":{"cases":0,"deaths":0,"recoveries":0},"2020-02-14":{"cases":0,"deaths":0,"recoveries":0},"2020-02-15":{"cases":0,"deaths":0,"recoveries":0},"2020-02-16":{"cases":0,"deaths":0,"recoveries":0},"2020-02-17":{"cases":0,"deaths":0,"recoveries":0},"2020-02-18":{"cases":0,"deaths":0,"recoveries":0},"2020-02-19":{"cases":0,"deaths":0,"recoveries":0},"2020-02-20":{"cases":0,"deaths":0,"recoveries":0},"2020-02-21":{"cases":0,"deaths":0,"recoveries":0},"2020-02-22":{"cases":0,"deaths":0,"recoveries":0},"2020-02-23":{"cases":0,"deaths":0,"recoveries":0},"2020-02-24":{"cases":0,"deaths":0,"recoveries":0},"2020-02-25":{"cases":0,"deaths":0,"recoveries":0},"2020-02-26":{"cases":0,"deaths":0,"recoveries":0},"2020-02-27":{"cases":0,"deaths":0,"recoveries":0},"2020-02-28":{"cases":0,"deaths":0,"recoveries":0},"2020-02-29":{"cases":0,"deaths":0,"recoveries":0},"2020-03-01":{"cases":0,"deaths":0,"recoveries":0},"2020-03-02":{"cases":0,"deaths":0,"recoveries":0},"2020-03-03":{"cases":0,"deaths":0,"recoveries":0},"2020-03-04":{"cases":0,"deaths":0,"recoveries":0},"2020-03-05":{"cases":0,"deaths":0,"recoveries":0},"2020-03-06":{"cases":0,"deaths":0,"recoveries":0},"2020-03-07":{"cases":0,"deaths":0,"recoveries":0},"2020-03-08":{"cases":0,"deaths":0,"recoveries":0},"2020-03-09":{"cases":0,"deaths":0,"recoveries":0},"2020-03-10":{"cases":0,"deaths":0,"recoveries":0},"2020-03-11":{"cases":0,"deaths":0,"recoveries":0},"2020-03-12":{"cases":0,"deaths":0,"recoveries":0},"2020-03-13":{"cases":0,"deaths":0,"recoveries":0},"2020-03-14":{"cases":1,"deaths":0,"recoveries":0},"2020-03-15":{"cases":1,"deaths":0,"recoveries":0},"2020-03-16":{"cases":2,"deaths":1,"recoveries":0},"2020-03-17":{"cases":6,"deaths":1,"recoveries":0},"2020-03-18":{"cases":6,"deaths":1,"recoveries":0},"2020-03-19":{"cases":9,"deaths":1,"recoveries":0},"2020-03-20":{"cases":12,"deaths":1,"recoveries":0},"2020-03-21":{"cases":17,"deaths":1,"recoveries":0},"2020-03-22":{"cases":19,"deaths":1,"recoveries":0},"2020-03-23":{"cases":20,"deaths":1,"recoveries":0},"2020-03-24":{"cases":21,"deaths":1,"recoveries":0},"2020-03-25":{"cases":24,"deaths":1,"recoveries":4},"2020-03-26":{"cases":25,"deaths":1,"recoveries":4},"2020-03-27":{"cases":28,"deaths":1,"recoveries":4},"2020-03-28":{"cases":34,"deaths":1,"recoveries":10},"2020-03-29":{"cases":34,"deaths":1,"recoveries":10},"2020-03-30":{"cases":36,"deaths":1,"recoveries":10},"2020-03-31":{"cases":38,"deaths":1,"recoveries":12},"2020-04-01":{"cases":39,"deaths":1,"recoveries":12},"2020-04-02":{"cases":47,"deaths":1,"recoveries":12},"2020-04-03":{"cases":50,"deaths":1,"recoveries":12},"2020-04-04":{"cases":61,"deaths":2,"recoveries":15},"2020-04-05":{"cases":61,"deaths":2,"recoveries":15},"2020-04-06":{"cases":70,"deaths":3,"recoveries":15},"2020-04-07":{"cases":77,"deaths":3,"recoveries":17},"2020-04-08":{"cases":87,"deaths":3,"recoveries":17},"2020-04-09":{"cases":95,"deaths":3,"recoveries":17},"2020-04-10":{"cases":126,"deaths":3,"recoveries":17},"2020-04-11":{"cases":137,"deaths":3,"recoveries":19},"2020-04-12":{"cases":155,"deaths":5,"recoveries":19},"2020-04-13":{"cases":156,"deaths":5,"recoveries":19},"2020-04-14":{"cases":167,"deaths":5,"recoveries":19},"2020-04-15":{"cases":180,"deaths":5,"recoveries":19},"2020-04-16":{"cases":196,"deaths":5,"recoveries":19},"2020-04-17":{"cases":214,"deaths":7,"recoveries":21},"2020-04-18":{"cases":235,"deaths":7,"recoveries":21},"2020-04-19":{"cases":257,"deaths":7,"recoveries":21},"2020-04-20":{"cases":289,"deaths":7,"recoveries":21},"2020-04-21":{"cases":294,"deaths":7,"recoveries":24},"2020-04-22":{"cases":316,"deaths":8,"recoveries":24}}}