{"name":"Guizhou","country":"China","type":"region","dates":{"2020-01-22":{"cases":1,"deaths":0,"recoveries":0},"2020-01-23":{"cases":3,"deaths":0,"recoveries":0},"2020-01-24":{"cases":3,"deaths":0,"recoveries":0},"2020-01-25":{"cases":4,"deaths":0,"recoveries":0},"2020-01-26":{"cases":5,"deaths":0,"recoveries":0},"2020-01-27":{"cases":7,"deaths":0,"recoveries":0},"2020-01-28":{"cases":9,"deaths":0,"recoveries":0},"2020-01-29":{"cases":9,"deaths":0,"recoveries":1},"2020-01-30":{"cases":12,"deaths":0,"recoveries":1},"2020-01-31":{"cases":29,"deaths":0,"recoveries":2},"2020-02-01":{"cases":29,"deaths":0,"recoveries":2},"2020-02-02":{"cases":38,"deaths":0,"recoveries":2},"2020-02-03":{"cases":46,"deaths":0,"recoveries":2},"2020-02-04":{"cases":58,"deaths":0,"recoveries":2},"2020-02-05":{"cases":64,"deaths":1,"recoveries":9},"2020-02-06":{"cases":71,"deaths":1,"recoveries":6},"2020-02-07":{"cases":81,"deaths":1,"recoveries":6},"2020-02-08":{"cases":89,"deaths":1,"recoveries":7},"2020-02-09":{"cases":99,"deaths":1,"recoveries":7},"2020-02-10":{"cases":109,"deaths":1,"recoveries":10},"2020-02-11":{"cases":127,"deaths":1,"recoveries":17},"2020-02-12":{"cases":133,"deaths":1,"recoveries":18},"2020-02-13":{"cases":135,"deaths":1,"recoveries":27},"2020-02-14":{"cases":140,"deaths":1,"recoveries":28},"2020-02-15":{"cases":143,"deaths":1,"recoveries":41},"2020-02-16":{"cases":144,"deaths":1,"recoveries":46},"2020-02-17":{"cases":146,"deaths":1,"recoveries":57},"2020-02-18":{"cases":146,"deaths":2,"recoveries":66},"2020-02-19":{"cases":146,"deaths":2,"recoveries":70},"2020-02-20":{"cases":146,"deaths":2,"recoveries":72},"2020-02-21":{"cases":146,"deaths":2,"recoveries":77},"2020-02-22":{"cases":146,"deaths":2,"recoveries":90},"2020-02-23":{"cases":146,"deaths":2,"recoveries":102},"2020-02-24":{"cases":146,"deaths":2,"recoveries":102},"2020-02-25":{"cases":146,"deaths":2,"recoveries":104},"2020-02-26":{"cases":146,"deaths":2,"recoveries":104},"2020-02-27":{"cases":146,"deaths":2,"recoveries":112},"2020-02-28":{"cases":146,"deaths":2,"recoveries":112},"2020-02-29":{"cases":146,"deaths":2,"recoveries":112},"2020-03-01":{"cases":146,"deaths":2,"recoveries":112},"2020-03-02":{"cases":146,"deaths":2,"recoveries":114},"2020-03-03":{"cases":146,"deaths":2,"recoveries":114},"2020-03-04":{"cases":146,"deaths":2,"recoveries":114},"2020-03-05":{"cases":146,"deaths":2,"recoveries":114},"2020-03-06":{"cases":146,"deaths":2,"recoveries":114},"2020-03-07":{"cases":146,"deaths":2,"recoveries":115},"2020-03-08":{"cases":146,"deaths":2,"recoveries":117},"2020-03-09":{"cases":146,"deaths":2,"recoveries":123},"2020-03-10":{"cases":146,"deaths":2,"recoveries":129},"2020-03-11":{"cases":146,"deaths":2,"recoveries":133},"2020-03-12":{"cases":146,"deaths":2,"recoveries":137},"2020-03-13":{"cases":146,"deaths":2,"recoveries":140},"2020-03-14":{"cases":146,"deaths":2,"recoveries":143},"2020-03-15":{"cases":146,"deaths":2,"recoveries":143},"2020-03-16":{"cases":146,"deaths":2,"recoveries":144},"2020-03-17":{"cases":147,"deaths":2,"recoveries":144},"2020-03-18":{"cases":146,"deaths":2,"recoveries":144},"2020-03-19":{"cases":146,"deaths":2,"recoveries":144},"2020-03-20":{"cases":146,"deaths":2,"recoveries":144},"2020-03-21":{"cases":146,"deaths":2,"recoveries":144},"2020-03-22":{"cases":146,"deaths":2,"recoveries":144},"2020-03-23":{"cases":146,"deaths":2,"recoveries":144},"2020-03-24":{"cases":146,"deaths":2,"recoveries":144},"2020-03-25":{"cases":146,"deaths":2,"recoveries":144},"2020-03-26":{"cases":146,"deaths":2,"recoveries":144},"2020-03-27":{"cases":146,"deaths":2,"recoveries":144},"2020-03-28":{"cases":146,"deaths":2,"recoveries":144},"2020-03-29":{"cases":146,"deaths":2,"recoveries":144},"2020-03-30":{"cases":146,"deaths":2,"recoveries":144},"2020-03-31":{"cases":146,"deaths":2,"recoveries":144},"2020-04-01":{"cases":146,"deaths":2,"recoveries":144},"2020-04-02":{"cases":146,"deaths":2,"recoveries":144},"2020-04-03":{"cases":146,"deaths":2,"recoveries":144},"2020-04-04":{"cases":146,"deaths":2,"recoveries":144},"2020-04-05":{"cases":146,"deaths":2,"recoveries":144},"2020-04-06":{"cases":146,"deaths":2,"recoveries":144},"2020-04-07":{"cases":146,"deaths":2,"recoveries":144},"2020-04-08":{"cases":146,"deaths":2,"recoveries":144},"2020-04-09":{"cases":146,"deaths":2,"recoveries":144},"2020-04-10":{"cases":146,"deaths":2,"recoveries":144},"2020-04-11":{"cases":146,"deaths":2,"recoveries":144},"2020-04-12":{"cases":146,"deaths":2,"recoveries":144},"2020-04-13":{"cases":146,"deaths":2,"recoveries":144},"2020-04-14":{"cases":146,"deaths":2,"recoveries":144},"2020-04-15":{"cases":146,"deaths":2,"recoveries":144},"2020-04-16":{"cases":146,"deaths":2,"recoveries":144},"2020-04-17":{"cases":146,"deaths":2,"recoveries":144},"2020-04-18":{"cases":146,"deaths":2,"recoveries":144},"2020-04-19":{"cases":147,"deaths":2,"recoveries":145},"2020-04-20":{"cases":147,"deaths":2,"recoveries":145},"2020-04-21":{"cases":147,"deaths":2,"recoveries":145},"2020-04-22":{"cases":147,"deaths":2,"recoveries":145}}}