{"name":"Hainan","country":"China","type":"region","dates":{"2020-01-22":{"cases":4,"deaths":0,"recoveries":0},"2020-01-23":{"cases":5,"deaths":0,"recoveries":0},"2020-01-24":{"cases":8,"deaths":0,"recoveries":0},"2020-01-25":{"cases":19,"deaths":0,"recoveries":0},"2020-01-26":{"cases":22,"deaths":0,"recoveries":0},"2020-01-27":{"cases":33,"deaths":1,"recoveries":0},"2020-01-28":{"cases":40,"deaths":1,"recoveries":0},"2020-01-29":{"cases":43,"deaths":1,"recoveries":0},"2020-01-30":{"cases":46,"deaths":1,"recoveries":1},"2020-01-31":{"cases":52,"deaths":1,"recoveries":1},"2020-02-01":{"cases":62,"deaths":1,"recoveries":1},"2020-02-02":{"cases":64,"deaths":1,"recoveries":4},"2020-02-03":{"cases":72,"deaths":1,"recoveries":4},"2020-02-04":{"cases":80,"deaths":1,"recoveries":5},"2020-02-05":{"cases":99,"deaths":1,"recoveries":5},"2020-02-06":{"cases":106,"deaths":1,"recoveries":8},"2020-02-07":{"cases":117,"deaths":2,"recoveries":10},"2020-02-08":{"cases":124,"deaths":2,"recoveries":14},"2020-02-09":{"cases":131,"deaths":3,"recoveries":19},"2020-02-10":{"cases":138,"deaths":3,"recoveries":19},"2020-02-11":{"cases":144,"deaths":3,"recoveries":20},"2020-02-12":{"cases":157,"deaths":4,"recoveries":27},"2020-02-13":{"cases":157,"deaths":4,"recoveries":30},"2020-02-14":{"cases":159,"deaths":4,"recoveries":43},"2020-02-15":{"cases":162,"deaths":4,"recoveries":39},"2020-02-16":{"cases":162,"deaths":4,"recoveries":52},"2020-02-17":{"cases":163,"deaths":4,"recoveries":59},"2020-02-18":{"cases":163,"deaths":4,"recoveries":79},"2020-02-19":{"cases":168,"deaths":4,"recoveries":84},"2020-02-20":{"cases":168,"deaths":4,"recoveries":86},"2020-02-21":{"cases":168,"deaths":4,"recoveries":95},"2020-02-22":{"cases":168,"deaths":4,"recoveries":104},"2020-02-23":{"cases":168,"deaths":5,"recoveries":106},"2020-02-24":{"cases":168,"deaths":5,"recoveries":116},"2020-02-25":{"cases":168,"deaths":5,"recoveries":124},"2020-02-26":{"cases":168,"deaths":5,"recoveries":129},"2020-02-27":{"cases":168,"deaths":5,"recoveries":131},"2020-02-28":{"cases":168,"deaths":5,"recoveries":133},"2020-02-29":{"cases":168,"deaths":5,"recoveries":148},"2020-03-01":{"cases":168,"deaths":5,"recoveries":149},"2020-03-02":{"cases":168,"deaths":5,"recoveries":151},"2020-03-03":{"cases":168,"deaths":5,"recoveries":155},"2020-03-04":{"cases":168,"deaths":5,"recoveries":158},"2020-03-05":{"cases":168,"deaths":6,"recoveries":158},"2020-03-06":{"cases":168,"deaths":6,"recoveries":158},"2020-03-07":{"cases":168,"deaths":6,"recoveries":158},"2020-03-08":{"cases":168,"deaths":6,"recoveries":159},"2020-03-09":{"cases":168,"deaths":6,"recoveries":159},"2020-03-10":{"cases":168,"deaths":6,"recoveries":159},"2020-03-11":{"cases":168,"deaths":6,"recoveries":159},"2020-03-12":{"cases":168,"deaths":6,"recoveries":160},"2020-03-13":{"cases":168,"deaths":6,"recoveries":160},"2020-03-14":{"cases":168,"deaths":6,"recoveries":160},"2020-03-15":{"cases":168,"deaths":6,"recoveries":160},"2020-03-16":{"cases":168,"deaths":6,"recoveries":161},"2020-03-17":{"cases":168,"deaths":6,"recoveries":161},"2020-03-18":{"cases":168,"deaths":6,"recoveries":161},"2020-03-19":{"cases":168,"deaths":6,"recoveries":161},"2020-03-20":{"cases":168,"deaths":6,"recoveries":161},"2020-03-21":{"cases":168,"deaths":6,"recoveries":161},"2020-03-22":{"cases":168,"deaths":6,"recoveries":161},"2020-03-23":{"cases":168,"deaths":6,"recoveries":161},"2020-03-24":{"cases":168,"deaths":6,"recoveries":168},"2020-03-25":{"cases":168,"deaths":6,"recoveries":168},"2020-03-26":{"cases":168,"deaths":6,"recoveries":168},"2020-03-27":{"cases":168,"deaths":6,"recoveries":168},"2020-03-28":{"cases":168,"deaths":6,"recoveries":168},"2020-03-29":{"cases":168,"deaths":6,"recoveries":168},"2020-03-30":{"cases":168,"deaths":6,"recoveries":168},"2020-03-31":{"cases":168,"deaths":6,"recoveries":168},"2020-04-01":{"cases":168,"deaths":6,"recoveries":168},"2020-04-02":{"cases":168,"deaths":6,"recoveries":162},"2020-04-03":{"cases":168,"deaths":6,"recoveries":162},"2020-04-04":{"cases":168,"deaths":6,"recoveries":162},"2020-04-05":{"cases":168,"deaths":6,"recoveries":162},"2020-04-06":{"cases":168,"deaths":6,"recoveries":162},"2020-04-07":{"cases":168,"deaths":6,"recoveries":162},"2020-04-08":{"cases":168,"deaths":6,"recoveries":162},"2020-04-09":{"cases":168,"deaths":6,"recoveries":162},"2020-04-10":{"cases":168,"deaths":6,"recoveries":162},"2020-04-11":{"cases":168,"deaths":6,"recoveries":162},"2020-04-12":{"cases":168,"deaths":6,"recoveries":162},"2020-04-13":{"cases":168,"deaths":6,"recoveries":162},"2020-04-14":{"cases":168,"deaths":6,"recoveries":162},"2020-04-15":{"cases":168,"deaths":6,"recoveries":162},"2020-04-16":{"cases":168,"deaths":6,"recoveries":162},"2020-04-17":{"cases":168,"deaths":6,"recoveries":162},"2020-04-18":{"cases":168,"deaths":6,"recoveries":162},"2020-04-19":{"cases":168,"deaths":6,"recoveries":162},"2020-04-20":{"cases":168,"deaths":6,"recoveries":162},"2020-04-21":{"cases":168,"deaths":6,"recoveries":162},"2020-04-22":{"cases":168,"deaths":6,"recoveries":162}}}