{"name":"Hebei","country":"China","type":"region","dates":{"2020-01-22":{"cases":1,"deaths":0,"recoveries":0},"2020-01-23":{"cases":1,"deaths":1,"recoveries":0},"2020-01-24":{"cases":2,"deaths":1,"recoveries":0},"2020-01-25":{"cases":8,"deaths":1,"recoveries":0},"2020-01-26":{"cases":13,"deaths":1,"recoveries":0},"2020-01-27":{"cases":18,"deaths":1,"recoveries":0},"2020-01-28":{"cases":33,"deaths":1,"recoveries":0},"2020-01-29":{"cases":48,"deaths":1,"recoveries":0},"2020-01-30":{"cases":65,"deaths":1,"recoveries":0},"2020-01-31":{"cases":82,"deaths":1,"recoveries":0},"2020-02-01":{"cases":96,"deaths":1,"recoveries":0},"2020-02-02":{"cases":104,"deaths":1,"recoveries":3},"2020-02-03":{"cases":113,"deaths":1,"recoveries":3},"2020-02-04":{"cases":126,"deaths":1,"recoveries":4},"2020-02-05":{"cases":135,"deaths":1,"recoveries":6},"2020-02-06":{"cases":157,"deaths":1,"recoveries":13},"2020-02-07":{"cases":172,"deaths":1,"recoveries":22},"2020-02-08":{"cases":195,"deaths":1,"recoveries":30},"2020-02-09":{"cases":206,"deaths":2,"recoveries":34},"2020-02-10":{"cases":218,"deaths":2,"recoveries":41},"2020-02-11":{"cases":239,"deaths":2,"recoveries":48},"2020-02-12":{"cases":251,"deaths":2,"recoveries":54},"2020-02-13":{"cases":265,"deaths":3,"recoveries":68},"2020-02-14":{"cases":283,"deaths":3,"recoveries":87},"2020-02-15":{"cases":291,"deaths":3,"recoveries":101},"2020-02-16":{"cases":300,"deaths":3,"recoveries":105},"2020-02-17":{"cases":301,"deaths":3,"recoveries":122},"2020-02-18":{"cases":306,"deaths":4,"recoveries":136},"2020-02-19":{"cases":306,"deaths":4,"recoveries":152},"2020-02-20":{"cases":307,"deaths":5,"recoveries":169},"2020-02-21":{"cases":308,"deaths":5,"recoveries":184},"2020-02-22":{"cases":309,"deaths":6,"recoveries":203},"2020-02-23":{"cases":311,"deaths":6,"recoveries":219},"2020-02-24":{"cases":311,"deaths":6,"recoveries":234},"2020-02-25":{"cases":311,"deaths":6,"recoveries":248},"2020-02-26":{"cases":312,"deaths":6,"recoveries":261},"2020-02-27":{"cases":317,"deaths":6,"recoveries":274},"2020-02-28":{"cases":318,"deaths":6,"recoveries":277},"2020-02-29":{"cases":318,"deaths":6,"recoveries":282},"2020-03-01":{"cases":318,"deaths":6,"recoveries":294},"2020-03-02":{"cases":318,"deaths":6,"recoveries":296},"2020-03-03":{"cases":318,"deaths":6,"recoveries":300},"2020-03-04":{"cases":318,"deaths":6,"recoveries":301},"2020-03-05":{"cases":318,"deaths":6,"recoveries":304},"2020-03-06":{"cases":318,"deaths":6,"recoveries":305},"2020-03-07":{"cases":318,"deaths":6,"recoveries":307},"2020-03-08":{"cases":318,"deaths":6,"recoveries":307},"2020-03-09":{"cases":318,"deaths":6,"recoveries":307},"2020-03-10":{"cases":318,"deaths":6,"recoveries":307},"2020-03-11":{"cases":318,"deaths":6,"recoveries":307},"2020-03-12":{"cases":318,"deaths":6,"recoveries":308},"2020-03-13":{"cases":318,"deaths":6,"recoveries":310},"2020-03-14":{"cases":318,"deaths":6,"recoveries":310},"2020-03-15":{"cases":318,"deaths":6,"recoveries":310},"2020-03-16":{"cases":318,"deaths":6,"recoveries":310},"2020-03-17":{"cases":318,"deaths":6,"recoveries":310},"2020-03-18":{"cases":318,"deaths":6,"recoveries":310},"2020-03-19":{"cases":318,"deaths":6,"recoveries":310},"2020-03-20":{"cases":318,"deaths":6,"recoveries":310},"2020-03-21":{"cases":318,"deaths":6,"recoveries":310},"2020-03-22":{"cases":319,"deaths":6,"recoveries":310},"2020-03-23":{"cases":319,"deaths":6,"recoveries":310},"2020-03-24":{"cases":319,"deaths":6,"recoveries":310},"2020-03-25":{"cases":319,"deaths":6,"recoveries":310},"2020-03-26":{"cases":319,"deaths":6,"recoveries":310},"2020-03-27":{"cases":319,"deaths":6,"recoveries":310},"2020-03-28":{"cases":319,"deaths":6,"recoveries":310},"2020-03-29":{"cases":319,"deaths":6,"recoveries":310},"2020-03-30":{"cases":321,"deaths":6,"recoveries":310},"2020-03-31":{"cases":321,"deaths":6,"recoveries":310},"2020-04-01":{"cases":323,"deaths":6,"recoveries":310},"2020-04-02":{"cases":325,"deaths":6,"recoveries":310},"2020-04-03":{"cases":326,"deaths":6,"recoveries":310},"2020-04-04":{"cases":326,"deaths":6,"recoveries":310},"2020-04-05":{"cases":327,"deaths":6,"recoveries":310},"2020-04-06":{"cases":327,"deaths":6,"recoveries":310},"2020-04-07":{"cases":327,"deaths":6,"recoveries":312},"2020-04-08":{"cases":327,"deaths":6,"recoveries":312},"2020-04-09":{"cases":327,"deaths":6,"recoveries":313},"2020-04-10":{"cases":327,"deaths":6,"recoveries":313},"2020-04-11":{"cases":327,"deaths":6,"recoveries":313},"2020-04-12":{"cases":327,"deaths":6,"recoveries":313},"2020-04-13":{"cases":327,"deaths":6,"recoveries":313},"2020-04-14":{"cases":327,"deaths":6,"recoveries":314},"2020-04-15":{"cases":327,"deaths":6,"recoveries":314},"2020-04-16":{"cases":328,"deaths":6,"recoveries":315},"2020-04-17":{"cases":328,"deaths":6,"recoveries":316},"2020-04-18":{"cases":328,"deaths":6,"recoveries":316},"2020-04-19":{"cases":328,"deaths":6,"recoveries":316},"2020-04-20":{"cases":328,"deaths":6,"recoveries":317},"2020-04-21":{"cases":328,"deaths":6,"recoveries":317},"2020-04-22":{"cases":328,"deaths":6,"recoveries":317}}}