{"name":"Heilongjiang","country":"China","type":"region","dates":{"2020-01-22":{"cases":0,"deaths":0,"recoveries":0},"2020-01-23":{"cases":2,"deaths":0,"recoveries":0},"2020-01-24":{"cases":4,"deaths":1,"recoveries":0},"2020-01-25":{"cases":9,"deaths":1,"recoveries":0},"2020-01-26":{"cases":15,"deaths":1,"recoveries":0},"2020-01-27":{"cases":21,"deaths":1,"recoveries":0},"2020-01-28":{"cases":33,"deaths":1,"recoveries":0},"2020-01-29":{"cases":38,"deaths":1,"recoveries":0},"2020-01-30":{"cases":44,"deaths":2,"recoveries":0},"2020-01-31":{"cases":59,"deaths":2,"recoveries":0},"2020-02-01":{"cases":80,"deaths":2,"recoveries":2},"2020-02-02":{"cases":95,"deaths":2,"recoveries":2},"2020-02-03":{"cases":121,"deaths":2,"recoveries":2},"2020-02-04":{"cases":155,"deaths":2,"recoveries":4},"2020-02-05":{"cases":190,"deaths":2,"recoveries":7},"2020-02-06":{"cases":227,"deaths":3,"recoveries":8},"2020-02-07":{"cases":277,"deaths":3,"recoveries":12},"2020-02-08":{"cases":295,"deaths":5,"recoveries":13},"2020-02-09":{"cases":307,"deaths":6,"recoveries":14},"2020-02-10":{"cases":331,"deaths":7,"recoveries":30},"2020-02-11":{"cases":360,"deaths":8,"recoveries":28},"2020-02-12":{"cases":378,"deaths":8,"recoveries":31},"2020-02-13":{"cases":395,"deaths":9,"recoveries":33},"2020-02-14":{"cases":419,"deaths":11,"recoveries":47},"2020-02-15":{"cases":425,"deaths":11,"recoveries":68},"2020-02-16":{"cases":445,"deaths":11,"recoveries":79},"2020-02-17":{"cases":457,"deaths":11,"recoveries":85},"2020-02-18":{"cases":464,"deaths":11,"recoveries":111},"2020-02-19":{"cases":470,"deaths":12,"recoveries":120},"2020-02-20":{"cases":476,"deaths":12,"recoveries":136},"2020-02-21":{"cases":479,"deaths":12,"recoveries":175},"2020-02-22":{"cases":479,"deaths":12,"recoveries":204},"2020-02-23":{"cases":480,"deaths":12,"recoveries":222},"2020-02-24":{"cases":480,"deaths":12,"recoveries":227},"2020-02-25":{"cases":480,"deaths":12,"recoveries":243},"2020-02-26":{"cases":480,"deaths":12,"recoveries":249},"2020-02-27":{"cases":480,"deaths":13,"recoveries":270},"2020-02-28":{"cases":480,"deaths":13,"recoveries":283},"2020-02-29":{"cases":480,"deaths":13,"recoveries":301},"2020-03-01":{"cases":480,"deaths":13,"recoveries":342},"2020-03-02":{"cases":480,"deaths":13,"recoveries":356},"2020-03-03":{"cases":480,"deaths":13,"recoveries":366},"2020-03-04":{"cases":480,"deaths":13,"recoveries":373},"2020-03-05":{"cases":481,"deaths":13,"recoveries":379},"2020-03-06":{"cases":481,"deaths":13,"recoveries":396},"2020-03-07":{"cases":481,"deaths":13,"recoveries":403},"2020-03-08":{"cases":481,"deaths":13,"recoveries":412},"2020-03-09":{"cases":481,"deaths":13,"recoveries":430},"2020-03-10":{"cases":481,"deaths":13,"recoveries":434},"2020-03-11":{"cases":482,"deaths":13,"recoveries":436},"2020-03-12":{"cases":482,"deaths":13,"recoveries":441},"2020-03-13":{"cases":482,"deaths":13,"recoveries":446},"2020-03-14":{"cases":482,"deaths":13,"recoveries":447},"2020-03-15":{"cases":482,"deaths":13,"recoveries":453},"2020-03-16":{"cases":482,"deaths":13,"recoveries":455},"2020-03-17":{"cases":482,"deaths":13,"recoveries":456},"2020-03-18":{"cases":482,"deaths":13,"recoveries":459},"2020-03-19":{"cases":483,"deaths":13,"recoveries":460},"2020-03-20":{"cases":484,"deaths":13,"recoveries":463},"2020-03-21":{"cases":484,"deaths":13,"recoveries":463},"2020-03-22":{"cases":484,"deaths":13,"recoveries":466},"2020-03-23":{"cases":484,"deaths":13,"recoveries":465},"2020-03-24":{"cases":484,"deaths":13,"recoveries":468},"2020-03-25":{"cases":484,"deaths":13,"recoveries":468},"2020-03-26":{"cases":484,"deaths":13,"recoveries":469},"2020-03-27":{"cases":484,"deaths":13,"recoveries":469},"2020-03-28":{"cases":484,"deaths":13,"recoveries":469},"2020-03-29":{"cases":484,"deaths":13,"recoveries":469},"2020-03-30":{"cases":484,"deaths":13,"recoveries":469},"2020-03-31":{"cases":484,"deaths":13,"recoveries":469},"2020-04-01":{"cases":484,"deaths":13,"recoveries":469},"2020-04-02":{"cases":488,"deaths":13,"recoveries":469},"2020-04-03":{"cases":489,"deaths":13,"recoveries":469},"2020-04-04":{"cases":491,"deaths":13,"recoveries":469},"2020-04-05":{"cases":504,"deaths":13,"recoveries":469},"2020-04-06":{"cases":524,"deaths":13,"recoveries":469},"2020-04-07":{"cases":544,"deaths":13,"recoveries":469},"2020-04-08":{"cases":569,"deaths":13,"recoveries":470},"2020-04-09":{"cases":609,"deaths":13,"recoveries":470},"2020-04-10":{"cases":638,"deaths":13,"recoveries":470},"2020-04-11":{"cases":661,"deaths":13,"recoveries":470},"2020-04-12":{"cases":684,"deaths":13,"recoveries":470},"2020-04-13":{"cases":740,"deaths":13,"recoveries":470},"2020-04-14":{"cases":819,"deaths":13,"recoveries":470},"2020-04-15":{"cases":841,"deaths":13,"recoveries":470},"2020-04-16":{"cases":861,"deaths":13,"recoveries":471},"2020-04-17":{"cases":872,"deaths":13,"recoveries":471},"2020-04-18":{"cases":892,"deaths":13,"recoveries":472},"2020-04-19":{"cases":898,"deaths":13,"recoveries":472},"2020-04-20":{"cases":905,"deaths":13,"recoveries":472},"2020-04-21":{"cases":913,"deaths":13,"recoveries":475},"2020-04-22":{"cases":921,"deaths":13,"recoveries":479}}}