{"name":"Henan","country":"China","type":"region","dates":{"2020-01-22":{"cases":5,"deaths":0,"recoveries":0},"2020-01-23":{"cases":5,"deaths":0,"recoveries":0},"2020-01-24":{"cases":9,"deaths":0,"recoveries":0},"2020-01-25":{"cases":32,"deaths":0,"recoveries":0},"2020-01-26":{"cases":83,"deaths":1,"recoveries":0},"2020-01-27":{"cases":128,"deaths":1,"recoveries":0},"2020-01-28":{"cases":168,"deaths":1,"recoveries":0},"2020-01-29":{"cases":206,"deaths":2,"recoveries":1},"2020-01-30":{"cases":278,"deaths":2,"recoveries":2},"2020-01-31":{"cases":352,"deaths":2,"recoveries":3},"2020-02-01":{"cases":422,"deaths":2,"recoveries":3},"2020-02-02":{"cases":493,"deaths":2,"recoveries":10},"2020-02-03":{"cases":566,"deaths":2,"recoveries":16},"2020-02-04":{"cases":675,"deaths":2,"recoveries":27},"2020-02-05":{"cases":764,"deaths":2,"recoveries":47},"2020-02-06":{"cases":851,"deaths":2,"recoveries":56},"2020-02-07":{"cases":914,"deaths":3,"recoveries":86},"2020-02-08":{"cases":981,"deaths":4,"recoveries":116},"2020-02-09":{"cases":1033,"deaths":6,"recoveries":153},"2020-02-10":{"cases":1073,"deaths":6,"recoveries":191},"2020-02-11":{"cases":1105,"deaths":7,"recoveries":218},"2020-02-12":{"cases":1135,"deaths":8,"recoveries":246},"2020-02-13":{"cases":1169,"deaths":10,"recoveries":296},"2020-02-14":{"cases":1184,"deaths":11,"recoveries":357},"2020-02-15":{"cases":1212,"deaths":13,"recoveries":391},"2020-02-16":{"cases":1231,"deaths":13,"recoveries":440},"2020-02-17":{"cases":1246,"deaths":16,"recoveries":509},"2020-02-18":{"cases":1257,"deaths":19,"recoveries":522},"2020-02-19":{"cases":1262,"deaths":19,"recoveries":573},"2020-02-20":{"cases":1265,"deaths":19,"recoveries":637},"2020-02-21":{"cases":1267,"deaths":19,"recoveries":736},"2020-02-22":{"cases":1270,"deaths":19,"recoveries":830},"2020-02-23":{"cases":1271,"deaths":19,"recoveries":868},"2020-02-24":{"cases":1271,"deaths":19,"recoveries":943},"2020-02-25":{"cases":1271,"deaths":19,"recoveries":1002},"2020-02-26":{"cases":1271,"deaths":19,"recoveries":1033},"2020-02-27":{"cases":1272,"deaths":20,"recoveries":1068},"2020-02-28":{"cases":1272,"deaths":20,"recoveries":1112},"2020-02-29":{"cases":1272,"deaths":21,"recoveries":1170},"2020-03-01":{"cases":1272,"deaths":22,"recoveries":1198},"2020-03-02":{"cases":1272,"deaths":22,"recoveries":1205},"2020-03-03":{"cases":1272,"deaths":22,"recoveries":1231},"2020-03-04":{"cases":1272,"deaths":22,"recoveries":1234},"2020-03-05":{"cases":1272,"deaths":22,"recoveries":1239},"2020-03-06":{"cases":1272,"deaths":22,"recoveries":1244},"2020-03-07":{"cases":1272,"deaths":22,"recoveries":1244},"2020-03-08":{"cases":1272,"deaths":22,"recoveries":1247},"2020-03-09":{"cases":1272,"deaths":22,"recoveries":1247},"2020-03-10":{"cases":1272,"deaths":22,"recoveries":1247},"2020-03-11":{"cases":1273,"deaths":22,"recoveries":1249},"2020-03-12":{"cases":1273,"deaths":22,"recoveries":1249},"2020-03-13":{"cases":1273,"deaths":22,"recoveries":1249},"2020-03-14":{"cases":1273,"deaths":22,"recoveries":1250},"2020-03-15":{"cases":1273,"deaths":22,"recoveries":1250},"2020-03-16":{"cases":1273,"deaths":22,"recoveries":1250},"2020-03-17":{"cases":1273,"deaths":22,"recoveries":1250},"2020-03-18":{"cases":1273,"deaths":22,"recoveries":1250},"2020-03-19":{"cases":1273,"deaths":22,"recoveries":1250},"2020-03-20":{"cases":1273,"deaths":22,"recoveries":1250},"2020-03-21":{"cases":1273,"deaths":22,"recoveries":1250},"2020-03-22":{"cases":1274,"deaths":22,"recoveries":1250},"2020-03-23":{"cases":1274,"deaths":22,"recoveries":1250},"2020-03-24":{"cases":1274,"deaths":22,"recoveries":1250},"2020-03-25":{"cases":1274,"deaths":22,"recoveries":1250},"2020-03-26":{"cases":1275,"deaths":22,"recoveries":1250},"2020-03-27":{"cases":1275,"deaths":22,"recoveries":1250},"2020-03-28":{"cases":1275,"deaths":22,"recoveries":1251},"2020-03-29":{"cases":1276,"deaths":22,"recoveries":1251},"2020-03-30":{"cases":1276,"deaths":22,"recoveries":1251},"2020-03-31":{"cases":1276,"deaths":22,"recoveries":1251},"2020-04-01":{"cases":1276,"deaths":22,"recoveries":1251},"2020-04-02":{"cases":1276,"deaths":22,"recoveries":1251},"2020-04-03":{"cases":1276,"deaths":22,"recoveries":1251},"2020-04-04":{"cases":1276,"deaths":22,"recoveries":1251},"2020-04-05":{"cases":1276,"deaths":22,"recoveries":1251},"2020-04-06":{"cases":1276,"deaths":22,"recoveries":1252},"2020-04-07":{"cases":1276,"deaths":22,"recoveries":1252},"2020-04-08":{"cases":1276,"deaths":22,"recoveries":1252},"2020-04-09":{"cases":1276,"deaths":22,"recoveries":1252},"2020-04-10":{"cases":1276,"deaths":22,"recoveries":1252},"2020-04-11":{"cases":1276,"deaths":22,"recoveries":1252},"2020-04-12":{"cases":1276,"deaths":22,"recoveries":1253},"2020-04-13":{"cases":1276,"deaths":22,"recoveries":1253},"2020-04-14":{"cases":1276,"deaths":22,"recoveries":1254},"2020-04-15":{"cases":1276,"deaths":22,"recoveries":1254},"2020-04-16":{"cases":1276,"deaths":22,"recoveries":1254},"2020-04-17":{"cases":1276,"deaths":22,"recoveries":1254},"2020-04-18":{"cases":1276,"deaths":22,"recoveries":1254},"2020-04-19":{"cases":1276,"deaths":22,"recoveries":1254},"2020-04-20":{"cases":1276,"deaths":22,"recoveries":1254},"2020-04-21":{"cases":1276,"deaths":22,"recoveries":1254},"2020-04-22":{"cases":1276,"deaths":22,"recoveries":1254}}}