{"name":"Hong Kong","country":"China","type":"region","dates":{"2020-01-22":{"cases":0,"deaths":0,"recoveries":0},"2020-01-23":{"cases":2,"deaths":0,"recoveries":0},"2020-01-24":{"cases":2,"deaths":0,"recoveries":0},"2020-01-25":{"cases":5,"deaths":0,"recoveries":0},"2020-01-26":{"cases":8,"deaths":0,"recoveries":0},"2020-01-27":{"cases":8,"deaths":0,"recoveries":0},"2020-01-28":{"cases":8,"deaths":0,"recoveries":0},"2020-01-29":{"cases":10,"deaths":0,"recoveries":0},"2020-01-30":{"cases":10,"deaths":0,"recoveries":0},"2020-01-31":{"cases":12,"deaths":0,"recoveries":0},"2020-02-01":{"cases":13,"deaths":0,"recoveries":0},"2020-02-02":{"cases":15,"deaths":0,"recoveries":0},"2020-02-03":{"cases":15,"deaths":0,"recoveries":0},"2020-02-04":{"cases":17,"deaths":1,"recoveries":0},"2020-02-05":{"cases":21,"deaths":1,"recoveries":0},"2020-02-06":{"cases":24,"deaths":1,"recoveries":0},"2020-02-07":{"cases":25,"deaths":1,"recoveries":0},"2020-02-08":{"cases":26,"deaths":1,"recoveries":0},"2020-02-09":{"cases":29,"deaths":1,"recoveries":0},"2020-02-10":{"cases":38,"deaths":1,"recoveries":0},"2020-02-11":{"cases":49,"deaths":1,"recoveries":0},"2020-02-12":{"cases":50,"deaths":1,"recoveries":1},"2020-02-13":{"cases":53,"deaths":1,"recoveries":1},"2020-02-14":{"cases":56,"deaths":1,"recoveries":1},"2020-02-15":{"cases":56,"deaths":1,"recoveries":1},"2020-02-16":{"cases":57,"deaths":1,"recoveries":2},"2020-02-17":{"cases":60,"deaths":1,"recoveries":2},"2020-02-18":{"cases":62,"deaths":1,"recoveries":2},"2020-02-19":{"cases":63,"deaths":2,"recoveries":5},"2020-02-20":{"cases":68,"deaths":2,"recoveries":6},"2020-02-21":{"cases":68,"deaths":2,"recoveries":5},"2020-02-22":{"cases":69,"deaths":2,"recoveries":6},"2020-02-23":{"cases":74,"deaths":2,"recoveries":11},"2020-02-24":{"cases":79,"deaths":2,"recoveries":19},"2020-02-25":{"cases":84,"deaths":2,"recoveries":19},"2020-02-26":{"cases":91,"deaths":2,"recoveries":24},"2020-02-27":{"cases":92,"deaths":2,"recoveries":24},"2020-02-28":{"cases":94,"deaths":2,"recoveries":30},"2020-02-29":{"cases":95,"deaths":2,"recoveries":33},"2020-03-01":{"cases":96,"deaths":2,"recoveries":36},"2020-03-02":{"cases":100,"deaths":2,"recoveries":36},"2020-03-03":{"cases":100,"deaths":2,"recoveries":37},"2020-03-04":{"cases":105,"deaths":2,"recoveries":37},"2020-03-05":{"cases":105,"deaths":2,"recoveries":43},"2020-03-06":{"cases":107,"deaths":2,"recoveries":46},"2020-03-07":{"cases":108,"deaths":2,"recoveries":51},"2020-03-08":{"cases":114,"deaths":3,"recoveries":58},"2020-03-09":{"cases":115,"deaths":3,"recoveries":59},"2020-03-10":{"cases":120,"deaths":3,"recoveries":65},"2020-03-11":{"cases":126,"deaths":3,"recoveries":65},"2020-03-12":{"cases":129,"deaths":3,"recoveries":67},"2020-03-13":{"cases":134,"deaths":4,"recoveries":77},"2020-03-14":{"cases":140,"deaths":4,"recoveries":78},"2020-03-15":{"cases":145,"deaths":4,"recoveries":81},"2020-03-16":{"cases":155,"deaths":4,"recoveries":84},"2020-03-17":{"cases":162,"deaths":4,"recoveries":88},"2020-03-18":{"cases":181,"deaths":4,"recoveries":92},"2020-03-19":{"cases":208,"deaths":4,"recoveries":95},"2020-03-20":{"cases":256,"deaths":4,"recoveries":98},"2020-03-21":{"cases":273,"deaths":4,"recoveries":98},"2020-03-22":{"cases":317,"deaths":4,"recoveries":100},"2020-03-23":{"cases":356,"deaths":4,"recoveries":100},"2020-03-24":{"cases":386,"deaths":4,"recoveries":101},"2020-03-25":{"cases":410,"deaths":4,"recoveries":102},"2020-03-26":{"cases":453,"deaths":4,"recoveries":110},"2020-03-27":{"cases":519,"deaths":4,"recoveries":110},"2020-03-28":{"cases":561,"deaths":4,"recoveries":112},"2020-03-29":{"cases":641,"deaths":4,"recoveries":112},"2020-03-30":{"cases":682,"deaths":4,"recoveries":123},"2020-03-31":{"cases":714,"deaths":4,"recoveries":128},"2020-04-01":{"cases":765,"deaths":4,"recoveries":147},"2020-04-02":{"cases":802,"deaths":4,"recoveries":147},"2020-04-03":{"cases":845,"deaths":4,"recoveries":173},"2020-04-04":{"cases":862,"deaths":4,"recoveries":173},"2020-04-05":{"cases":890,"deaths":4,"recoveries":206},"2020-04-06":{"cases":914,"deaths":4,"recoveries":216},"2020-04-07":{"cases":935,"deaths":4,"recoveries":216},"2020-04-08":{"cases":960,"deaths":4,"recoveries":264},"2020-04-09":{"cases":973,"deaths":4,"recoveries":293},"2020-04-10":{"cases":989,"deaths":4,"recoveries":309},"2020-04-11":{"cases":1000,"deaths":4,"recoveries":336},"2020-04-12":{"cases":1004,"deaths":4,"recoveries":360},"2020-04-13":{"cases":1009,"deaths":4,"recoveries":360},"2020-04-14":{"cases":1012,"deaths":4,"recoveries":434},"2020-04-15":{"cases":1017,"deaths":4,"recoveries":459},"2020-04-16":{"cases":1017,"deaths":4,"recoveries":485},"2020-04-17":{"cases":1021,"deaths":4,"recoveries":533},"2020-04-18":{"cases":1024,"deaths":4,"recoveries":568},"2020-04-19":{"cases":1025,"deaths":4,"recoveries":602},"2020-04-20":{"cases":1025,"deaths":4,"recoveries":630},"2020-04-21":{"cases":1029,"deaths":4,"recoveries":650},"2020-04-22":{"cases":1033,"deaths":4,"recoveries":678}}}