{"name":"Hubei","country":"China","type":"region","dates":{"2020-01-22":{"cases":444,"deaths":17,"recoveries":28},"2020-01-23":{"cases":444,"deaths":17,"recoveries":28},"2020-01-24":{"cases":549,"deaths":24,"recoveries":31},"2020-01-25":{"cases":761,"deaths":40,"recoveries":32},"2020-01-26":{"cases":1058,"deaths":52,"recoveries":42},"2020-01-27":{"cases":1423,"deaths":76,"recoveries":45},"2020-01-28":{"cases":3554,"deaths":125,"recoveries":80},"2020-01-29":{"cases":3554,"deaths":125,"recoveries":88},"2020-01-30":{"cases":4903,"deaths":162,"recoveries":90},"2020-01-31":{"cases":5806,"deaths":204,"recoveries":141},"2020-02-01":{"cases":7153,"deaths":249,"recoveries":168},"2020-02-02":{"cases":11177,"deaths":350,"recoveries":295},"2020-02-03":{"cases":13522,"deaths":414,"recoveries":386},"2020-02-04":{"cases":16678,"deaths":479,"recoveries":522},"2020-02-05":{"cases":19665,"deaths":549,"recoveries":633},"2020-02-06":{"cases":22112,"deaths":618,"recoveries":817},"2020-02-07":{"cases":24953,"deaths":699,"recoveries":1115},"2020-02-08":{"cases":27100,"deaths":780,"recoveries":1439},"2020-02-09":{"cases":29631,"deaths":871,"recoveries":1795},"2020-02-10":{"cases":31728,"deaths":974,"recoveries":2222},"2020-02-11":{"cases":33366,"deaths":1068,"recoveries":2639},"2020-02-12":{"cases":33366,"deaths":1068,"recoveries":2686},"2020-02-13":{"cases":48206,"deaths":1310,"recoveries":3459},"2020-02-14":{"cases":54406,"deaths":1457,"recoveries":4774},"2020-02-15":{"cases":56249,"deaths":1596,"recoveries":5623},"2020-02-16":{"cases":58182,"deaths":1696,"recoveries":6639},"2020-02-17":{"cases":59989,"deaths":1789,"recoveries":7862},"2020-02-18":{"cases":61682,"deaths":1921,"recoveries":9128},"2020-02-19":{"cases":62031,"deaths":2029,"recoveries":10337},"2020-02-20":{"cases":62442,"deaths":2144,"recoveries":11788},"2020-02-21":{"cases":62662,"deaths":2144,"recoveries":11881},"2020-02-22":{"cases":64084,"deaths":2346,"recoveries":15299},"2020-02-23":{"cases":64084,"deaths":2346,"recoveries":15343},"2020-02-24":{"cases":64287,"deaths":2495,"recoveries":16748},"2020-02-25":{"cases":64786,"deaths":2563,"recoveries":18971},"2020-02-26":{"cases":65187,"deaths":2615,"recoveries":20969},"2020-02-27":{"cases":65596,"deaths":2641,"recoveries":23383},"2020-02-28":{"cases":65914,"deaths":2682,"recoveries":26403},"2020-02-29":{"cases":66337,"deaths":2727,"recoveries":28993},"2020-03-01":{"cases":66907,"deaths":2761,"recoveries":31536},"2020-03-02":{"cases":67103,"deaths":2803,"recoveries":33934},"2020-03-03":{"cases":67217,"deaths":2835,"recoveries":36208},"2020-03-04":{"cases":67332,"deaths":2871,"recoveries":38557},"2020-03-05":{"cases":67466,"deaths":2902,"recoveries":40592},"2020-03-06":{"cases":67592,"deaths":2931,"recoveries":42033},"2020-03-07":{"cases":67666,"deaths":2959,"recoveries":43500},"2020-03-08":{"cases":67707,"deaths":2986,"recoveries":45235},"2020-03-09":{"cases":67743,"deaths":3008,"recoveries":46488},"2020-03-10":{"cases":67760,"deaths":3024,"recoveries":47743},"2020-03-11":{"cases":67773,"deaths":3046,"recoveries":49134},"2020-03-12":{"cases":67781,"deaths":3056,"recoveries":50318},"2020-03-13":{"cases":67786,"deaths":3062,"recoveries":51553},"2020-03-14":{"cases":67790,"deaths":3075,"recoveries":52960},"2020-03-15":{"cases":67794,"deaths":3085,"recoveries":54288},"2020-03-16":{"cases":67798,"deaths":3099,"recoveries":55142},"2020-03-17":{"cases":67799,"deaths":3111,"recoveries":56003},"2020-03-18":{"cases":67800,"deaths":3122,"recoveries":56927},"2020-03-19":{"cases":67800,"deaths":3130,"recoveries":57682},"2020-03-20":{"cases":67800,"deaths":3133,"recoveries":58382},"2020-03-21":{"cases":67800,"deaths":3139,"recoveries":58946},"2020-03-22":{"cases":67800,"deaths":3153,"recoveries":59433},"2020-03-23":{"cases":67800,"deaths":3153,"recoveries":59879},"2020-03-24":{"cases":67801,"deaths":3160,"recoveries":60324},"2020-03-25":{"cases":67801,"deaths":3163,"recoveries":60811},"2020-03-26":{"cases":67801,"deaths":3169,"recoveries":61201},"2020-03-27":{"cases":67801,"deaths":3174,"recoveries":61732},"2020-03-28":{"cases":67801,"deaths":3177,"recoveries":62098},"2020-03-29":{"cases":67801,"deaths":3182,"recoveries":62570},"2020-03-30":{"cases":67801,"deaths":3186,"recoveries":62889},"2020-03-31":{"cases":67801,"deaths":3187,"recoveries":63153},"2020-04-01":{"cases":67802,"deaths":3193,"recoveries":63326},"2020-04-02":{"cases":67802,"deaths":3199,"recoveries":63471},"2020-04-03":{"cases":67802,"deaths":3203,"recoveries":63612},"2020-04-04":{"cases":67803,"deaths":3207,"recoveries":63762},"2020-04-05":{"cases":67803,"deaths":3210,"recoveries":63945},"2020-04-06":{"cases":67803,"deaths":3212,"recoveries":64014},"2020-04-07":{"cases":67803,"deaths":3212,"recoveries":64073},"2020-04-08":{"cases":67803,"deaths":3213,"recoveries":64142},"2020-04-09":{"cases":67803,"deaths":3215,"recoveries":64187},"2020-04-10":{"cases":67803,"deaths":3216,"recoveries":64236},"2020-04-11":{"cases":67803,"deaths":3219,"recoveries":64264},"2020-04-12":{"cases":67803,"deaths":3219,"recoveries":64281},"2020-04-13":{"cases":67803,"deaths":3221,"recoveries":64338},"2020-04-14":{"cases":67803,"deaths":3221,"recoveries":64363},"2020-04-15":{"cases":67803,"deaths":3222,"recoveries":64402},"2020-04-16":{"cases":67803,"deaths":3222,"recoveries":64435},"2020-04-17":{"cases":68128,"deaths":4512,"recoveries":63487},"2020-04-18":{"cases":68128,"deaths":4512,"recoveries":63494},"2020-04-19":{"cases":68128,"deaths":4512,"recoveries":63507},"2020-04-20":{"cases":68128,"deaths":4512,"recoveries":63511},"2020-04-21":{"cases":68128,"deaths":4512,"recoveries":63514},"2020-04-22":{"cases":68128,"deaths":4512,"recoveries":63519}}}