{"name":"Hunan","country":"China","type":"region","dates":{"2020-01-22":{"cases":4,"deaths":0,"recoveries":0},"2020-01-23":{"cases":9,"deaths":0,"recoveries":0},"2020-01-24":{"cases":24,"deaths":0,"recoveries":0},"2020-01-25":{"cases":43,"deaths":0,"recoveries":0},"2020-01-26":{"cases":69,"deaths":0,"recoveries":0},"2020-01-27":{"cases":100,"deaths":0,"recoveries":0},"2020-01-28":{"cases":143,"deaths":0,"recoveries":0},"2020-01-29":{"cases":221,"deaths":0,"recoveries":0},"2020-01-30":{"cases":277,"deaths":0,"recoveries":2},"2020-01-31":{"cases":332,"deaths":0,"recoveries":2},"2020-02-01":{"cases":389,"deaths":0,"recoveries":8},"2020-02-02":{"cases":463,"deaths":0,"recoveries":16},"2020-02-03":{"cases":521,"deaths":0,"recoveries":22},"2020-02-04":{"cases":593,"deaths":0,"recoveries":31},"2020-02-05":{"cases":661,"deaths":0,"recoveries":54},"2020-02-06":{"cases":711,"deaths":0,"recoveries":81},"2020-02-07":{"cases":772,"deaths":0,"recoveries":112},"2020-02-08":{"cases":803,"deaths":1,"recoveries":156},"2020-02-09":{"cases":838,"deaths":1,"recoveries":186},"2020-02-10":{"cases":879,"deaths":1,"recoveries":208},"2020-02-11":{"cases":912,"deaths":1,"recoveries":247},"2020-02-12":{"cases":946,"deaths":2,"recoveries":304},"2020-02-13":{"cases":968,"deaths":2,"recoveries":339},"2020-02-14":{"cases":988,"deaths":2,"recoveries":364},"2020-02-15":{"cases":1001,"deaths":2,"recoveries":425},"2020-02-16":{"cases":1004,"deaths":3,"recoveries":464},"2020-02-17":{"cases":1006,"deaths":3,"recoveries":498},"2020-02-18":{"cases":1007,"deaths":4,"recoveries":527},"2020-02-19":{"cases":1008,"deaths":4,"recoveries":561},"2020-02-20":{"cases":1010,"deaths":4,"recoveries":634},"2020-02-21":{"cases":1011,"deaths":4,"recoveries":661},"2020-02-22":{"cases":1013,"deaths":4,"recoveries":692},"2020-02-23":{"cases":1016,"deaths":4,"recoveries":714},"2020-02-24":{"cases":1016,"deaths":4,"recoveries":731},"2020-02-25":{"cases":1016,"deaths":4,"recoveries":768},"2020-02-26":{"cases":1016,"deaths":4,"recoveries":783},"2020-02-27":{"cases":1017,"deaths":4,"recoveries":804},"2020-02-28":{"cases":1017,"deaths":4,"recoveries":830},"2020-02-29":{"cases":1018,"deaths":4,"recoveries":846},"2020-03-01":{"cases":1018,"deaths":4,"recoveries":866},"2020-03-02":{"cases":1018,"deaths":4,"recoveries":887},"2020-03-03":{"cases":1018,"deaths":4,"recoveries":906},"2020-03-04":{"cases":1018,"deaths":4,"recoveries":916},"2020-03-05":{"cases":1018,"deaths":4,"recoveries":938},"2020-03-06":{"cases":1018,"deaths":4,"recoveries":955},"2020-03-07":{"cases":1018,"deaths":4,"recoveries":960},"2020-03-08":{"cases":1018,"deaths":4,"recoveries":968},"2020-03-09":{"cases":1018,"deaths":4,"recoveries":979},"2020-03-10":{"cases":1018,"deaths":4,"recoveries":990},"2020-03-11":{"cases":1018,"deaths":4,"recoveries":995},"2020-03-12":{"cases":1018,"deaths":4,"recoveries":999},"2020-03-13":{"cases":1018,"deaths":4,"recoveries":1005},"2020-03-14":{"cases":1018,"deaths":4,"recoveries":1014},"2020-03-15":{"cases":1018,"deaths":4,"recoveries":1014},"2020-03-16":{"cases":1018,"deaths":4,"recoveries":1014},"2020-03-17":{"cases":1018,"deaths":4,"recoveries":1014},"2020-03-18":{"cases":1018,"deaths":4,"recoveries":1014},"2020-03-19":{"cases":1018,"deaths":4,"recoveries":1014},"2020-03-20":{"cases":1018,"deaths":4,"recoveries":1014},"2020-03-21":{"cases":1018,"deaths":4,"recoveries":1014},"2020-03-22":{"cases":1018,"deaths":4,"recoveries":1014},"2020-03-23":{"cases":1018,"deaths":4,"recoveries":1014},"2020-03-24":{"cases":1018,"deaths":4,"recoveries":1014},"2020-03-25":{"cases":1018,"deaths":4,"recoveries":1014},"2020-03-26":{"cases":1018,"deaths":4,"recoveries":1014},"2020-03-27":{"cases":1018,"deaths":4,"recoveries":1014},"2020-03-28":{"cases":1018,"deaths":4,"recoveries":1014},"2020-03-29":{"cases":1018,"deaths":4,"recoveries":1014},"2020-03-30":{"cases":1018,"deaths":4,"recoveries":1014},"2020-03-31":{"cases":1018,"deaths":4,"recoveries":1014},"2020-04-01":{"cases":1018,"deaths":4,"recoveries":1014},"2020-04-02":{"cases":1019,"deaths":4,"recoveries":1014},"2020-04-03":{"cases":1019,"deaths":4,"recoveries":1014},"2020-04-04":{"cases":1019,"deaths":4,"recoveries":1014},"2020-04-05":{"cases":1019,"deaths":4,"recoveries":1014},"2020-04-06":{"cases":1019,"deaths":4,"recoveries":1014},"2020-04-07":{"cases":1019,"deaths":4,"recoveries":1014},"2020-04-08":{"cases":1019,"deaths":4,"recoveries":1014},"2020-04-09":{"cases":1019,"deaths":4,"recoveries":1014},"2020-04-10":{"cases":1019,"deaths":4,"recoveries":1014},"2020-04-11":{"cases":1019,"deaths":4,"recoveries":1014},"2020-04-12":{"cases":1019,"deaths":4,"recoveries":1014},"2020-04-13":{"cases":1019,"deaths":4,"recoveries":1014},"2020-04-14":{"cases":1019,"deaths":4,"recoveries":1014},"2020-04-15":{"cases":1019,"deaths":4,"recoveries":1014},"2020-04-16":{"cases":1019,"deaths":4,"recoveries":1014},"2020-04-17":{"cases":1019,"deaths":4,"recoveries":1014},"2020-04-18":{"cases":1019,"deaths":4,"recoveries":1015},"2020-04-19":{"cases":1019,"deaths":4,"recoveries":1015},"2020-04-20":{"cases":1019,"deaths":4,"recoveries":1015},"2020-04-21":{"cases":1019,"deaths":4,"recoveries":1015},"2020-04-22":{"cases":1019,"deaths":4,"recoveries":1015}}}