{"name":"Hungary","type":"country","dates":{"2020-01-22":{"cases":0,"deaths":0,"recoveries":0},"2020-01-23":{"cases":0,"deaths":0,"recoveries":0},"2020-01-24":{"cases":0,"deaths":0,"recoveries":0},"2020-01-25":{"cases":0,"deaths":0,"recoveries":0},"2020-01-26":{"cases":0,"deaths":0,"recoveries":0},"2020-01-27":{"cases":0,"deaths":0,"recoveries":0},"2020-01-28":{"cases":0,"deaths":0,"recoveries":0},"2020-01-29":{"cases":0,"deaths":0,"recoveries":0},"2020-01-30":{"cases":0,"deaths":0,"recoveries":0},"2020-01-31":{"cases":0,"deaths":0,"recoveries":0},"2020-02-01":{"cases":0,"deaths":0,"recoveries":0},"2020-02-02":{"cases":0,"deaths":0,"recoveries":0},"2020-02-03":{"cases":0,"deaths":0,"recoveries":0},"2020-02-04":{"cases":0,"deaths":0,"recoveries":0},"2020-02-05":{"cases":0,"deaths":0,"recoveries":0},"2020-02-06":{"cases":0,"deaths":0,"recoveries":0},"2020-02-07":{"cases":0,"deaths":0,"recoveries":0},"2020-02-08":{"cases":0,"deaths":0,"recoveries":0},"2020-02-09":{"cases":0,"deaths":0,"recoveries":0},"2020-02-10":{"cases":0,"deaths":0,"recoveries":0},"2020-02-11":{"cases":0,"deaths":0,"recoveries":0},"2020-02-12":{"cases":0,"deaths":0,"recoveries":0},"2020-02-13":{"cases":0,"deaths":0,"recoveries":0},"2020-02-14":{"cases":0,"deaths":0,"recoveries":0},"2020-02-15":{"cases":0,"deaths":0,"recoveries":0},"2020-02-16":{"cases":0,"deaths":0,"recoveries":0},"2020-02-17":{"cases":0,"deaths":0,"recoveries":0},"2020-02-18":{"cases":0,"deaths":0,"recoveries":0},"2020-02-19":{"cases":0,"deaths":0,"recoveries":0},"2020-02-20":{"cases":0,"deaths":0,"recoveries":0},"2020-02-21":{"cases":0,"deaths":0,"recoveries":0},"2020-02-22":{"cases":0,"deaths":0,"recoveries":0},"2020-02-23":{"cases":0,"deaths":0,"recoveries":0},"2020-02-24":{"cases":0,"deaths":0,"recoveries":0},"2020-02-25":{"cases":0,"deaths":0,"recoveries":0},"2020-02-26":{"cases":0,"deaths":0,"recoveries":0},"2020-02-27":{"cases":0,"deaths":0,"recoveries":0},"2020-02-28":{"cases":0,"deaths":0,"recoveries":0},"2020-02-29":{"cases":0,"deaths":0,"recoveries":0},"2020-03-01":{"cases":0,"deaths":0,"recoveries":0},"2020-03-02":{"cases":0,"deaths":0,"recoveries":0},"2020-03-03":{"cases":0,"deaths":0,"recoveries":0},"2020-03-04":{"cases":2,"deaths":0,"recoveries":0},"2020-03-05":{"cases":2,"deaths":0,"recoveries":0},"2020-03-06":{"cases":2,"deaths":0,"recoveries":0},"2020-03-07":{"cases":4,"deaths":0,"recoveries":0},"2020-03-08":{"cases":7,"deaths":0,"recoveries":0},"2020-03-09":{"cases":9,"deaths":0,"recoveries":0},"2020-03-10":{"cases":9,"deaths":0,"recoveries":0},"2020-03-11":{"cases":13,"deaths":0,"recoveries":0},"2020-03-12":{"cases":13,"deaths":0,"recoveries":0},"2020-03-13":{"cases":19,"deaths":0,"recoveries":0},"2020-03-14":{"cases":30,"deaths":0,"recoveries":1},"2020-03-15":{"cases":32,"deaths":1,"recoveries":1},"2020-03-16":{"cases":39,"deaths":1,"recoveries":1},"2020-03-17":{"cases":50,"deaths":1,"recoveries":2},"2020-03-18":{"cases":58,"deaths":1,"recoveries":2},"2020-03-19":{"cases":73,"deaths":1,"recoveries":2},"2020-03-20":{"cases":85,"deaths":3,"recoveries":2},"2020-03-21":{"cases":103,"deaths":4,"recoveries":7},"2020-03-22":{"cases":131,"deaths":6,"recoveries":16},"2020-03-23":{"cases":167,"deaths":7,"recoveries":16},"2020-03-24":{"cases":187,"deaths":9,"recoveries":21},"2020-03-25":{"cases":226,"deaths":10,"recoveries":21},"2020-03-26":{"cases":261,"deaths":10,"recoveries":28},"2020-03-27":{"cases":300,"deaths":10,"recoveries":34},"2020-03-28":{"cases":343,"deaths":11,"recoveries":34},"2020-03-29":{"cases":408,"deaths":13,"recoveries":34},"2020-03-30":{"cases":447,"deaths":15,"recoveries":34},"2020-03-31":{"cases":492,"deaths":16,"recoveries":37},"2020-04-01":{"cases":525,"deaths":20,"recoveries":40},"2020-04-02":{"cases":585,"deaths":21,"recoveries":42},"2020-04-03":{"cases":623,"deaths":26,"recoveries":43},"2020-04-04":{"cases":678,"deaths":32,"recoveries":58},"2020-04-05":{"cases":733,"deaths":34,"recoveries":66},"2020-04-06":{"cases":744,"deaths":38,"recoveries":67},"2020-04-07":{"cases":817,"deaths":47,"recoveries":71},"2020-04-08":{"cases":895,"deaths":58,"recoveries":94},"2020-04-09":{"cases":980,"deaths":66,"recoveries":96},"2020-04-10":{"cases":1190,"deaths":77,"recoveries":112},"2020-04-11":{"cases":1310,"deaths":85,"recoveries":115},"2020-04-12":{"cases":1410,"deaths":99,"recoveries":118},"2020-04-13":{"cases":1458,"deaths":109,"recoveries":120},"2020-04-14":{"cases":1512,"deaths":122,"recoveries":122},"2020-04-15":{"cases":1579,"deaths":134,"recoveries":192},"2020-04-16":{"cases":1652,"deaths":142,"recoveries":199},"2020-04-17":{"cases":1763,"deaths":156,"recoveries":207},"2020-04-18":{"cases":1834,"deaths":172,"recoveries":231},"2020-04-19":{"cases":1916,"deaths":189,"recoveries":250},"2020-04-20":{"cases":1984,"deaths":199,"recoveries":267},"2020-04-21":{"cases":2098,"deaths":213,"recoveries":287},"2020-04-22":{"cases":2168,"deaths":225,"recoveries":295}}}