{"name":"Iceland","type":"country","dates":{"2020-01-22":{"cases":0,"deaths":0,"recoveries":0},"2020-01-23":{"cases":0,"deaths":0,"recoveries":0},"2020-01-24":{"cases":0,"deaths":0,"recoveries":0},"2020-01-25":{"cases":0,"deaths":0,"recoveries":0},"2020-01-26":{"cases":0,"deaths":0,"recoveries":0},"2020-01-27":{"cases":0,"deaths":0,"recoveries":0},"2020-01-28":{"cases":0,"deaths":0,"recoveries":0},"2020-01-29":{"cases":0,"deaths":0,"recoveries":0},"2020-01-30":{"cases":0,"deaths":0,"recoveries":0},"2020-01-31":{"cases":0,"deaths":0,"recoveries":0},"2020-02-01":{"cases":0,"deaths":0,"recoveries":0},"2020-02-02":{"cases":0,"deaths":0,"recoveries":0},"2020-02-03":{"cases":0,"deaths":0,"recoveries":0},"2020-02-04":{"cases":0,"deaths":0,"recoveries":0},"2020-02-05":{"cases":0,"deaths":0,"recoveries":0},"2020-02-06":{"cases":0,"deaths":0,"recoveries":0},"2020-02-07":{"cases":0,"deaths":0,"recoveries":0},"2020-02-08":{"cases":0,"deaths":0,"recoveries":0},"2020-02-09":{"cases":0,"deaths":0,"recoveries":0},"2020-02-10":{"cases":0,"deaths":0,"recoveries":0},"2020-02-11":{"cases":0,"deaths":0,"recoveries":0},"2020-02-12":{"cases":0,"deaths":0,"recoveries":0},"2020-02-13":{"cases":0,"deaths":0,"recoveries":0},"2020-02-14":{"cases":0,"deaths":0,"recoveries":0},"2020-02-15":{"cases":0,"deaths":0,"recoveries":0},"2020-02-16":{"cases":0,"deaths":0,"recoveries":0},"2020-02-17":{"cases":0,"deaths":0,"recoveries":0},"2020-02-18":{"cases":0,"deaths":0,"recoveries":0},"2020-02-19":{"cases":0,"deaths":0,"recoveries":0},"2020-02-20":{"cases":0,"deaths":0,"recoveries":0},"2020-02-21":{"cases":0,"deaths":0,"recoveries":0},"2020-02-22":{"cases":0,"deaths":0,"recoveries":0},"2020-02-23":{"cases":0,"deaths":0,"recoveries":0},"2020-02-24":{"cases":0,"deaths":0,"recoveries":0},"2020-02-25":{"cases":0,"deaths":0,"recoveries":0},"2020-02-26":{"cases":0,"deaths":0,"recoveries":0},"2020-02-27":{"cases":0,"deaths":0,"recoveries":0},"2020-02-28":{"cases":1,"deaths":0,"recoveries":0},"2020-02-29":{"cases":1,"deaths":0,"recoveries":0},"2020-03-01":{"cases":3,"deaths":0,"recoveries":0},"2020-03-02":{"cases":6,"deaths":0,"recoveries":0},"2020-03-03":{"cases":11,"deaths":0,"recoveries":0},"2020-03-04":{"cases":26,"deaths":0,"recoveries":0},"2020-03-05":{"cases":34,"deaths":0,"recoveries":0},"2020-03-06":{"cases":43,"deaths":0,"recoveries":0},"2020-03-07":{"cases":50,"deaths":0,"recoveries":0},"2020-03-08":{"cases":50,"deaths":0,"recoveries":0},"2020-03-09":{"cases":58,"deaths":0,"recoveries":0},"2020-03-10":{"cases":69,"deaths":0,"recoveries":1},"2020-03-11":{"cases":85,"deaths":0,"recoveries":1},"2020-03-12":{"cases":103,"deaths":0,"recoveries":1},"2020-03-13":{"cases":134,"deaths":0,"recoveries":1},"2020-03-14":{"cases":156,"deaths":0,"recoveries":1},"2020-03-15":{"cases":171,"deaths":5,"recoveries":8},"2020-03-16":{"cases":180,"deaths":0,"recoveries":0},"2020-03-17":{"cases":220,"deaths":1,"recoveries":0},"2020-03-18":{"cases":250,"deaths":1,"recoveries":5},"2020-03-19":{"cases":330,"deaths":1,"recoveries":5},"2020-03-20":{"cases":409,"deaths":0,"recoveries":5},"2020-03-21":{"cases":473,"deaths":1,"recoveries":22},"2020-03-22":{"cases":568,"deaths":1,"recoveries":36},"2020-03-23":{"cases":588,"deaths":1,"recoveries":36},"2020-03-24":{"cases":648,"deaths":2,"recoveries":51},"2020-03-25":{"cases":737,"deaths":2,"recoveries":56},"2020-03-26":{"cases":802,"deaths":2,"recoveries":82},"2020-03-27":{"cases":890,"deaths":2,"recoveries":97},"2020-03-28":{"cases":963,"deaths":2,"recoveries":114},"2020-03-29":{"cases":1020,"deaths":2,"recoveries":135},"2020-03-30":{"cases":1086,"deaths":2,"recoveries":157},"2020-03-31":{"cases":1135,"deaths":2,"recoveries":198},"2020-04-01":{"cases":1220,"deaths":2,"recoveries":225},"2020-04-02":{"cases":1319,"deaths":4,"recoveries":284},"2020-04-03":{"cases":1364,"deaths":4,"recoveries":309},"2020-04-04":{"cases":1417,"deaths":4,"recoveries":396},"2020-04-05":{"cases":1486,"deaths":4,"recoveries":428},"2020-04-06":{"cases":1562,"deaths":6,"recoveries":460},"2020-04-07":{"cases":1586,"deaths":6,"recoveries":559},"2020-04-08":{"cases":1616,"deaths":6,"recoveries":633},"2020-04-09":{"cases":1648,"deaths":6,"recoveries":688},"2020-04-10":{"cases":1675,"deaths":7,"recoveries":751},"2020-04-11":{"cases":1689,"deaths":8,"recoveries":841},"2020-04-12":{"cases":1701,"deaths":8,"recoveries":889},"2020-04-13":{"cases":1711,"deaths":8,"recoveries":933},"2020-04-14":{"cases":1720,"deaths":8,"recoveries":989},"2020-04-15":{"cases":1727,"deaths":8,"recoveries":1077},"2020-04-16":{"cases":1739,"deaths":8,"recoveries":1144},"2020-04-17":{"cases":1754,"deaths":9,"recoveries":1224},"2020-04-18":{"cases":1760,"deaths":9,"recoveries":1291},"2020-04-19":{"cases":1771,"deaths":9,"recoveries":1291},"2020-04-20":{"cases":1773,"deaths":10,"recoveries":1362},"2020-04-21":{"cases":1778,"deaths":10,"recoveries":1417},"2020-04-22":{"cases":1785,"deaths":10,"recoveries":1462}}}