{"name":"India","type":"country","dates":{"2020-01-22":{"cases":0,"deaths":0,"recoveries":0},"2020-01-23":{"cases":0,"deaths":0,"recoveries":0},"2020-01-24":{"cases":0,"deaths":0,"recoveries":0},"2020-01-25":{"cases":0,"deaths":0,"recoveries":0},"2020-01-26":{"cases":0,"deaths":0,"recoveries":0},"2020-01-27":{"cases":0,"deaths":0,"recoveries":0},"2020-01-28":{"cases":0,"deaths":0,"recoveries":0},"2020-01-29":{"cases":0,"deaths":0,"recoveries":0},"2020-01-30":{"cases":1,"deaths":0,"recoveries":0},"2020-01-31":{"cases":1,"deaths":0,"recoveries":0},"2020-02-01":{"cases":1,"deaths":0,"recoveries":0},"2020-02-02":{"cases":2,"deaths":0,"recoveries":0},"2020-02-03":{"cases":3,"deaths":0,"recoveries":0},"2020-02-04":{"cases":3,"deaths":0,"recoveries":0},"2020-02-05":{"cases":3,"deaths":0,"recoveries":0},"2020-02-06":{"cases":3,"deaths":0,"recoveries":0},"2020-02-07":{"cases":3,"deaths":0,"recoveries":0},"2020-02-08":{"cases":3,"deaths":0,"recoveries":0},"2020-02-09":{"cases":3,"deaths":0,"recoveries":0},"2020-02-10":{"cases":3,"deaths":0,"recoveries":0},"2020-02-11":{"cases":3,"deaths":0,"recoveries":0},"2020-02-12":{"cases":3,"deaths":0,"recoveries":0},"2020-02-13":{"cases":3,"deaths":0,"recoveries":0},"2020-02-14":{"cases":3,"deaths":0,"recoveries":0},"2020-02-15":{"cases":3,"deaths":0,"recoveries":0},"2020-02-16":{"cases":3,"deaths":0,"recoveries":3},"2020-02-17":{"cases":3,"deaths":0,"recoveries":3},"2020-02-18":{"cases":3,"deaths":0,"recoveries":3},"2020-02-19":{"cases":3,"deaths":0,"recoveries":3},"2020-02-20":{"cases":3,"deaths":0,"recoveries":3},"2020-02-21":{"cases":3,"deaths":0,"recoveries":3},"2020-02-22":{"cases":3,"deaths":0,"recoveries":3},"2020-02-23":{"cases":3,"deaths":0,"recoveries":3},"2020-02-24":{"cases":3,"deaths":0,"recoveries":3},"2020-02-25":{"cases":3,"deaths":0,"recoveries":3},"2020-02-26":{"cases":3,"deaths":0,"recoveries":3},"2020-02-27":{"cases":3,"deaths":0,"recoveries":3},"2020-02-28":{"cases":3,"deaths":0,"recoveries":3},"2020-02-29":{"cases":3,"deaths":0,"recoveries":3},"2020-03-01":{"cases":3,"deaths":0,"recoveries":3},"2020-03-02":{"cases":5,"deaths":0,"recoveries":3},"2020-03-03":{"cases":5,"deaths":0,"recoveries":3},"2020-03-04":{"cases":28,"deaths":0,"recoveries":3},"2020-03-05":{"cases":30,"deaths":0,"recoveries":3},"2020-03-06":{"cases":31,"deaths":0,"recoveries":3},"2020-03-07":{"cases":34,"deaths":0,"recoveries":3},"2020-03-08":{"cases":39,"deaths":0,"recoveries":3},"2020-03-09":{"cases":43,"deaths":0,"recoveries":3},"2020-03-10":{"cases":56,"deaths":0,"recoveries":4},"2020-03-11":{"cases":62,"deaths":1,"recoveries":4},"2020-03-12":{"cases":73,"deaths":1,"recoveries":4},"2020-03-13":{"cases":82,"deaths":2,"recoveries":4},"2020-03-14":{"cases":102,"deaths":2,"recoveries":4},"2020-03-15":{"cases":113,"deaths":2,"recoveries":13},"2020-03-16":{"cases":119,"deaths":2,"recoveries":13},"2020-03-17":{"cases":142,"deaths":3,"recoveries":14},"2020-03-18":{"cases":156,"deaths":3,"recoveries":14},"2020-03-19":{"cases":194,"deaths":4,"recoveries":15},"2020-03-20":{"cases":244,"deaths":5,"recoveries":20},"2020-03-21":{"cases":330,"deaths":4,"recoveries":23},"2020-03-22":{"cases":396,"deaths":7,"recoveries":27},"2020-03-23":{"cases":499,"deaths":10,"recoveries":27},"2020-03-24":{"cases":536,"deaths":10,"recoveries":40},"2020-03-25":{"cases":657,"deaths":12,"recoveries":43},"2020-03-26":{"cases":727,"deaths":20,"recoveries":45},"2020-03-27":{"cases":887,"deaths":20,"recoveries":73},"2020-03-28":{"cases":987,"deaths":24,"recoveries":84},"2020-03-29":{"cases":1024,"deaths":27,"recoveries":95},"2020-03-30":{"cases":1251,"deaths":32,"recoveries":102},"2020-03-31":{"cases":1397,"deaths":35,"recoveries":123},"2020-04-01":{"cases":1998,"deaths":58,"recoveries":148},"2020-04-02":{"cases":2543,"deaths":72,"recoveries":191},"2020-04-03":{"cases":2567,"deaths":72,"recoveries":192},"2020-04-04":{"cases":3082,"deaths":86,"recoveries":229},"2020-04-05":{"cases":3588,"deaths":99,"recoveries":229},"2020-04-06":{"cases":4778,"deaths":136,"recoveries":375},"2020-04-07":{"cases":5311,"deaths":150,"recoveries":421},"2020-04-08":{"cases":5916,"deaths":178,"recoveries":506},"2020-04-09":{"cases":6725,"deaths":226,"recoveries":620},"2020-04-10":{"cases":7598,"deaths":246,"recoveries":774},"2020-04-11":{"cases":8446,"deaths":288,"recoveries":969},"2020-04-12":{"cases":9205,"deaths":331,"recoveries":1080},"2020-04-13":{"cases":10453,"deaths":358,"recoveries":1181},"2020-04-14":{"cases":11487,"deaths":393,"recoveries":1359},"2020-04-15":{"cases":12322,"deaths":405,"recoveries":1432},"2020-04-16":{"cases":13430,"deaths":448,"recoveries":1768},"2020-04-17":{"cases":14352,"deaths":486,"recoveries":2041},"2020-04-18":{"cases":15722,"deaths":521,"recoveries":2463},"2020-04-19":{"cases":17615,"deaths":559,"recoveries":2854},"2020-04-20":{"cases":18539,"deaths":592,"recoveries":3273},"2020-04-21":{"cases":20080,"deaths":645,"recoveries":3975},"2020-04-22":{"cases":21370,"deaths":681,"recoveries":4370}}}