{"name":"Indonesia","type":"country","dates":{"2020-01-22":{"cases":0,"deaths":0,"recoveries":0},"2020-01-23":{"cases":0,"deaths":0,"recoveries":0},"2020-01-24":{"cases":0,"deaths":0,"recoveries":0},"2020-01-25":{"cases":0,"deaths":0,"recoveries":0},"2020-01-26":{"cases":0,"deaths":0,"recoveries":0},"2020-01-27":{"cases":0,"deaths":0,"recoveries":0},"2020-01-28":{"cases":0,"deaths":0,"recoveries":0},"2020-01-29":{"cases":0,"deaths":0,"recoveries":0},"2020-01-30":{"cases":0,"deaths":0,"recoveries":0},"2020-01-31":{"cases":0,"deaths":0,"recoveries":0},"2020-02-01":{"cases":0,"deaths":0,"recoveries":0},"2020-02-02":{"cases":0,"deaths":0,"recoveries":0},"2020-02-03":{"cases":0,"deaths":0,"recoveries":0},"2020-02-04":{"cases":0,"deaths":0,"recoveries":0},"2020-02-05":{"cases":0,"deaths":0,"recoveries":0},"2020-02-06":{"cases":0,"deaths":0,"recoveries":0},"2020-02-07":{"cases":0,"deaths":0,"recoveries":0},"2020-02-08":{"cases":0,"deaths":0,"recoveries":0},"2020-02-09":{"cases":0,"deaths":0,"recoveries":0},"2020-02-10":{"cases":0,"deaths":0,"recoveries":0},"2020-02-11":{"cases":0,"deaths":0,"recoveries":0},"2020-02-12":{"cases":0,"deaths":0,"recoveries":0},"2020-02-13":{"cases":0,"deaths":0,"recoveries":0},"2020-02-14":{"cases":0,"deaths":0,"recoveries":0},"2020-02-15":{"cases":0,"deaths":0,"recoveries":0},"2020-02-16":{"cases":0,"deaths":0,"recoveries":0},"2020-02-17":{"cases":0,"deaths":0,"recoveries":0},"2020-02-18":{"cases":0,"deaths":0,"recoveries":0},"2020-02-19":{"cases":0,"deaths":0,"recoveries":0},"2020-02-20":{"cases":0,"deaths":0,"recoveries":0},"2020-02-21":{"cases":0,"deaths":0,"recoveries":0},"2020-02-22":{"cases":0,"deaths":0,"recoveries":0},"2020-02-23":{"cases":0,"deaths":0,"recoveries":0},"2020-02-24":{"cases":0,"deaths":0,"recoveries":0},"2020-02-25":{"cases":0,"deaths":0,"recoveries":0},"2020-02-26":{"cases":0,"deaths":0,"recoveries":0},"2020-02-27":{"cases":0,"deaths":0,"recoveries":0},"2020-02-28":{"cases":0,"deaths":0,"recoveries":0},"2020-02-29":{"cases":0,"deaths":0,"recoveries":0},"2020-03-01":{"cases":0,"deaths":0,"recoveries":0},"2020-03-02":{"cases":2,"deaths":0,"recoveries":0},"2020-03-03":{"cases":2,"deaths":0,"recoveries":0},"2020-03-04":{"cases":2,"deaths":0,"recoveries":0},"2020-03-05":{"cases":2,"deaths":0,"recoveries":0},"2020-03-06":{"cases":4,"deaths":0,"recoveries":0},"2020-03-07":{"cases":4,"deaths":0,"recoveries":0},"2020-03-08":{"cases":6,"deaths":0,"recoveries":0},"2020-03-09":{"cases":19,"deaths":0,"recoveries":0},"2020-03-10":{"cases":27,"deaths":0,"recoveries":2},"2020-03-11":{"cases":34,"deaths":1,"recoveries":2},"2020-03-12":{"cases":34,"deaths":1,"recoveries":2},"2020-03-13":{"cases":69,"deaths":4,"recoveries":2},"2020-03-14":{"cases":96,"deaths":5,"recoveries":8},"2020-03-15":{"cases":117,"deaths":5,"recoveries":8},"2020-03-16":{"cases":134,"deaths":5,"recoveries":8},"2020-03-17":{"cases":172,"deaths":5,"recoveries":8},"2020-03-18":{"cases":227,"deaths":19,"recoveries":11},"2020-03-19":{"cases":311,"deaths":25,"recoveries":11},"2020-03-20":{"cases":369,"deaths":32,"recoveries":15},"2020-03-21":{"cases":450,"deaths":38,"recoveries":15},"2020-03-22":{"cases":514,"deaths":48,"recoveries":29},"2020-03-23":{"cases":579,"deaths":49,"recoveries":29},"2020-03-24":{"cases":686,"deaths":55,"recoveries":30},"2020-03-25":{"cases":790,"deaths":58,"recoveries":31},"2020-03-26":{"cases":893,"deaths":78,"recoveries":35},"2020-03-27":{"cases":1046,"deaths":87,"recoveries":46},"2020-03-28":{"cases":1155,"deaths":102,"recoveries":59},"2020-03-29":{"cases":1285,"deaths":114,"recoveries":64},"2020-03-30":{"cases":1414,"deaths":122,"recoveries":75},"2020-03-31":{"cases":1528,"deaths":136,"recoveries":81},"2020-04-01":{"cases":1677,"deaths":157,"recoveries":103},"2020-04-02":{"cases":1790,"deaths":170,"recoveries":112},"2020-04-03":{"cases":1986,"deaths":181,"recoveries":134},"2020-04-04":{"cases":2092,"deaths":191,"recoveries":150},"2020-04-05":{"cases":2273,"deaths":198,"recoveries":164},"2020-04-06":{"cases":2491,"deaths":209,"recoveries":192},"2020-04-07":{"cases":2738,"deaths":221,"recoveries":204},"2020-04-08":{"cases":2956,"deaths":240,"recoveries":222},"2020-04-09":{"cases":3293,"deaths":280,"recoveries":252},"2020-04-10":{"cases":3512,"deaths":306,"recoveries":282},"2020-04-11":{"cases":3842,"deaths":327,"recoveries":286},"2020-04-12":{"cases":4241,"deaths":373,"recoveries":359},"2020-04-13":{"cases":4557,"deaths":399,"recoveries":380},"2020-04-14":{"cases":4839,"deaths":459,"recoveries":426},"2020-04-15":{"cases":5136,"deaths":469,"recoveries":446},"2020-04-16":{"cases":5516,"deaths":496,"recoveries":548},"2020-04-17":{"cases":5923,"deaths":520,"recoveries":607},"2020-04-18":{"cases":6248,"deaths":535,"recoveries":631},"2020-04-19":{"cases":6575,"deaths":582,"recoveries":686},"2020-04-20":{"cases":6760,"deaths":590,"recoveries":747},"2020-04-21":{"cases":7135,"deaths":616,"recoveries":842},"2020-04-22":{"cases":7418,"deaths":635,"recoveries":913}}}