{"name":"Inner Mongolia","country":"China","type":"region","dates":{"2020-01-22":{"cases":0,"deaths":0,"recoveries":0},"2020-01-23":{"cases":0,"deaths":0,"recoveries":0},"2020-01-24":{"cases":1,"deaths":0,"recoveries":0},"2020-01-25":{"cases":7,"deaths":0,"recoveries":0},"2020-01-26":{"cases":7,"deaths":0,"recoveries":0},"2020-01-27":{"cases":11,"deaths":0,"recoveries":0},"2020-01-28":{"cases":15,"deaths":0,"recoveries":0},"2020-01-29":{"cases":16,"deaths":0,"recoveries":0},"2020-01-30":{"cases":19,"deaths":0,"recoveries":0},"2020-01-31":{"cases":20,"deaths":0,"recoveries":1},"2020-02-01":{"cases":23,"deaths":0,"recoveries":1},"2020-02-02":{"cases":27,"deaths":0,"recoveries":1},"2020-02-03":{"cases":34,"deaths":0,"recoveries":1},"2020-02-04":{"cases":35,"deaths":0,"recoveries":1},"2020-02-05":{"cases":42,"deaths":0,"recoveries":3},"2020-02-06":{"cases":46,"deaths":0,"recoveries":4},"2020-02-07":{"cases":50,"deaths":0,"recoveries":5},"2020-02-08":{"cases":52,"deaths":0,"recoveries":5},"2020-02-09":{"cases":54,"deaths":0,"recoveries":5},"2020-02-10":{"cases":58,"deaths":0,"recoveries":5},"2020-02-11":{"cases":58,"deaths":0,"recoveries":5},"2020-02-12":{"cases":60,"deaths":0,"recoveries":6},"2020-02-13":{"cases":61,"deaths":0,"recoveries":6},"2020-02-14":{"cases":65,"deaths":0,"recoveries":6},"2020-02-15":{"cases":68,"deaths":0,"recoveries":7},"2020-02-16":{"cases":70,"deaths":0,"recoveries":8},"2020-02-17":{"cases":72,"deaths":0,"recoveries":8},"2020-02-18":{"cases":73,"deaths":0,"recoveries":8},"2020-02-19":{"cases":75,"deaths":0,"recoveries":10},"2020-02-20":{"cases":75,"deaths":0,"recoveries":16},"2020-02-21":{"cases":75,"deaths":0,"recoveries":17},"2020-02-22":{"cases":75,"deaths":0,"recoveries":26},"2020-02-23":{"cases":75,"deaths":0,"recoveries":27},"2020-02-24":{"cases":75,"deaths":0,"recoveries":34},"2020-02-25":{"cases":75,"deaths":0,"recoveries":35},"2020-02-26":{"cases":75,"deaths":0,"recoveries":38},"2020-02-27":{"cases":75,"deaths":0,"recoveries":43},"2020-02-28":{"cases":75,"deaths":0,"recoveries":45},"2020-02-29":{"cases":75,"deaths":0,"recoveries":49},"2020-03-01":{"cases":75,"deaths":0,"recoveries":52},"2020-03-02":{"cases":75,"deaths":0,"recoveries":54},"2020-03-03":{"cases":75,"deaths":1,"recoveries":59},"2020-03-04":{"cases":75,"deaths":1,"recoveries":63},"2020-03-05":{"cases":75,"deaths":1,"recoveries":65},"2020-03-06":{"cases":75,"deaths":1,"recoveries":65},"2020-03-07":{"cases":75,"deaths":1,"recoveries":67},"2020-03-08":{"cases":75,"deaths":1,"recoveries":70},"2020-03-09":{"cases":75,"deaths":1,"recoveries":70},"2020-03-10":{"cases":75,"deaths":1,"recoveries":70},"2020-03-11":{"cases":75,"deaths":1,"recoveries":71},"2020-03-12":{"cases":75,"deaths":1,"recoveries":71},"2020-03-13":{"cases":75,"deaths":1,"recoveries":71},"2020-03-14":{"cases":75,"deaths":1,"recoveries":71},"2020-03-15":{"cases":75,"deaths":1,"recoveries":71},"2020-03-16":{"cases":75,"deaths":1,"recoveries":73},"2020-03-17":{"cases":75,"deaths":1,"recoveries":73},"2020-03-18":{"cases":75,"deaths":1,"recoveries":73},"2020-03-19":{"cases":75,"deaths":1,"recoveries":74},"2020-03-20":{"cases":75,"deaths":1,"recoveries":74},"2020-03-21":{"cases":75,"deaths":1,"recoveries":74},"2020-03-22":{"cases":75,"deaths":1,"recoveries":74},"2020-03-23":{"cases":75,"deaths":1,"recoveries":74},"2020-03-24":{"cases":75,"deaths":1,"recoveries":74},"2020-03-25":{"cases":77,"deaths":1,"recoveries":74},"2020-03-26":{"cases":89,"deaths":1,"recoveries":74},"2020-03-27":{"cases":92,"deaths":1,"recoveries":74},"2020-03-28":{"cases":94,"deaths":1,"recoveries":74},"2020-03-29":{"cases":95,"deaths":1,"recoveries":74},"2020-03-30":{"cases":97,"deaths":1,"recoveries":74},"2020-03-31":{"cases":107,"deaths":1,"recoveries":74},"2020-04-01":{"cases":111,"deaths":1,"recoveries":74},"2020-04-02":{"cases":117,"deaths":1,"recoveries":74},"2020-04-03":{"cases":117,"deaths":1,"recoveries":74},"2020-04-04":{"cases":117,"deaths":1,"recoveries":74},"2020-04-05":{"cases":117,"deaths":1,"recoveries":74},"2020-04-06":{"cases":118,"deaths":1,"recoveries":74},"2020-04-07":{"cases":121,"deaths":1,"recoveries":74},"2020-04-08":{"cases":124,"deaths":1,"recoveries":74},"2020-04-09":{"cases":126,"deaths":1,"recoveries":79},"2020-04-10":{"cases":128,"deaths":1,"recoveries":79},"2020-04-11":{"cases":155,"deaths":1,"recoveries":79},"2020-04-12":{"cases":189,"deaths":1,"recoveries":83},"2020-04-13":{"cases":190,"deaths":1,"recoveries":83},"2020-04-14":{"cases":190,"deaths":1,"recoveries":91},"2020-04-15":{"cases":190,"deaths":1,"recoveries":94},"2020-04-16":{"cases":193,"deaths":1,"recoveries":94},"2020-04-17":{"cases":193,"deaths":1,"recoveries":103},"2020-04-18":{"cases":193,"deaths":1,"recoveries":104},"2020-04-19":{"cases":193,"deaths":1,"recoveries":104},"2020-04-20":{"cases":194,"deaths":1,"recoveries":104},"2020-04-21":{"cases":194,"deaths":1,"recoveries":108},"2020-04-22":{"cases":194,"deaths":1,"recoveries":108}}}