{"name":"Iran","type":"country","dates":{"2020-01-22":{"cases":0,"deaths":0,"recoveries":0},"2020-01-23":{"cases":0,"deaths":0,"recoveries":0},"2020-01-24":{"cases":0,"deaths":0,"recoveries":0},"2020-01-25":{"cases":0,"deaths":0,"recoveries":0},"2020-01-26":{"cases":0,"deaths":0,"recoveries":0},"2020-01-27":{"cases":0,"deaths":0,"recoveries":0},"2020-01-28":{"cases":0,"deaths":0,"recoveries":0},"2020-01-29":{"cases":0,"deaths":0,"recoveries":0},"2020-01-30":{"cases":0,"deaths":0,"recoveries":0},"2020-01-31":{"cases":0,"deaths":0,"recoveries":0},"2020-02-01":{"cases":0,"deaths":0,"recoveries":0},"2020-02-02":{"cases":0,"deaths":0,"recoveries":0},"2020-02-03":{"cases":0,"deaths":0,"recoveries":0},"2020-02-04":{"cases":0,"deaths":0,"recoveries":0},"2020-02-05":{"cases":0,"deaths":0,"recoveries":0},"2020-02-06":{"cases":0,"deaths":0,"recoveries":0},"2020-02-07":{"cases":0,"deaths":0,"recoveries":0},"2020-02-08":{"cases":0,"deaths":0,"recoveries":0},"2020-02-09":{"cases":0,"deaths":0,"recoveries":0},"2020-02-10":{"cases":0,"deaths":0,"recoveries":0},"2020-02-11":{"cases":0,"deaths":0,"recoveries":0},"2020-02-12":{"cases":0,"deaths":0,"recoveries":0},"2020-02-13":{"cases":0,"deaths":0,"recoveries":0},"2020-02-14":{"cases":0,"deaths":0,"recoveries":0},"2020-02-15":{"cases":0,"deaths":0,"recoveries":0},"2020-02-16":{"cases":0,"deaths":0,"recoveries":0},"2020-02-17":{"cases":0,"deaths":0,"recoveries":0},"2020-02-18":{"cases":0,"deaths":0,"recoveries":0},"2020-02-19":{"cases":2,"deaths":2,"recoveries":0},"2020-02-20":{"cases":5,"deaths":2,"recoveries":0},"2020-02-21":{"cases":18,"deaths":4,"recoveries":0},"2020-02-22":{"cases":28,"deaths":5,"recoveries":0},"2020-02-23":{"cases":43,"deaths":8,"recoveries":0},"2020-02-24":{"cases":61,"deaths":12,"recoveries":0},"2020-02-25":{"cases":95,"deaths":16,"recoveries":0},"2020-02-26":{"cases":139,"deaths":19,"recoveries":49},"2020-02-27":{"cases":245,"deaths":26,"recoveries":49},"2020-02-28":{"cases":388,"deaths":34,"recoveries":73},"2020-02-29":{"cases":593,"deaths":43,"recoveries":123},"2020-03-01":{"cases":978,"deaths":54,"recoveries":175},"2020-03-02":{"cases":1501,"deaths":66,"recoveries":291},"2020-03-03":{"cases":2336,"deaths":77,"recoveries":291},"2020-03-04":{"cases":2922,"deaths":92,"recoveries":552},"2020-03-05":{"cases":3513,"deaths":107,"recoveries":739},"2020-03-06":{"cases":4747,"deaths":124,"recoveries":913},"2020-03-07":{"cases":5823,"deaths":145,"recoveries":1669},"2020-03-08":{"cases":6566,"deaths":194,"recoveries":2134},"2020-03-09":{"cases":7161,"deaths":237,"recoveries":2394},"2020-03-10":{"cases":8042,"deaths":291,"recoveries":2731},"2020-03-11":{"cases":9000,"deaths":354,"recoveries":2959},"2020-03-12":{"cases":10075,"deaths":429,"recoveries":2959},"2020-03-13":{"cases":11364,"deaths":514,"recoveries":2959},"2020-03-14":{"cases":12729,"deaths":611,"recoveries":2959},"2020-03-15":{"cases":13938,"deaths":724,"recoveries":4590},"2020-03-16":{"cases":14991,"deaths":853,"recoveries":4590},"2020-03-17":{"cases":16169,"deaths":988,"recoveries":5389},"2020-03-18":{"cases":17361,"deaths":1135,"recoveries":5389},"2020-03-19":{"cases":18407,"deaths":1284,"recoveries":5710},"2020-03-20":{"cases":19644,"deaths":1433,"recoveries":6745},"2020-03-21":{"cases":20610,"deaths":1556,"recoveries":7635},"2020-03-22":{"cases":21638,"deaths":1685,"recoveries":7931},"2020-03-23":{"cases":23049,"deaths":1812,"recoveries":7931},"2020-03-24":{"cases":24811,"deaths":1934,"recoveries":8913},"2020-03-25":{"cases":27017,"deaths":2077,"recoveries":9625},"2020-03-26":{"cases":29406,"deaths":2234,"recoveries":10457},"2020-03-27":{"cases":32332,"deaths":2378,"recoveries":11133},"2020-03-28":{"cases":35408,"deaths":2517,"recoveries":11679},"2020-03-29":{"cases":38309,"deaths":2640,"recoveries":12391},"2020-03-30":{"cases":41495,"deaths":2757,"recoveries":13911},"2020-03-31":{"cases":44605,"deaths":2898,"recoveries":14656},"2020-04-01":{"cases":47593,"deaths":3036,"recoveries":15473},"2020-04-02":{"cases":50468,"deaths":3160,"recoveries":16711},"2020-04-03":{"cases":53183,"deaths":3294,"recoveries":17935},"2020-04-04":{"cases":55743,"deaths":3452,"recoveries":19736},"2020-04-05":{"cases":58226,"deaths":3603,"recoveries":19736},"2020-04-06":{"cases":60500,"deaths":3739,"recoveries":24236},"2020-04-07":{"cases":62589,"deaths":3872,"recoveries":27039},"2020-04-08":{"cases":64586,"deaths":3993,"recoveries":29812},"2020-04-09":{"cases":66220,"deaths":4110,"recoveries":32309},"2020-04-10":{"cases":68192,"deaths":4232,"recoveries":35465},"2020-04-11":{"cases":70029,"deaths":4357,"recoveries":41947},"2020-04-12":{"cases":71686,"deaths":4474,"recoveries":43894},"2020-04-13":{"cases":73303,"deaths":4585,"recoveries":45983},"2020-04-14":{"cases":74877,"deaths":4683,"recoveries":48129},"2020-04-15":{"cases":76389,"deaths":4777,"recoveries":49933},"2020-04-16":{"cases":77995,"deaths":4869,"recoveries":52229},"2020-04-17":{"cases":79494,"deaths":4958,"recoveries":54064},"2020-04-18":{"cases":80868,"deaths":5031,"recoveries":55987},"2020-04-19":{"cases":82211,"deaths":5118,"recoveries":57023},"2020-04-20":{"cases":83505,"deaths":5209,"recoveries":59273},"2020-04-21":{"cases":84802,"deaths":5297,"recoveries":60965},"2020-04-22":{"cases":85996,"deaths":5391,"recoveries":63113}}}