{"name":"Iraq","type":"country","dates":{"2020-01-22":{"cases":0,"deaths":0,"recoveries":0},"2020-01-23":{"cases":0,"deaths":0,"recoveries":0},"2020-01-24":{"cases":0,"deaths":0,"recoveries":0},"2020-01-25":{"cases":0,"deaths":0,"recoveries":0},"2020-01-26":{"cases":0,"deaths":0,"recoveries":0},"2020-01-27":{"cases":0,"deaths":0,"recoveries":0},"2020-01-28":{"cases":0,"deaths":0,"recoveries":0},"2020-01-29":{"cases":0,"deaths":0,"recoveries":0},"2020-01-30":{"cases":0,"deaths":0,"recoveries":0},"2020-01-31":{"cases":0,"deaths":0,"recoveries":0},"2020-02-01":{"cases":0,"deaths":0,"recoveries":0},"2020-02-02":{"cases":0,"deaths":0,"recoveries":0},"2020-02-03":{"cases":0,"deaths":0,"recoveries":0},"2020-02-04":{"cases":0,"deaths":0,"recoveries":0},"2020-02-05":{"cases":0,"deaths":0,"recoveries":0},"2020-02-06":{"cases":0,"deaths":0,"recoveries":0},"2020-02-07":{"cases":0,"deaths":0,"recoveries":0},"2020-02-08":{"cases":0,"deaths":0,"recoveries":0},"2020-02-09":{"cases":0,"deaths":0,"recoveries":0},"2020-02-10":{"cases":0,"deaths":0,"recoveries":0},"2020-02-11":{"cases":0,"deaths":0,"recoveries":0},"2020-02-12":{"cases":0,"deaths":0,"recoveries":0},"2020-02-13":{"cases":0,"deaths":0,"recoveries":0},"2020-02-14":{"cases":0,"deaths":0,"recoveries":0},"2020-02-15":{"cases":0,"deaths":0,"recoveries":0},"2020-02-16":{"cases":0,"deaths":0,"recoveries":0},"2020-02-17":{"cases":0,"deaths":0,"recoveries":0},"2020-02-18":{"cases":0,"deaths":0,"recoveries":0},"2020-02-19":{"cases":0,"deaths":0,"recoveries":0},"2020-02-20":{"cases":0,"deaths":0,"recoveries":0},"2020-02-21":{"cases":0,"deaths":0,"recoveries":0},"2020-02-22":{"cases":0,"deaths":0,"recoveries":0},"2020-02-23":{"cases":0,"deaths":0,"recoveries":0},"2020-02-24":{"cases":1,"deaths":0,"recoveries":0},"2020-02-25":{"cases":1,"deaths":0,"recoveries":0},"2020-02-26":{"cases":5,"deaths":0,"recoveries":0},"2020-02-27":{"cases":7,"deaths":0,"recoveries":0},"2020-02-28":{"cases":7,"deaths":0,"recoveries":0},"2020-02-29":{"cases":13,"deaths":0,"recoveries":0},"2020-03-01":{"cases":19,"deaths":0,"recoveries":0},"2020-03-02":{"cases":26,"deaths":0,"recoveries":0},"2020-03-03":{"cases":32,"deaths":0,"recoveries":0},"2020-03-04":{"cases":35,"deaths":2,"recoveries":0},"2020-03-05":{"cases":35,"deaths":2,"recoveries":0},"2020-03-06":{"cases":40,"deaths":3,"recoveries":0},"2020-03-07":{"cases":54,"deaths":4,"recoveries":0},"2020-03-08":{"cases":60,"deaths":6,"recoveries":0},"2020-03-09":{"cases":60,"deaths":6,"recoveries":3},"2020-03-10":{"cases":71,"deaths":7,"recoveries":3},"2020-03-11":{"cases":71,"deaths":7,"recoveries":15},"2020-03-12":{"cases":71,"deaths":8,"recoveries":15},"2020-03-13":{"cases":101,"deaths":9,"recoveries":24},"2020-03-14":{"cases":110,"deaths":10,"recoveries":26},"2020-03-15":{"cases":116,"deaths":10,"recoveries":26},"2020-03-16":{"cases":124,"deaths":10,"recoveries":26},"2020-03-17":{"cases":154,"deaths":11,"recoveries":32},"2020-03-18":{"cases":164,"deaths":12,"recoveries":43},"2020-03-19":{"cases":192,"deaths":13,"recoveries":43},"2020-03-20":{"cases":208,"deaths":17,"recoveries":49},"2020-03-21":{"cases":214,"deaths":17,"recoveries":51},"2020-03-22":{"cases":233,"deaths":20,"recoveries":57},"2020-03-23":{"cases":266,"deaths":23,"recoveries":57},"2020-03-24":{"cases":316,"deaths":27,"recoveries":75},"2020-03-25":{"cases":346,"deaths":29,"recoveries":103},"2020-03-26":{"cases":382,"deaths":36,"recoveries":105},"2020-03-27":{"cases":458,"deaths":40,"recoveries":122},"2020-03-28":{"cases":506,"deaths":42,"recoveries":131},"2020-03-29":{"cases":547,"deaths":42,"recoveries":143},"2020-03-30":{"cases":630,"deaths":46,"recoveries":152},"2020-03-31":{"cases":694,"deaths":50,"recoveries":170},"2020-04-01":{"cases":728,"deaths":52,"recoveries":182},"2020-04-02":{"cases":772,"deaths":54,"recoveries":202},"2020-04-03":{"cases":820,"deaths":54,"recoveries":226},"2020-04-04":{"cases":878,"deaths":56,"recoveries":259},"2020-04-05":{"cases":961,"deaths":61,"recoveries":279},"2020-04-06":{"cases":1031,"deaths":64,"recoveries":344},"2020-04-07":{"cases":1122,"deaths":65,"recoveries":373},"2020-04-08":{"cases":1202,"deaths":69,"recoveries":452},"2020-04-09":{"cases":1232,"deaths":69,"recoveries":496},"2020-04-10":{"cases":1279,"deaths":70,"recoveries":550},"2020-04-11":{"cases":1318,"deaths":72,"recoveries":601},"2020-04-12":{"cases":1352,"deaths":76,"recoveries":640},"2020-04-13":{"cases":1378,"deaths":78,"recoveries":717},"2020-04-14":{"cases":1400,"deaths":78,"recoveries":766},"2020-04-15":{"cases":1415,"deaths":79,"recoveries":812},"2020-04-16":{"cases":1434,"deaths":80,"recoveries":856},"2020-04-17":{"cases":1482,"deaths":81,"recoveries":906},"2020-04-18":{"cases":1513,"deaths":82,"recoveries":953},"2020-04-19":{"cases":1539,"deaths":82,"recoveries":1009},"2020-04-20":{"cases":1574,"deaths":82,"recoveries":1043},"2020-04-21":{"cases":1602,"deaths":83,"recoveries":1096},"2020-04-22":{"cases":1631,"deaths":83,"recoveries":1146}}}