{"name":"Ireland","type":"country","dates":{"2020-01-22":{"cases":0,"deaths":0,"recoveries":0},"2020-01-23":{"cases":0,"deaths":0,"recoveries":0},"2020-01-24":{"cases":0,"deaths":0,"recoveries":0},"2020-01-25":{"cases":0,"deaths":0,"recoveries":0},"2020-01-26":{"cases":0,"deaths":0,"recoveries":0},"2020-01-27":{"cases":0,"deaths":0,"recoveries":0},"2020-01-28":{"cases":0,"deaths":0,"recoveries":0},"2020-01-29":{"cases":0,"deaths":0,"recoveries":0},"2020-01-30":{"cases":0,"deaths":0,"recoveries":0},"2020-01-31":{"cases":0,"deaths":0,"recoveries":0},"2020-02-01":{"cases":0,"deaths":0,"recoveries":0},"2020-02-02":{"cases":0,"deaths":0,"recoveries":0},"2020-02-03":{"cases":0,"deaths":0,"recoveries":0},"2020-02-04":{"cases":0,"deaths":0,"recoveries":0},"2020-02-05":{"cases":0,"deaths":0,"recoveries":0},"2020-02-06":{"cases":0,"deaths":0,"recoveries":0},"2020-02-07":{"cases":0,"deaths":0,"recoveries":0},"2020-02-08":{"cases":0,"deaths":0,"recoveries":0},"2020-02-09":{"cases":0,"deaths":0,"recoveries":0},"2020-02-10":{"cases":0,"deaths":0,"recoveries":0},"2020-02-11":{"cases":0,"deaths":0,"recoveries":0},"2020-02-12":{"cases":0,"deaths":0,"recoveries":0},"2020-02-13":{"cases":0,"deaths":0,"recoveries":0},"2020-02-14":{"cases":0,"deaths":0,"recoveries":0},"2020-02-15":{"cases":0,"deaths":0,"recoveries":0},"2020-02-16":{"cases":0,"deaths":0,"recoveries":0},"2020-02-17":{"cases":0,"deaths":0,"recoveries":0},"2020-02-18":{"cases":0,"deaths":0,"recoveries":0},"2020-02-19":{"cases":0,"deaths":0,"recoveries":0},"2020-02-20":{"cases":0,"deaths":0,"recoveries":0},"2020-02-21":{"cases":0,"deaths":0,"recoveries":0},"2020-02-22":{"cases":0,"deaths":0,"recoveries":0},"2020-02-23":{"cases":0,"deaths":0,"recoveries":0},"2020-02-24":{"cases":0,"deaths":0,"recoveries":0},"2020-02-25":{"cases":0,"deaths":0,"recoveries":0},"2020-02-26":{"cases":0,"deaths":0,"recoveries":0},"2020-02-27":{"cases":0,"deaths":0,"recoveries":0},"2020-02-28":{"cases":0,"deaths":0,"recoveries":0},"2020-02-29":{"cases":1,"deaths":0,"recoveries":0},"2020-03-01":{"cases":1,"deaths":0,"recoveries":0},"2020-03-02":{"cases":1,"deaths":0,"recoveries":0},"2020-03-03":{"cases":2,"deaths":0,"recoveries":0},"2020-03-04":{"cases":6,"deaths":0,"recoveries":0},"2020-03-05":{"cases":6,"deaths":0,"recoveries":0},"2020-03-06":{"cases":18,"deaths":0,"recoveries":0},"2020-03-07":{"cases":18,"deaths":0,"recoveries":0},"2020-03-08":{"cases":19,"deaths":0,"recoveries":0},"2020-03-09":{"cases":21,"deaths":0,"recoveries":0},"2020-03-10":{"cases":34,"deaths":0,"recoveries":0},"2020-03-11":{"cases":43,"deaths":1,"recoveries":0},"2020-03-12":{"cases":43,"deaths":1,"recoveries":0},"2020-03-13":{"cases":90,"deaths":1,"recoveries":0},"2020-03-14":{"cases":129,"deaths":2,"recoveries":0},"2020-03-15":{"cases":129,"deaths":2,"recoveries":0},"2020-03-16":{"cases":169,"deaths":2,"recoveries":0},"2020-03-17":{"cases":223,"deaths":2,"recoveries":5},"2020-03-18":{"cases":292,"deaths":2,"recoveries":5},"2020-03-19":{"cases":557,"deaths":3,"recoveries":5},"2020-03-20":{"cases":683,"deaths":3,"recoveries":5},"2020-03-21":{"cases":785,"deaths":3,"recoveries":5},"2020-03-22":{"cases":906,"deaths":4,"recoveries":5},"2020-03-23":{"cases":1125,"deaths":6,"recoveries":5},"2020-03-24":{"cases":1329,"deaths":7,"recoveries":5},"2020-03-25":{"cases":1564,"deaths":9,"recoveries":5},"2020-03-26":{"cases":1819,"deaths":19,"recoveries":5},"2020-03-27":{"cases":2121,"deaths":22,"recoveries":5},"2020-03-28":{"cases":2415,"deaths":36,"recoveries":5},"2020-03-29":{"cases":2615,"deaths":46,"recoveries":5},"2020-03-30":{"cases":2910,"deaths":54,"recoveries":5},"2020-03-31":{"cases":3235,"deaths":71,"recoveries":5},"2020-04-01":{"cases":3447,"deaths":85,"recoveries":5},"2020-04-02":{"cases":3849,"deaths":98,"recoveries":5},"2020-04-03":{"cases":4273,"deaths":120,"recoveries":5},"2020-04-04":{"cases":4604,"deaths":137,"recoveries":25},"2020-04-05":{"cases":4994,"deaths":158,"recoveries":25},"2020-04-06":{"cases":5364,"deaths":174,"recoveries":25},"2020-04-07":{"cases":5709,"deaths":210,"recoveries":25},"2020-04-08":{"cases":6074,"deaths":235,"recoveries":25},"2020-04-09":{"cases":6574,"deaths":263,"recoveries":25},"2020-04-10":{"cases":8089,"deaths":287,"recoveries":25},"2020-04-11":{"cases":8928,"deaths":320,"recoveries":25},"2020-04-12":{"cases":9655,"deaths":334,"recoveries":25},"2020-04-13":{"cases":10647,"deaths":365,"recoveries":25},"2020-04-14":{"cases":11479,"deaths":406,"recoveries":25},"2020-04-15":{"cases":12547,"deaths":444,"recoveries":77},"2020-04-16":{"cases":13271,"deaths":486,"recoveries":77},"2020-04-17":{"cases":13980,"deaths":530,"recoveries":77},"2020-04-18":{"cases":14758,"deaths":571,"recoveries":77},"2020-04-19":{"cases":15251,"deaths":610,"recoveries":77},"2020-04-20":{"cases":15652,"deaths":687,"recoveries":77},"2020-04-21":{"cases":16040,"deaths":730,"recoveries":9233},"2020-04-22":{"cases":16671,"deaths":769,"recoveries":9233}}}