{"name":"Isle of Man","country":"United Kingdom","type":"region","dates":{"2020-01-22":{"cases":0,"deaths":0,"recoveries":0},"2020-01-23":{"cases":0,"deaths":0,"recoveries":0},"2020-01-24":{"cases":0,"deaths":0,"recoveries":0},"2020-01-25":{"cases":0,"deaths":0,"recoveries":0},"2020-01-26":{"cases":0,"deaths":0,"recoveries":0},"2020-01-27":{"cases":0,"deaths":0,"recoveries":0},"2020-01-28":{"cases":0,"deaths":0,"recoveries":0},"2020-01-29":{"cases":0,"deaths":0,"recoveries":0},"2020-01-30":{"cases":0,"deaths":0,"recoveries":0},"2020-01-31":{"cases":0,"deaths":0,"recoveries":0},"2020-02-01":{"cases":0,"deaths":0,"recoveries":0},"2020-02-02":{"cases":0,"deaths":0,"recoveries":0},"2020-02-03":{"cases":0,"deaths":0,"recoveries":0},"2020-02-04":{"cases":0,"deaths":0,"recoveries":0},"2020-02-05":{"cases":0,"deaths":0,"recoveries":0},"2020-02-06":{"cases":0,"deaths":0,"recoveries":0},"2020-02-07":{"cases":0,"deaths":0,"recoveries":0},"2020-02-08":{"cases":0,"deaths":0,"recoveries":0},"2020-02-09":{"cases":0,"deaths":0,"recoveries":0},"2020-02-10":{"cases":0,"deaths":0,"recoveries":0},"2020-02-11":{"cases":0,"deaths":0,"recoveries":0},"2020-02-12":{"cases":0,"deaths":0,"recoveries":0},"2020-02-13":{"cases":0,"deaths":0,"recoveries":0},"2020-02-14":{"cases":0,"deaths":0,"recoveries":0},"2020-02-15":{"cases":0,"deaths":0,"recoveries":0},"2020-02-16":{"cases":0,"deaths":0,"recoveries":0},"2020-02-17":{"cases":0,"deaths":0,"recoveries":0},"2020-02-18":{"cases":0,"deaths":0,"recoveries":0},"2020-02-19":{"cases":0,"deaths":0,"recoveries":0},"2020-02-20":{"cases":0,"deaths":0,"recoveries":0},"2020-02-21":{"cases":0,"deaths":0,"recoveries":0},"2020-02-22":{"cases":0,"deaths":0,"recoveries":0},"2020-02-23":{"cases":0,"deaths":0,"recoveries":0},"2020-02-24":{"cases":0,"deaths":0,"recoveries":0},"2020-02-25":{"cases":0,"deaths":0,"recoveries":0},"2020-02-26":{"cases":0,"deaths":0,"recoveries":0},"2020-02-27":{"cases":0,"deaths":0,"recoveries":0},"2020-02-28":{"cases":0,"deaths":0,"recoveries":0},"2020-02-29":{"cases":0,"deaths":0,"recoveries":0},"2020-03-01":{"cases":0,"deaths":0,"recoveries":0},"2020-03-02":{"cases":0,"deaths":0,"recoveries":0},"2020-03-03":{"cases":0,"deaths":0,"recoveries":0},"2020-03-04":{"cases":0,"deaths":0,"recoveries":0},"2020-03-05":{"cases":0,"deaths":0,"recoveries":0},"2020-03-06":{"cases":0,"deaths":0,"recoveries":0},"2020-03-07":{"cases":0,"deaths":0,"recoveries":0},"2020-03-08":{"cases":0,"deaths":0,"recoveries":0},"2020-03-09":{"cases":0,"deaths":0,"recoveries":0},"2020-03-10":{"cases":0,"deaths":0,"recoveries":0},"2020-03-11":{"cases":0,"deaths":0,"recoveries":0},"2020-03-12":{"cases":0,"deaths":0,"recoveries":0},"2020-03-13":{"cases":0,"deaths":0,"recoveries":0},"2020-03-14":{"cases":0,"deaths":0,"recoveries":0},"2020-03-15":{"cases":0,"deaths":0,"recoveries":0},"2020-03-16":{"cases":0,"deaths":0,"recoveries":0},"2020-03-17":{"cases":0,"deaths":0,"recoveries":0},"2020-03-18":{"cases":0,"deaths":0,"recoveries":0},"2020-03-19":{"cases":0,"deaths":0,"recoveries":0},"2020-03-20":{"cases":1,"deaths":0,"recoveries":0},"2020-03-21":{"cases":1,"deaths":0,"recoveries":0},"2020-03-22":{"cases":5,"deaths":0,"recoveries":0},"2020-03-23":{"cases":13,"deaths":0,"recoveries":0},"2020-03-24":{"cases":23,"deaths":0,"recoveries":0},"2020-03-25":{"cases":23,"deaths":0,"recoveries":0},"2020-03-26":{"cases":25,"deaths":0,"recoveries":0},"2020-03-27":{"cases":29,"deaths":0,"recoveries":0},"2020-03-28":{"cases":32,"deaths":0,"recoveries":0},"2020-03-29":{"cases":42,"deaths":0,"recoveries":0},"2020-03-30":{"cases":49,"deaths":0,"recoveries":0},"2020-03-31":{"cases":60,"deaths":0,"recoveries":0},"2020-04-01":{"cases":68,"deaths":1,"recoveries":0},"2020-04-02":{"cases":95,"deaths":1,"recoveries":0},"2020-04-03":{"cases":114,"deaths":1,"recoveries":0},"2020-04-04":{"cases":126,"deaths":1,"recoveries":0},"2020-04-05":{"cases":127,"deaths":1,"recoveries":0},"2020-04-06":{"cases":139,"deaths":1,"recoveries":55},"2020-04-07":{"cases":150,"deaths":1,"recoveries":73},"2020-04-08":{"cases":158,"deaths":1,"recoveries":82},"2020-04-09":{"cases":190,"deaths":1,"recoveries":92},"2020-04-10":{"cases":201,"deaths":1,"recoveries":103},"2020-04-11":{"cases":226,"deaths":2,"recoveries":112},"2020-04-12":{"cases":228,"deaths":2,"recoveries":112},"2020-04-13":{"cases":242,"deaths":2,"recoveries":131},"2020-04-14":{"cases":254,"deaths":2,"recoveries":141},"2020-04-15":{"cases":256,"deaths":4,"recoveries":151},"2020-04-16":{"cases":284,"deaths":4,"recoveries":154},"2020-04-17":{"cases":291,"deaths":4,"recoveries":169},"2020-04-18":{"cases":297,"deaths":6,"recoveries":180},"2020-04-19":{"cases":298,"deaths":6,"recoveries":193},"2020-04-20":{"cases":300,"deaths":9,"recoveries":200},"2020-04-21":{"cases":307,"deaths":9,"recoveries":209},"2020-04-22":{"cases":307,"deaths":15,"recoveries":212}}}