{"name":"Israel","type":"country","dates":{"2020-01-22":{"cases":0,"deaths":0,"recoveries":0},"2020-01-23":{"cases":0,"deaths":0,"recoveries":0},"2020-01-24":{"cases":0,"deaths":0,"recoveries":0},"2020-01-25":{"cases":0,"deaths":0,"recoveries":0},"2020-01-26":{"cases":0,"deaths":0,"recoveries":0},"2020-01-27":{"cases":0,"deaths":0,"recoveries":0},"2020-01-28":{"cases":0,"deaths":0,"recoveries":0},"2020-01-29":{"cases":0,"deaths":0,"recoveries":0},"2020-01-30":{"cases":0,"deaths":0,"recoveries":0},"2020-01-31":{"cases":0,"deaths":0,"recoveries":0},"2020-02-01":{"cases":0,"deaths":0,"recoveries":0},"2020-02-02":{"cases":0,"deaths":0,"recoveries":0},"2020-02-03":{"cases":0,"deaths":0,"recoveries":0},"2020-02-04":{"cases":0,"deaths":0,"recoveries":0},"2020-02-05":{"cases":0,"deaths":0,"recoveries":0},"2020-02-06":{"cases":0,"deaths":0,"recoveries":0},"2020-02-07":{"cases":0,"deaths":0,"recoveries":0},"2020-02-08":{"cases":0,"deaths":0,"recoveries":0},"2020-02-09":{"cases":0,"deaths":0,"recoveries":0},"2020-02-10":{"cases":0,"deaths":0,"recoveries":0},"2020-02-11":{"cases":0,"deaths":0,"recoveries":0},"2020-02-12":{"cases":0,"deaths":0,"recoveries":0},"2020-02-13":{"cases":0,"deaths":0,"recoveries":0},"2020-02-14":{"cases":0,"deaths":0,"recoveries":0},"2020-02-15":{"cases":0,"deaths":0,"recoveries":0},"2020-02-16":{"cases":0,"deaths":0,"recoveries":0},"2020-02-17":{"cases":0,"deaths":0,"recoveries":0},"2020-02-18":{"cases":0,"deaths":0,"recoveries":0},"2020-02-19":{"cases":0,"deaths":0,"recoveries":0},"2020-02-20":{"cases":0,"deaths":0,"recoveries":0},"2020-02-21":{"cases":1,"deaths":0,"recoveries":0},"2020-02-22":{"cases":1,"deaths":0,"recoveries":0},"2020-02-23":{"cases":1,"deaths":0,"recoveries":0},"2020-02-24":{"cases":1,"deaths":0,"recoveries":0},"2020-02-25":{"cases":1,"deaths":0,"recoveries":0},"2020-02-26":{"cases":2,"deaths":0,"recoveries":0},"2020-02-27":{"cases":3,"deaths":0,"recoveries":1},"2020-02-28":{"cases":4,"deaths":0,"recoveries":1},"2020-02-29":{"cases":7,"deaths":0,"recoveries":1},"2020-03-01":{"cases":10,"deaths":0,"recoveries":1},"2020-03-02":{"cases":10,"deaths":0,"recoveries":1},"2020-03-03":{"cases":12,"deaths":0,"recoveries":1},"2020-03-04":{"cases":15,"deaths":0,"recoveries":1},"2020-03-05":{"cases":20,"deaths":0,"recoveries":1},"2020-03-06":{"cases":37,"deaths":0,"recoveries":2},"2020-03-07":{"cases":43,"deaths":0,"recoveries":2},"2020-03-08":{"cases":61,"deaths":0,"recoveries":2},"2020-03-09":{"cases":61,"deaths":0,"recoveries":2},"2020-03-10":{"cases":75,"deaths":0,"recoveries":4},"2020-03-11":{"cases":79,"deaths":0,"recoveries":4},"2020-03-12":{"cases":100,"deaths":0,"recoveries":4},"2020-03-13":{"cases":126,"deaths":0,"recoveries":4},"2020-03-14":{"cases":155,"deaths":0,"recoveries":4},"2020-03-15":{"cases":213,"deaths":0,"recoveries":4},"2020-03-16":{"cases":218,"deaths":0,"recoveries":4},"2020-03-17":{"cases":250,"deaths":0,"recoveries":11},"2020-03-18":{"cases":304,"deaths":0,"recoveries":11},"2020-03-19":{"cases":427,"deaths":0,"recoveries":11},"2020-03-20":{"cases":529,"deaths":0,"recoveries":14},"2020-03-21":{"cases":712,"deaths":1,"recoveries":36},"2020-03-22":{"cases":883,"deaths":1,"recoveries":37},"2020-03-23":{"cases":1071,"deaths":1,"recoveries":37},"2020-03-24":{"cases":1238,"deaths":3,"recoveries":53},"2020-03-25":{"cases":2369,"deaths":5,"recoveries":58},"2020-03-26":{"cases":2693,"deaths":8,"recoveries":68},"2020-03-27":{"cases":3035,"deaths":12,"recoveries":79},"2020-03-28":{"cases":3619,"deaths":12,"recoveries":89},"2020-03-29":{"cases":4247,"deaths":15,"recoveries":132},"2020-03-30":{"cases":4695,"deaths":16,"recoveries":161},"2020-03-31":{"cases":5358,"deaths":20,"recoveries":224},"2020-04-01":{"cases":6092,"deaths":26,"recoveries":241},"2020-04-02":{"cases":6857,"deaths":36,"recoveries":338},"2020-04-03":{"cases":7428,"deaths":40,"recoveries":403},"2020-04-04":{"cases":7851,"deaths":44,"recoveries":427},"2020-04-05":{"cases":8430,"deaths":49,"recoveries":477},"2020-04-06":{"cases":8904,"deaths":57,"recoveries":585},"2020-04-07":{"cases":9248,"deaths":65,"recoveries":770},"2020-04-08":{"cases":9404,"deaths":73,"recoveries":801},"2020-04-09":{"cases":9968,"deaths":86,"recoveries":1011},"2020-04-10":{"cases":10408,"deaths":95,"recoveries":1183},"2020-04-11":{"cases":10743,"deaths":101,"recoveries":1341},"2020-04-12":{"cases":11145,"deaths":103,"recoveries":1627},"2020-04-13":{"cases":11586,"deaths":116,"recoveries":1855},"2020-04-14":{"cases":12046,"deaths":123,"recoveries":2195},"2020-04-15":{"cases":12501,"deaths":130,"recoveries":2563},"2020-04-16":{"cases":12758,"deaths":142,"recoveries":2818},"2020-04-17":{"cases":12982,"deaths":151,"recoveries":3126},"2020-04-18":{"cases":13265,"deaths":164,"recoveries":3456},"2020-04-19":{"cases":13491,"deaths":172,"recoveries":3754},"2020-04-20":{"cases":13713,"deaths":177,"recoveries":4049},"2020-04-21":{"cases":13942,"deaths":184,"recoveries":4507},"2020-04-22":{"cases":14498,"deaths":189,"recoveries":5215}}}