{"name":"Italy","type":"country","dates":{"2020-01-22":{"cases":0,"deaths":0,"recoveries":0},"2020-01-23":{"cases":0,"deaths":0,"recoveries":0},"2020-01-24":{"cases":0,"deaths":0,"recoveries":0},"2020-01-25":{"cases":0,"deaths":0,"recoveries":0},"2020-01-26":{"cases":0,"deaths":0,"recoveries":0},"2020-01-27":{"cases":0,"deaths":0,"recoveries":0},"2020-01-28":{"cases":0,"deaths":0,"recoveries":0},"2020-01-29":{"cases":0,"deaths":0,"recoveries":0},"2020-01-30":{"cases":0,"deaths":0,"recoveries":0},"2020-01-31":{"cases":2,"deaths":0,"recoveries":0},"2020-02-01":{"cases":2,"deaths":0,"recoveries":0},"2020-02-02":{"cases":2,"deaths":0,"recoveries":0},"2020-02-03":{"cases":2,"deaths":0,"recoveries":0},"2020-02-04":{"cases":2,"deaths":0,"recoveries":0},"2020-02-05":{"cases":2,"deaths":0,"recoveries":0},"2020-02-06":{"cases":2,"deaths":0,"recoveries":0},"2020-02-07":{"cases":3,"deaths":0,"recoveries":0},"2020-02-08":{"cases":3,"deaths":0,"recoveries":0},"2020-02-09":{"cases":3,"deaths":0,"recoveries":0},"2020-02-10":{"cases":3,"deaths":0,"recoveries":0},"2020-02-11":{"cases":3,"deaths":0,"recoveries":0},"2020-02-12":{"cases":3,"deaths":0,"recoveries":0},"2020-02-13":{"cases":3,"deaths":0,"recoveries":0},"2020-02-14":{"cases":3,"deaths":0,"recoveries":0},"2020-02-15":{"cases":3,"deaths":0,"recoveries":0},"2020-02-16":{"cases":3,"deaths":0,"recoveries":0},"2020-02-17":{"cases":3,"deaths":0,"recoveries":0},"2020-02-18":{"cases":3,"deaths":0,"recoveries":0},"2020-02-19":{"cases":3,"deaths":0,"recoveries":0},"2020-02-20":{"cases":3,"deaths":0,"recoveries":0},"2020-02-21":{"cases":20,"deaths":1,"recoveries":0},"2020-02-22":{"cases":62,"deaths":2,"recoveries":1},"2020-02-23":{"cases":155,"deaths":3,"recoveries":2},"2020-02-24":{"cases":229,"deaths":7,"recoveries":1},"2020-02-25":{"cases":322,"deaths":10,"recoveries":1},"2020-02-26":{"cases":453,"deaths":12,"recoveries":3},"2020-02-27":{"cases":655,"deaths":17,"recoveries":45},"2020-02-28":{"cases":888,"deaths":21,"recoveries":46},"2020-02-29":{"cases":1128,"deaths":29,"recoveries":46},"2020-03-01":{"cases":1694,"deaths":34,"recoveries":83},"2020-03-02":{"cases":2036,"deaths":52,"recoveries":149},"2020-03-03":{"cases":2502,"deaths":79,"recoveries":160},"2020-03-04":{"cases":3089,"deaths":107,"recoveries":276},"2020-03-05":{"cases":3858,"deaths":148,"recoveries":414},"2020-03-06":{"cases":4636,"deaths":197,"recoveries":523},"2020-03-07":{"cases":5883,"deaths":233,"recoveries":589},"2020-03-08":{"cases":7375,"deaths":366,"recoveries":622},"2020-03-09":{"cases":9172,"deaths":463,"recoveries":724},"2020-03-10":{"cases":10149,"deaths":631,"recoveries":724},"2020-03-11":{"cases":12462,"deaths":827,"recoveries":1045},"2020-03-12":{"cases":12462,"deaths":827,"recoveries":1045},"2020-03-13":{"cases":17660,"deaths":1266,"recoveries":1439},"2020-03-14":{"cases":21157,"deaths":1441,"recoveries":1966},"2020-03-15":{"cases":24747,"deaths":1809,"recoveries":2335},"2020-03-16":{"cases":27980,"deaths":2158,"recoveries":2749},"2020-03-17":{"cases":31506,"deaths":2503,"recoveries":2941},"2020-03-18":{"cases":35713,"deaths":2978,"recoveries":4025},"2020-03-19":{"cases":41035,"deaths":3405,"recoveries":4440},"2020-03-20":{"cases":47021,"deaths":4032,"recoveries":4440},"2020-03-21":{"cases":53578,"deaths":4825,"recoveries":6072},"2020-03-22":{"cases":59138,"deaths":5476,"recoveries":7024},"2020-03-23":{"cases":63927,"deaths":6077,"recoveries":7024},"2020-03-24":{"cases":69176,"deaths":6820,"recoveries":8326},"2020-03-25":{"cases":74386,"deaths":7503,"recoveries":9362},"2020-03-26":{"cases":80589,"deaths":8215,"recoveries":10361},"2020-03-27":{"cases":86498,"deaths":9134,"recoveries":10950},"2020-03-28":{"cases":92472,"deaths":10023,"recoveries":12384},"2020-03-29":{"cases":97689,"deaths":10779,"recoveries":13030},"2020-03-30":{"cases":101739,"deaths":11591,"recoveries":14620},"2020-03-31":{"cases":105792,"deaths":12428,"recoveries":15729},"2020-04-01":{"cases":110574,"deaths":13155,"recoveries":16847},"2020-04-02":{"cases":115242,"deaths":13915,"recoveries":18278},"2020-04-03":{"cases":119827,"deaths":14681,"recoveries":19758},"2020-04-04":{"cases":124632,"deaths":15362,"recoveries":20996},"2020-04-05":{"cases":128948,"deaths":15887,"recoveries":21815},"2020-04-06":{"cases":132547,"deaths":16523,"recoveries":22837},"2020-04-07":{"cases":135586,"deaths":17127,"recoveries":24392},"2020-04-08":{"cases":139422,"deaths":17669,"recoveries":26491},"2020-04-09":{"cases":143626,"deaths":18279,"recoveries":28470},"2020-04-10":{"cases":147577,"deaths":18849,"recoveries":30455},"2020-04-11":{"cases":152271,"deaths":19468,"recoveries":32534},"2020-04-12":{"cases":156363,"deaths":19899,"recoveries":34211},"2020-04-13":{"cases":159516,"deaths":20465,"recoveries":35435},"2020-04-14":{"cases":162488,"deaths":21067,"recoveries":37130},"2020-04-15":{"cases":165155,"deaths":21645,"recoveries":38092},"2020-04-16":{"cases":168941,"deaths":22170,"recoveries":40164},"2020-04-17":{"cases":172434,"deaths":22745,"recoveries":42727},"2020-04-18":{"cases":175925,"deaths":23227,"recoveries":44927},"2020-04-19":{"cases":178972,"deaths":23660,"recoveries":47055},"2020-04-20":{"cases":181228,"deaths":24114,"recoveries":48877},"2020-04-21":{"cases":183957,"deaths":24648,"recoveries":51600},"2020-04-22":{"cases":187327,"deaths":25085,"recoveries":54543}}}