{"name":"Japan","type":"country","dates":{"2020-01-22":{"cases":2,"deaths":0,"recoveries":0},"2020-01-23":{"cases":2,"deaths":0,"recoveries":0},"2020-01-24":{"cases":2,"deaths":0,"recoveries":0},"2020-01-25":{"cases":2,"deaths":0,"recoveries":0},"2020-01-26":{"cases":4,"deaths":0,"recoveries":1},"2020-01-27":{"cases":4,"deaths":0,"recoveries":1},"2020-01-28":{"cases":7,"deaths":0,"recoveries":1},"2020-01-29":{"cases":7,"deaths":0,"recoveries":1},"2020-01-30":{"cases":11,"deaths":0,"recoveries":1},"2020-01-31":{"cases":15,"deaths":0,"recoveries":1},"2020-02-01":{"cases":20,"deaths":0,"recoveries":1},"2020-02-02":{"cases":20,"deaths":0,"recoveries":1},"2020-02-03":{"cases":20,"deaths":0,"recoveries":1},"2020-02-04":{"cases":22,"deaths":0,"recoveries":1},"2020-02-05":{"cases":22,"deaths":0,"recoveries":1},"2020-02-06":{"cases":22,"deaths":0,"recoveries":1},"2020-02-07":{"cases":25,"deaths":0,"recoveries":1},"2020-02-08":{"cases":25,"deaths":0,"recoveries":1},"2020-02-09":{"cases":26,"deaths":0,"recoveries":1},"2020-02-10":{"cases":26,"deaths":0,"recoveries":4},"2020-02-11":{"cases":26,"deaths":0,"recoveries":9},"2020-02-12":{"cases":28,"deaths":0,"recoveries":9},"2020-02-13":{"cases":28,"deaths":1,"recoveries":9},"2020-02-14":{"cases":29,"deaths":1,"recoveries":9},"2020-02-15":{"cases":43,"deaths":1,"recoveries":12},"2020-02-16":{"cases":59,"deaths":1,"recoveries":12},"2020-02-17":{"cases":66,"deaths":1,"recoveries":12},"2020-02-18":{"cases":74,"deaths":1,"recoveries":13},"2020-02-19":{"cases":84,"deaths":1,"recoveries":18},"2020-02-20":{"cases":94,"deaths":1,"recoveries":18},"2020-02-21":{"cases":105,"deaths":1,"recoveries":22},"2020-02-22":{"cases":122,"deaths":1,"recoveries":22},"2020-02-23":{"cases":147,"deaths":1,"recoveries":22},"2020-02-24":{"cases":159,"deaths":1,"recoveries":22},"2020-02-25":{"cases":170,"deaths":1,"recoveries":22},"2020-02-26":{"cases":189,"deaths":2,"recoveries":22},"2020-02-27":{"cases":214,"deaths":4,"recoveries":22},"2020-02-28":{"cases":228,"deaths":4,"recoveries":22},"2020-02-29":{"cases":241,"deaths":5,"recoveries":32},"2020-03-01":{"cases":256,"deaths":6,"recoveries":32},"2020-03-02":{"cases":274,"deaths":6,"recoveries":32},"2020-03-03":{"cases":293,"deaths":6,"recoveries":43},"2020-03-04":{"cases":331,"deaths":6,"recoveries":43},"2020-03-05":{"cases":360,"deaths":6,"recoveries":43},"2020-03-06":{"cases":420,"deaths":6,"recoveries":46},"2020-03-07":{"cases":461,"deaths":6,"recoveries":76},"2020-03-08":{"cases":502,"deaths":6,"recoveries":76},"2020-03-09":{"cases":511,"deaths":10,"recoveries":76},"2020-03-10":{"cases":581,"deaths":10,"recoveries":101},"2020-03-11":{"cases":639,"deaths":15,"recoveries":118},"2020-03-12":{"cases":639,"deaths":16,"recoveries":118},"2020-03-13":{"cases":701,"deaths":19,"recoveries":118},"2020-03-14":{"cases":773,"deaths":22,"recoveries":118},"2020-03-15":{"cases":839,"deaths":22,"recoveries":118},"2020-03-16":{"cases":839,"deaths":27,"recoveries":144},"2020-03-17":{"cases":878,"deaths":29,"recoveries":144},"2020-03-18":{"cases":889,"deaths":29,"recoveries":144},"2020-03-19":{"cases":924,"deaths":29,"recoveries":150},"2020-03-20":{"cases":963,"deaths":33,"recoveries":191},"2020-03-21":{"cases":1007,"deaths":35,"recoveries":232},"2020-03-22":{"cases":1101,"deaths":41,"recoveries":235},"2020-03-23":{"cases":1128,"deaths":42,"recoveries":235},"2020-03-24":{"cases":1193,"deaths":43,"recoveries":285},"2020-03-25":{"cases":1307,"deaths":45,"recoveries":310},"2020-03-26":{"cases":1387,"deaths":47,"recoveries":359},"2020-03-27":{"cases":1468,"deaths":49,"recoveries":372},"2020-03-28":{"cases":1693,"deaths":52,"recoveries":404},"2020-03-29":{"cases":1866,"deaths":54,"recoveries":424},"2020-03-30":{"cases":1866,"deaths":54,"recoveries":424},"2020-03-31":{"cases":1953,"deaths":56,"recoveries":424},"2020-04-01":{"cases":2178,"deaths":57,"recoveries":472},"2020-04-02":{"cases":2495,"deaths":62,"recoveries":472},"2020-04-03":{"cases":2617,"deaths":63,"recoveries":514},"2020-04-04":{"cases":3139,"deaths":77,"recoveries":514},"2020-04-05":{"cases":3139,"deaths":77,"recoveries":514},"2020-04-06":{"cases":3654,"deaths":85,"recoveries":575},"2020-04-07":{"cases":3906,"deaths":92,"recoveries":592},"2020-04-08":{"cases":4257,"deaths":93,"recoveries":622},"2020-04-09":{"cases":4667,"deaths":94,"recoveries":632},"2020-04-10":{"cases":5530,"deaths":99,"recoveries":685},"2020-04-11":{"cases":6005,"deaths":99,"recoveries":762},"2020-04-12":{"cases":6748,"deaths":108,"recoveries":762},"2020-04-13":{"cases":7370,"deaths":123,"recoveries":784},"2020-04-14":{"cases":7645,"deaths":143,"recoveries":799},"2020-04-15":{"cases":8100,"deaths":146,"recoveries":853},"2020-04-16":{"cases":8626,"deaths":178,"recoveries":901},"2020-04-17":{"cases":9787,"deaths":190,"recoveries":935},"2020-04-18":{"cases":10296,"deaths":222,"recoveries":1069},"2020-04-19":{"cases":10797,"deaths":236,"recoveries":1159},"2020-04-20":{"cases":10797,"deaths":236,"recoveries":1159},"2020-04-21":{"cases":11135,"deaths":263,"recoveries":1239},"2020-04-22":{"cases":11512,"deaths":281,"recoveries":1356}}}