{"name":"Jiangxi","country":"China","type":"region","dates":{"2020-01-22":{"cases":2,"deaths":0,"recoveries":0},"2020-01-23":{"cases":7,"deaths":0,"recoveries":0},"2020-01-24":{"cases":18,"deaths":0,"recoveries":0},"2020-01-25":{"cases":18,"deaths":0,"recoveries":0},"2020-01-26":{"cases":36,"deaths":0,"recoveries":0},"2020-01-27":{"cases":72,"deaths":0,"recoveries":2},"2020-01-28":{"cases":109,"deaths":0,"recoveries":3},"2020-01-29":{"cases":109,"deaths":0,"recoveries":3},"2020-01-30":{"cases":162,"deaths":0,"recoveries":5},"2020-01-31":{"cases":240,"deaths":0,"recoveries":7},"2020-02-01":{"cases":286,"deaths":0,"recoveries":9},"2020-02-02":{"cases":333,"deaths":0,"recoveries":12},"2020-02-03":{"cases":391,"deaths":0,"recoveries":18},"2020-02-04":{"cases":476,"deaths":0,"recoveries":20},"2020-02-05":{"cases":548,"deaths":0,"recoveries":27},"2020-02-06":{"cases":600,"deaths":0,"recoveries":37},"2020-02-07":{"cases":661,"deaths":0,"recoveries":45},"2020-02-08":{"cases":698,"deaths":0,"recoveries":55},"2020-02-09":{"cases":740,"deaths":0,"recoveries":73},"2020-02-10":{"cases":771,"deaths":1,"recoveries":105},"2020-02-11":{"cases":804,"deaths":1,"recoveries":128},"2020-02-12":{"cases":844,"deaths":1,"recoveries":152},"2020-02-13":{"cases":872,"deaths":1,"recoveries":170},"2020-02-14":{"cases":900,"deaths":1,"recoveries":187},"2020-02-15":{"cases":913,"deaths":1,"recoveries":210},"2020-02-16":{"cases":925,"deaths":1,"recoveries":240},"2020-02-17":{"cases":930,"deaths":1,"recoveries":275},"2020-02-18":{"cases":933,"deaths":1,"recoveries":310},"2020-02-19":{"cases":934,"deaths":1,"recoveries":362},"2020-02-20":{"cases":934,"deaths":1,"recoveries":433},"2020-02-21":{"cases":934,"deaths":1,"recoveries":489},"2020-02-22":{"cases":934,"deaths":1,"recoveries":555},"2020-02-23":{"cases":934,"deaths":1,"recoveries":613},"2020-02-24":{"cases":934,"deaths":1,"recoveries":645},"2020-02-25":{"cases":934,"deaths":1,"recoveries":683},"2020-02-26":{"cases":934,"deaths":1,"recoveries":719},"2020-02-27":{"cases":934,"deaths":1,"recoveries":754},"2020-02-28":{"cases":935,"deaths":1,"recoveries":790},"2020-02-29":{"cases":935,"deaths":1,"recoveries":811},"2020-03-01":{"cases":935,"deaths":1,"recoveries":831},"2020-03-02":{"cases":935,"deaths":1,"recoveries":850},"2020-03-03":{"cases":935,"deaths":1,"recoveries":870},"2020-03-04":{"cases":935,"deaths":1,"recoveries":884},"2020-03-05":{"cases":935,"deaths":1,"recoveries":901},"2020-03-06":{"cases":935,"deaths":1,"recoveries":909},"2020-03-07":{"cases":935,"deaths":1,"recoveries":916},"2020-03-08":{"cases":935,"deaths":1,"recoveries":919},"2020-03-09":{"cases":935,"deaths":1,"recoveries":923},"2020-03-10":{"cases":935,"deaths":1,"recoveries":927},"2020-03-11":{"cases":935,"deaths":1,"recoveries":932},"2020-03-12":{"cases":935,"deaths":1,"recoveries":934},"2020-03-13":{"cases":935,"deaths":1,"recoveries":934},"2020-03-14":{"cases":935,"deaths":1,"recoveries":934},"2020-03-15":{"cases":935,"deaths":1,"recoveries":934},"2020-03-16":{"cases":935,"deaths":1,"recoveries":934},"2020-03-17":{"cases":935,"deaths":1,"recoveries":934},"2020-03-18":{"cases":935,"deaths":1,"recoveries":934},"2020-03-19":{"cases":935,"deaths":1,"recoveries":934},"2020-03-20":{"cases":935,"deaths":1,"recoveries":934},"2020-03-21":{"cases":935,"deaths":1,"recoveries":934},"2020-03-22":{"cases":936,"deaths":1,"recoveries":934},"2020-03-23":{"cases":936,"deaths":1,"recoveries":934},"2020-03-24":{"cases":936,"deaths":1,"recoveries":934},"2020-03-25":{"cases":936,"deaths":1,"recoveries":934},"2020-03-26":{"cases":936,"deaths":1,"recoveries":934},"2020-03-27":{"cases":936,"deaths":1,"recoveries":934},"2020-03-28":{"cases":936,"deaths":1,"recoveries":934},"2020-03-29":{"cases":937,"deaths":1,"recoveries":934},"2020-03-30":{"cases":937,"deaths":1,"recoveries":935},"2020-03-31":{"cases":937,"deaths":1,"recoveries":935},"2020-04-01":{"cases":937,"deaths":1,"recoveries":935},"2020-04-02":{"cases":937,"deaths":1,"recoveries":935},"2020-04-03":{"cases":937,"deaths":1,"recoveries":935},"2020-04-04":{"cases":937,"deaths":1,"recoveries":935},"2020-04-05":{"cases":937,"deaths":1,"recoveries":935},"2020-04-06":{"cases":937,"deaths":1,"recoveries":935},"2020-04-07":{"cases":937,"deaths":1,"recoveries":935},"2020-04-08":{"cases":937,"deaths":1,"recoveries":935},"2020-04-09":{"cases":937,"deaths":1,"recoveries":935},"2020-04-10":{"cases":937,"deaths":1,"recoveries":936},"2020-04-11":{"cases":937,"deaths":1,"recoveries":936},"2020-04-12":{"cases":937,"deaths":1,"recoveries":936},"2020-04-13":{"cases":937,"deaths":1,"recoveries":936},"2020-04-14":{"cases":937,"deaths":1,"recoveries":936},"2020-04-15":{"cases":937,"deaths":1,"recoveries":936},"2020-04-16":{"cases":937,"deaths":1,"recoveries":936},"2020-04-17":{"cases":937,"deaths":1,"recoveries":936},"2020-04-18":{"cases":937,"deaths":1,"recoveries":936},"2020-04-19":{"cases":937,"deaths":1,"recoveries":936},"2020-04-20":{"cases":937,"deaths":1,"recoveries":936},"2020-04-21":{"cases":937,"deaths":1,"recoveries":936},"2020-04-22":{"cases":937,"deaths":1,"recoveries":936}}}