{"name":"Jiangsu","country":"China","type":"region","dates":{"2020-01-22":{"cases":1,"deaths":0,"recoveries":0},"2020-01-23":{"cases":5,"deaths":0,"recoveries":0},"2020-01-24":{"cases":9,"deaths":0,"recoveries":0},"2020-01-25":{"cases":18,"deaths":0,"recoveries":1},"2020-01-26":{"cases":33,"deaths":0,"recoveries":1},"2020-01-27":{"cases":47,"deaths":0,"recoveries":1},"2020-01-28":{"cases":70,"deaths":0,"recoveries":1},"2020-01-29":{"cases":99,"deaths":0,"recoveries":1},"2020-01-30":{"cases":129,"deaths":0,"recoveries":1},"2020-01-31":{"cases":168,"deaths":0,"recoveries":5},"2020-02-01":{"cases":202,"deaths":0,"recoveries":6},"2020-02-02":{"cases":236,"deaths":0,"recoveries":7},"2020-02-03":{"cases":271,"deaths":0,"recoveries":8},"2020-02-04":{"cases":308,"deaths":0,"recoveries":12},"2020-02-05":{"cases":341,"deaths":0,"recoveries":23},"2020-02-06":{"cases":373,"deaths":0,"recoveries":34},"2020-02-07":{"cases":408,"deaths":0,"recoveries":43},"2020-02-08":{"cases":439,"deaths":0,"recoveries":51},"2020-02-09":{"cases":468,"deaths":0,"recoveries":71},"2020-02-10":{"cases":492,"deaths":0,"recoveries":81},"2020-02-11":{"cases":515,"deaths":0,"recoveries":93},"2020-02-12":{"cases":543,"deaths":0,"recoveries":125},"2020-02-13":{"cases":570,"deaths":0,"recoveries":139},"2020-02-14":{"cases":593,"deaths":0,"recoveries":157},"2020-02-15":{"cases":604,"deaths":0,"recoveries":186},"2020-02-16":{"cases":617,"deaths":0,"recoveries":218},"2020-02-17":{"cases":626,"deaths":0,"recoveries":258},"2020-02-18":{"cases":629,"deaths":0,"recoveries":280},"2020-02-19":{"cases":631,"deaths":0,"recoveries":318},"2020-02-20":{"cases":631,"deaths":0,"recoveries":356},"2020-02-21":{"cases":631,"deaths":0,"recoveries":373},"2020-02-22":{"cases":631,"deaths":0,"recoveries":401},"2020-02-23":{"cases":631,"deaths":0,"recoveries":418},"2020-02-24":{"cases":631,"deaths":0,"recoveries":452},"2020-02-25":{"cases":631,"deaths":0,"recoveries":458},"2020-02-26":{"cases":631,"deaths":0,"recoveries":478},"2020-02-27":{"cases":631,"deaths":0,"recoveries":498},"2020-02-28":{"cases":631,"deaths":0,"recoveries":515},"2020-02-29":{"cases":631,"deaths":0,"recoveries":523},"2020-03-01":{"cases":631,"deaths":0,"recoveries":536},"2020-03-02":{"cases":631,"deaths":0,"recoveries":543},"2020-03-03":{"cases":631,"deaths":0,"recoveries":562},"2020-03-04":{"cases":631,"deaths":0,"recoveries":577},"2020-03-05":{"cases":631,"deaths":0,"recoveries":583},"2020-03-06":{"cases":631,"deaths":0,"recoveries":594},"2020-03-07":{"cases":631,"deaths":0,"recoveries":606},"2020-03-08":{"cases":631,"deaths":0,"recoveries":612},"2020-03-09":{"cases":631,"deaths":0,"recoveries":621},"2020-03-10":{"cases":631,"deaths":0,"recoveries":627},"2020-03-11":{"cases":631,"deaths":0,"recoveries":627},"2020-03-12":{"cases":631,"deaths":0,"recoveries":629},"2020-03-13":{"cases":631,"deaths":0,"recoveries":630},"2020-03-14":{"cases":631,"deaths":0,"recoveries":630},"2020-03-15":{"cases":631,"deaths":0,"recoveries":631},"2020-03-16":{"cases":631,"deaths":0,"recoveries":631},"2020-03-17":{"cases":631,"deaths":0,"recoveries":631},"2020-03-18":{"cases":631,"deaths":0,"recoveries":631},"2020-03-19":{"cases":631,"deaths":0,"recoveries":631},"2020-03-20":{"cases":631,"deaths":0,"recoveries":631},"2020-03-21":{"cases":631,"deaths":0,"recoveries":631},"2020-03-22":{"cases":633,"deaths":0,"recoveries":631},"2020-03-23":{"cases":633,"deaths":0,"recoveries":631},"2020-03-24":{"cases":636,"deaths":0,"recoveries":631},"2020-03-25":{"cases":638,"deaths":0,"recoveries":631},"2020-03-26":{"cases":640,"deaths":0,"recoveries":631},"2020-03-27":{"cases":641,"deaths":0,"recoveries":631},"2020-03-28":{"cases":641,"deaths":0,"recoveries":631},"2020-03-29":{"cases":644,"deaths":0,"recoveries":631},"2020-03-30":{"cases":645,"deaths":0,"recoveries":631},"2020-03-31":{"cases":646,"deaths":0,"recoveries":631},"2020-04-01":{"cases":646,"deaths":0,"recoveries":631},"2020-04-02":{"cases":647,"deaths":0,"recoveries":631},"2020-04-03":{"cases":651,"deaths":0,"recoveries":632},"2020-04-04":{"cases":651,"deaths":0,"recoveries":632},"2020-04-05":{"cases":651,"deaths":0,"recoveries":633},"2020-04-06":{"cases":651,"deaths":0,"recoveries":633},"2020-04-07":{"cases":651,"deaths":0,"recoveries":633},"2020-04-08":{"cases":651,"deaths":0,"recoveries":633},"2020-04-09":{"cases":651,"deaths":0,"recoveries":633},"2020-04-10":{"cases":651,"deaths":0,"recoveries":634},"2020-04-11":{"cases":652,"deaths":0,"recoveries":636},"2020-04-12":{"cases":653,"deaths":0,"recoveries":638},"2020-04-13":{"cases":653,"deaths":0,"recoveries":638},"2020-04-14":{"cases":653,"deaths":0,"recoveries":641},"2020-04-15":{"cases":653,"deaths":0,"recoveries":642},"2020-04-16":{"cases":653,"deaths":0,"recoveries":642},"2020-04-17":{"cases":653,"deaths":0,"recoveries":643},"2020-04-18":{"cases":653,"deaths":0,"recoveries":643},"2020-04-19":{"cases":653,"deaths":0,"recoveries":643},"2020-04-20":{"cases":653,"deaths":0,"recoveries":643},"2020-04-21":{"cases":653,"deaths":0,"recoveries":644},"2020-04-22":{"cases":653,"deaths":0,"recoveries":645}}}