{"name":"Jilin","country":"China","type":"region","dates":{"2020-01-22":{"cases":0,"deaths":0,"recoveries":0},"2020-01-23":{"cases":1,"deaths":0,"recoveries":0},"2020-01-24":{"cases":3,"deaths":0,"recoveries":0},"2020-01-25":{"cases":4,"deaths":0,"recoveries":0},"2020-01-26":{"cases":4,"deaths":0,"recoveries":0},"2020-01-27":{"cases":6,"deaths":0,"recoveries":0},"2020-01-28":{"cases":8,"deaths":0,"recoveries":0},"2020-01-29":{"cases":9,"deaths":0,"recoveries":0},"2020-01-30":{"cases":14,"deaths":0,"recoveries":1},"2020-01-31":{"cases":14,"deaths":0,"recoveries":1},"2020-02-01":{"cases":17,"deaths":0,"recoveries":1},"2020-02-02":{"cases":23,"deaths":0,"recoveries":1},"2020-02-03":{"cases":31,"deaths":0,"recoveries":1},"2020-02-04":{"cases":42,"deaths":0,"recoveries":1},"2020-02-05":{"cases":54,"deaths":0,"recoveries":2},"2020-02-06":{"cases":59,"deaths":0,"recoveries":4},"2020-02-07":{"cases":65,"deaths":1,"recoveries":4},"2020-02-08":{"cases":69,"deaths":1,"recoveries":4},"2020-02-09":{"cases":78,"deaths":1,"recoveries":12},"2020-02-10":{"cases":80,"deaths":1,"recoveries":13},"2020-02-11":{"cases":81,"deaths":1,"recoveries":18},"2020-02-12":{"cases":83,"deaths":1,"recoveries":22},"2020-02-13":{"cases":84,"deaths":1,"recoveries":24},"2020-02-14":{"cases":86,"deaths":1,"recoveries":25},"2020-02-15":{"cases":88,"deaths":1,"recoveries":26},"2020-02-16":{"cases":89,"deaths":1,"recoveries":30},"2020-02-17":{"cases":89,"deaths":1,"recoveries":34},"2020-02-18":{"cases":89,"deaths":1,"recoveries":36},"2020-02-19":{"cases":90,"deaths":1,"recoveries":37},"2020-02-20":{"cases":91,"deaths":1,"recoveries":43},"2020-02-21":{"cases":91,"deaths":1,"recoveries":45},"2020-02-22":{"cases":91,"deaths":1,"recoveries":52},"2020-02-23":{"cases":91,"deaths":1,"recoveries":54},"2020-02-24":{"cases":93,"deaths":1,"recoveries":60},"2020-02-25":{"cases":93,"deaths":1,"recoveries":63},"2020-02-26":{"cases":93,"deaths":1,"recoveries":65},"2020-02-27":{"cases":93,"deaths":1,"recoveries":67},"2020-02-28":{"cases":93,"deaths":1,"recoveries":73},"2020-02-29":{"cases":93,"deaths":1,"recoveries":75},"2020-03-01":{"cases":93,"deaths":1,"recoveries":78},"2020-03-02":{"cases":93,"deaths":1,"recoveries":83},"2020-03-03":{"cases":93,"deaths":1,"recoveries":83},"2020-03-04":{"cases":93,"deaths":1,"recoveries":86},"2020-03-05":{"cases":93,"deaths":1,"recoveries":88},"2020-03-06":{"cases":93,"deaths":1,"recoveries":90},"2020-03-07":{"cases":93,"deaths":1,"recoveries":90},"2020-03-08":{"cases":93,"deaths":1,"recoveries":90},"2020-03-09":{"cases":93,"deaths":1,"recoveries":91},"2020-03-10":{"cases":93,"deaths":1,"recoveries":91},"2020-03-11":{"cases":93,"deaths":1,"recoveries":91},"2020-03-12":{"cases":93,"deaths":1,"recoveries":91},"2020-03-13":{"cases":93,"deaths":1,"recoveries":91},"2020-03-14":{"cases":93,"deaths":1,"recoveries":91},"2020-03-15":{"cases":93,"deaths":1,"recoveries":91},"2020-03-16":{"cases":93,"deaths":1,"recoveries":92},"2020-03-17":{"cases":93,"deaths":1,"recoveries":92},"2020-03-18":{"cases":93,"deaths":1,"recoveries":92},"2020-03-19":{"cases":93,"deaths":1,"recoveries":92},"2020-03-20":{"cases":93,"deaths":1,"recoveries":92},"2020-03-21":{"cases":93,"deaths":1,"recoveries":92},"2020-03-22":{"cases":93,"deaths":1,"recoveries":92},"2020-03-23":{"cases":93,"deaths":1,"recoveries":92},"2020-03-24":{"cases":93,"deaths":1,"recoveries":92},"2020-03-25":{"cases":94,"deaths":1,"recoveries":92},"2020-03-26":{"cases":95,"deaths":1,"recoveries":92},"2020-03-27":{"cases":95,"deaths":1,"recoveries":92},"2020-03-28":{"cases":97,"deaths":1,"recoveries":92},"2020-03-29":{"cases":98,"deaths":1,"recoveries":92},"2020-03-30":{"cases":98,"deaths":1,"recoveries":92},"2020-03-31":{"cases":98,"deaths":1,"recoveries":92},"2020-04-01":{"cases":98,"deaths":1,"recoveries":92},"2020-04-02":{"cases":98,"deaths":1,"recoveries":92},"2020-04-03":{"cases":98,"deaths":1,"recoveries":92},"2020-04-04":{"cases":98,"deaths":1,"recoveries":92},"2020-04-05":{"cases":98,"deaths":1,"recoveries":92},"2020-04-06":{"cases":98,"deaths":1,"recoveries":92},"2020-04-07":{"cases":98,"deaths":1,"recoveries":92},"2020-04-08":{"cases":98,"deaths":1,"recoveries":93},"2020-04-09":{"cases":98,"deaths":1,"recoveries":93},"2020-04-10":{"cases":98,"deaths":1,"recoveries":95},"2020-04-11":{"cases":98,"deaths":1,"recoveries":96},"2020-04-12":{"cases":99,"deaths":1,"recoveries":96},"2020-04-13":{"cases":100,"deaths":1,"recoveries":96},"2020-04-14":{"cases":100,"deaths":1,"recoveries":96},"2020-04-15":{"cases":102,"deaths":1,"recoveries":96},"2020-04-16":{"cases":102,"deaths":1,"recoveries":96},"2020-04-17":{"cases":102,"deaths":1,"recoveries":97},"2020-04-18":{"cases":102,"deaths":1,"recoveries":97},"2020-04-19":{"cases":104,"deaths":1,"recoveries":97},"2020-04-20":{"cases":104,"deaths":1,"recoveries":97},"2020-04-21":{"cases":106,"deaths":1,"recoveries":97},"2020-04-22":{"cases":106,"deaths":1,"recoveries":98}}}