{"name":"Jordan","type":"country","dates":{"2020-01-22":{"cases":0,"deaths":0,"recoveries":0},"2020-01-23":{"cases":0,"deaths":0,"recoveries":0},"2020-01-24":{"cases":0,"deaths":0,"recoveries":0},"2020-01-25":{"cases":0,"deaths":0,"recoveries":0},"2020-01-26":{"cases":0,"deaths":0,"recoveries":0},"2020-01-27":{"cases":0,"deaths":0,"recoveries":0},"2020-01-28":{"cases":0,"deaths":0,"recoveries":0},"2020-01-29":{"cases":0,"deaths":0,"recoveries":0},"2020-01-30":{"cases":0,"deaths":0,"recoveries":0},"2020-01-31":{"cases":0,"deaths":0,"recoveries":0},"2020-02-01":{"cases":0,"deaths":0,"recoveries":0},"2020-02-02":{"cases":0,"deaths":0,"recoveries":0},"2020-02-03":{"cases":0,"deaths":0,"recoveries":0},"2020-02-04":{"cases":0,"deaths":0,"recoveries":0},"2020-02-05":{"cases":0,"deaths":0,"recoveries":0},"2020-02-06":{"cases":0,"deaths":0,"recoveries":0},"2020-02-07":{"cases":0,"deaths":0,"recoveries":0},"2020-02-08":{"cases":0,"deaths":0,"recoveries":0},"2020-02-09":{"cases":0,"deaths":0,"recoveries":0},"2020-02-10":{"cases":0,"deaths":0,"recoveries":0},"2020-02-11":{"cases":0,"deaths":0,"recoveries":0},"2020-02-12":{"cases":0,"deaths":0,"recoveries":0},"2020-02-13":{"cases":0,"deaths":0,"recoveries":0},"2020-02-14":{"cases":0,"deaths":0,"recoveries":0},"2020-02-15":{"cases":0,"deaths":0,"recoveries":0},"2020-02-16":{"cases":0,"deaths":0,"recoveries":0},"2020-02-17":{"cases":0,"deaths":0,"recoveries":0},"2020-02-18":{"cases":0,"deaths":0,"recoveries":0},"2020-02-19":{"cases":0,"deaths":0,"recoveries":0},"2020-02-20":{"cases":0,"deaths":0,"recoveries":0},"2020-02-21":{"cases":0,"deaths":0,"recoveries":0},"2020-02-22":{"cases":0,"deaths":0,"recoveries":0},"2020-02-23":{"cases":0,"deaths":0,"recoveries":0},"2020-02-24":{"cases":0,"deaths":0,"recoveries":0},"2020-02-25":{"cases":0,"deaths":0,"recoveries":0},"2020-02-26":{"cases":0,"deaths":0,"recoveries":0},"2020-02-27":{"cases":0,"deaths":0,"recoveries":0},"2020-02-28":{"cases":0,"deaths":0,"recoveries":0},"2020-02-29":{"cases":0,"deaths":0,"recoveries":0},"2020-03-01":{"cases":0,"deaths":0,"recoveries":0},"2020-03-02":{"cases":0,"deaths":0,"recoveries":0},"2020-03-03":{"cases":1,"deaths":0,"recoveries":0},"2020-03-04":{"cases":1,"deaths":0,"recoveries":0},"2020-03-05":{"cases":1,"deaths":0,"recoveries":0},"2020-03-06":{"cases":1,"deaths":0,"recoveries":0},"2020-03-07":{"cases":1,"deaths":0,"recoveries":0},"2020-03-08":{"cases":1,"deaths":0,"recoveries":0},"2020-03-09":{"cases":1,"deaths":0,"recoveries":0},"2020-03-10":{"cases":1,"deaths":0,"recoveries":0},"2020-03-11":{"cases":1,"deaths":0,"recoveries":0},"2020-03-12":{"cases":1,"deaths":0,"recoveries":0},"2020-03-13":{"cases":1,"deaths":0,"recoveries":1},"2020-03-14":{"cases":1,"deaths":0,"recoveries":1},"2020-03-15":{"cases":8,"deaths":0,"recoveries":1},"2020-03-16":{"cases":17,"deaths":0,"recoveries":1},"2020-03-17":{"cases":34,"deaths":0,"recoveries":1},"2020-03-18":{"cases":52,"deaths":0,"recoveries":1},"2020-03-19":{"cases":69,"deaths":0,"recoveries":1},"2020-03-20":{"cases":85,"deaths":0,"recoveries":1},"2020-03-21":{"cases":85,"deaths":0,"recoveries":1},"2020-03-22":{"cases":112,"deaths":0,"recoveries":1},"2020-03-23":{"cases":127,"deaths":0,"recoveries":1},"2020-03-24":{"cases":154,"deaths":0,"recoveries":1},"2020-03-25":{"cases":172,"deaths":0,"recoveries":1},"2020-03-26":{"cases":212,"deaths":0,"recoveries":1},"2020-03-27":{"cases":235,"deaths":1,"recoveries":18},"2020-03-28":{"cases":246,"deaths":1,"recoveries":18},"2020-03-29":{"cases":259,"deaths":3,"recoveries":18},"2020-03-30":{"cases":268,"deaths":5,"recoveries":26},"2020-03-31":{"cases":274,"deaths":5,"recoveries":30},"2020-04-01":{"cases":278,"deaths":5,"recoveries":36},"2020-04-02":{"cases":299,"deaths":5,"recoveries":45},"2020-04-03":{"cases":310,"deaths":5,"recoveries":58},"2020-04-04":{"cases":323,"deaths":5,"recoveries":74},"2020-04-05":{"cases":345,"deaths":5,"recoveries":110},"2020-04-06":{"cases":349,"deaths":6,"recoveries":126},"2020-04-07":{"cases":353,"deaths":6,"recoveries":138},"2020-04-08":{"cases":358,"deaths":6,"recoveries":150},"2020-04-09":{"cases":372,"deaths":7,"recoveries":161},"2020-04-10":{"cases":372,"deaths":7,"recoveries":170},"2020-04-11":{"cases":381,"deaths":7,"recoveries":177},"2020-04-12":{"cases":389,"deaths":7,"recoveries":201},"2020-04-13":{"cases":391,"deaths":7,"recoveries":215},"2020-04-14":{"cases":397,"deaths":7,"recoveries":235},"2020-04-15":{"cases":401,"deaths":7,"recoveries":250},"2020-04-16":{"cases":402,"deaths":7,"recoveries":259},"2020-04-17":{"cases":407,"deaths":7,"recoveries":265},"2020-04-18":{"cases":413,"deaths":7,"recoveries":269},"2020-04-19":{"cases":417,"deaths":7,"recoveries":276},"2020-04-20":{"cases":425,"deaths":7,"recoveries":282},"2020-04-21":{"cases":428,"deaths":7,"recoveries":297},"2020-04-22":{"cases":435,"deaths":7,"recoveries":315}}}