{"name":"Kazakhstan","type":"country","dates":{"2020-01-22":{"cases":0,"deaths":0,"recoveries":0},"2020-01-23":{"cases":0,"deaths":0,"recoveries":0},"2020-01-24":{"cases":0,"deaths":0,"recoveries":0},"2020-01-25":{"cases":0,"deaths":0,"recoveries":0},"2020-01-26":{"cases":0,"deaths":0,"recoveries":0},"2020-01-27":{"cases":0,"deaths":0,"recoveries":0},"2020-01-28":{"cases":0,"deaths":0,"recoveries":0},"2020-01-29":{"cases":0,"deaths":0,"recoveries":0},"2020-01-30":{"cases":0,"deaths":0,"recoveries":0},"2020-01-31":{"cases":0,"deaths":0,"recoveries":0},"2020-02-01":{"cases":0,"deaths":0,"recoveries":0},"2020-02-02":{"cases":0,"deaths":0,"recoveries":0},"2020-02-03":{"cases":0,"deaths":0,"recoveries":0},"2020-02-04":{"cases":0,"deaths":0,"recoveries":0},"2020-02-05":{"cases":0,"deaths":0,"recoveries":0},"2020-02-06":{"cases":0,"deaths":0,"recoveries":0},"2020-02-07":{"cases":0,"deaths":0,"recoveries":0},"2020-02-08":{"cases":0,"deaths":0,"recoveries":0},"2020-02-09":{"cases":0,"deaths":0,"recoveries":0},"2020-02-10":{"cases":0,"deaths":0,"recoveries":0},"2020-02-11":{"cases":0,"deaths":0,"recoveries":0},"2020-02-12":{"cases":0,"deaths":0,"recoveries":0},"2020-02-13":{"cases":0,"deaths":0,"recoveries":0},"2020-02-14":{"cases":0,"deaths":0,"recoveries":0},"2020-02-15":{"cases":0,"deaths":0,"recoveries":0},"2020-02-16":{"cases":0,"deaths":0,"recoveries":0},"2020-02-17":{"cases":0,"deaths":0,"recoveries":0},"2020-02-18":{"cases":0,"deaths":0,"recoveries":0},"2020-02-19":{"cases":0,"deaths":0,"recoveries":0},"2020-02-20":{"cases":0,"deaths":0,"recoveries":0},"2020-02-21":{"cases":0,"deaths":0,"recoveries":0},"2020-02-22":{"cases":0,"deaths":0,"recoveries":0},"2020-02-23":{"cases":0,"deaths":0,"recoveries":0},"2020-02-24":{"cases":0,"deaths":0,"recoveries":0},"2020-02-25":{"cases":0,"deaths":0,"recoveries":0},"2020-02-26":{"cases":0,"deaths":0,"recoveries":0},"2020-02-27":{"cases":0,"deaths":0,"recoveries":0},"2020-02-28":{"cases":0,"deaths":0,"recoveries":0},"2020-02-29":{"cases":0,"deaths":0,"recoveries":0},"2020-03-01":{"cases":0,"deaths":0,"recoveries":0},"2020-03-02":{"cases":0,"deaths":0,"recoveries":0},"2020-03-03":{"cases":0,"deaths":0,"recoveries":0},"2020-03-04":{"cases":0,"deaths":0,"recoveries":0},"2020-03-05":{"cases":0,"deaths":0,"recoveries":0},"2020-03-06":{"cases":0,"deaths":0,"recoveries":0},"2020-03-07":{"cases":0,"deaths":0,"recoveries":0},"2020-03-08":{"cases":0,"deaths":0,"recoveries":0},"2020-03-09":{"cases":0,"deaths":0,"recoveries":0},"2020-03-10":{"cases":0,"deaths":0,"recoveries":0},"2020-03-11":{"cases":0,"deaths":0,"recoveries":0},"2020-03-12":{"cases":0,"deaths":0,"recoveries":0},"2020-03-13":{"cases":4,"deaths":0,"recoveries":0},"2020-03-14":{"cases":6,"deaths":0,"recoveries":0},"2020-03-15":{"cases":9,"deaths":0,"recoveries":0},"2020-03-16":{"cases":10,"deaths":0,"recoveries":0},"2020-03-17":{"cases":33,"deaths":0,"recoveries":0},"2020-03-18":{"cases":35,"deaths":0,"recoveries":0},"2020-03-19":{"cases":44,"deaths":0,"recoveries":0},"2020-03-20":{"cases":49,"deaths":3,"recoveries":0},"2020-03-21":{"cases":53,"deaths":0,"recoveries":0},"2020-03-22":{"cases":60,"deaths":0,"recoveries":0},"2020-03-23":{"cases":62,"deaths":0,"recoveries":0},"2020-03-24":{"cases":72,"deaths":0,"recoveries":0},"2020-03-25":{"cases":81,"deaths":0,"recoveries":0},"2020-03-26":{"cases":111,"deaths":1,"recoveries":2},"2020-03-27":{"cases":150,"deaths":1,"recoveries":3},"2020-03-28":{"cases":228,"deaths":1,"recoveries":16},"2020-03-29":{"cases":284,"deaths":1,"recoveries":20},"2020-03-30":{"cases":302,"deaths":1,"recoveries":21},"2020-03-31":{"cases":343,"deaths":2,"recoveries":24},"2020-04-01":{"cases":380,"deaths":3,"recoveries":26},"2020-04-02":{"cases":435,"deaths":3,"recoveries":27},"2020-04-03":{"cases":464,"deaths":6,"recoveries":29},"2020-04-04":{"cases":531,"deaths":5,"recoveries":36},"2020-04-05":{"cases":584,"deaths":6,"recoveries":42},"2020-04-06":{"cases":662,"deaths":6,"recoveries":46},"2020-04-07":{"cases":697,"deaths":6,"recoveries":51},"2020-04-08":{"cases":727,"deaths":7,"recoveries":54},"2020-04-09":{"cases":781,"deaths":8,"recoveries":60},"2020-04-10":{"cases":812,"deaths":10,"recoveries":64},"2020-04-11":{"cases":865,"deaths":10,"recoveries":81},"2020-04-12":{"cases":951,"deaths":10,"recoveries":99},"2020-04-13":{"cases":1091,"deaths":12,"recoveries":138},"2020-04-14":{"cases":1232,"deaths":14,"recoveries":203},"2020-04-15":{"cases":1295,"deaths":16,"recoveries":240},"2020-04-16":{"cases":1402,"deaths":17,"recoveries":277},"2020-04-17":{"cases":1546,"deaths":17,"recoveries":347},"2020-04-18":{"cases":1615,"deaths":17,"recoveries":377},"2020-04-19":{"cases":1676,"deaths":17,"recoveries":400},"2020-04-20":{"cases":1852,"deaths":19,"recoveries":447},"2020-04-21":{"cases":1995,"deaths":19,"recoveries":489},"2020-04-22":{"cases":2135,"deaths":19,"recoveries":515}}}