{"name":"Kenya","type":"country","dates":{"2020-01-22":{"cases":0,"deaths":0,"recoveries":0},"2020-01-23":{"cases":0,"deaths":0,"recoveries":0},"2020-01-24":{"cases":0,"deaths":0,"recoveries":0},"2020-01-25":{"cases":0,"deaths":0,"recoveries":0},"2020-01-26":{"cases":0,"deaths":0,"recoveries":0},"2020-01-27":{"cases":0,"deaths":0,"recoveries":0},"2020-01-28":{"cases":0,"deaths":0,"recoveries":0},"2020-01-29":{"cases":0,"deaths":0,"recoveries":0},"2020-01-30":{"cases":0,"deaths":0,"recoveries":0},"2020-01-31":{"cases":0,"deaths":0,"recoveries":0},"2020-02-01":{"cases":0,"deaths":0,"recoveries":0},"2020-02-02":{"cases":0,"deaths":0,"recoveries":0},"2020-02-03":{"cases":0,"deaths":0,"recoveries":0},"2020-02-04":{"cases":0,"deaths":0,"recoveries":0},"2020-02-05":{"cases":0,"deaths":0,"recoveries":0},"2020-02-06":{"cases":0,"deaths":0,"recoveries":0},"2020-02-07":{"cases":0,"deaths":0,"recoveries":0},"2020-02-08":{"cases":0,"deaths":0,"recoveries":0},"2020-02-09":{"cases":0,"deaths":0,"recoveries":0},"2020-02-10":{"cases":0,"deaths":0,"recoveries":0},"2020-02-11":{"cases":0,"deaths":0,"recoveries":0},"2020-02-12":{"cases":0,"deaths":0,"recoveries":0},"2020-02-13":{"cases":0,"deaths":0,"recoveries":0},"2020-02-14":{"cases":0,"deaths":0,"recoveries":0},"2020-02-15":{"cases":0,"deaths":0,"recoveries":0},"2020-02-16":{"cases":0,"deaths":0,"recoveries":0},"2020-02-17":{"cases":0,"deaths":0,"recoveries":0},"2020-02-18":{"cases":0,"deaths":0,"recoveries":0},"2020-02-19":{"cases":0,"deaths":0,"recoveries":0},"2020-02-20":{"cases":0,"deaths":0,"recoveries":0},"2020-02-21":{"cases":0,"deaths":0,"recoveries":0},"2020-02-22":{"cases":0,"deaths":0,"recoveries":0},"2020-02-23":{"cases":0,"deaths":0,"recoveries":0},"2020-02-24":{"cases":0,"deaths":0,"recoveries":0},"2020-02-25":{"cases":0,"deaths":0,"recoveries":0},"2020-02-26":{"cases":0,"deaths":0,"recoveries":0},"2020-02-27":{"cases":0,"deaths":0,"recoveries":0},"2020-02-28":{"cases":0,"deaths":0,"recoveries":0},"2020-02-29":{"cases":0,"deaths":0,"recoveries":0},"2020-03-01":{"cases":0,"deaths":0,"recoveries":0},"2020-03-02":{"cases":0,"deaths":0,"recoveries":0},"2020-03-03":{"cases":0,"deaths":0,"recoveries":0},"2020-03-04":{"cases":0,"deaths":0,"recoveries":0},"2020-03-05":{"cases":0,"deaths":0,"recoveries":0},"2020-03-06":{"cases":0,"deaths":0,"recoveries":0},"2020-03-07":{"cases":0,"deaths":0,"recoveries":0},"2020-03-08":{"cases":0,"deaths":0,"recoveries":0},"2020-03-09":{"cases":0,"deaths":0,"recoveries":0},"2020-03-10":{"cases":0,"deaths":0,"recoveries":0},"2020-03-11":{"cases":0,"deaths":0,"recoveries":0},"2020-03-12":{"cases":0,"deaths":0,"recoveries":0},"2020-03-13":{"cases":1,"deaths":0,"recoveries":0},"2020-03-14":{"cases":1,"deaths":0,"recoveries":0},"2020-03-15":{"cases":3,"deaths":0,"recoveries":0},"2020-03-16":{"cases":3,"deaths":0,"recoveries":0},"2020-03-17":{"cases":3,"deaths":0,"recoveries":0},"2020-03-18":{"cases":3,"deaths":0,"recoveries":0},"2020-03-19":{"cases":7,"deaths":0,"recoveries":0},"2020-03-20":{"cases":7,"deaths":0,"recoveries":0},"2020-03-21":{"cases":7,"deaths":0,"recoveries":0},"2020-03-22":{"cases":15,"deaths":0,"recoveries":0},"2020-03-23":{"cases":16,"deaths":0,"recoveries":0},"2020-03-24":{"cases":25,"deaths":0,"recoveries":0},"2020-03-25":{"cases":28,"deaths":0,"recoveries":1},"2020-03-26":{"cases":31,"deaths":1,"recoveries":1},"2020-03-27":{"cases":31,"deaths":1,"recoveries":1},"2020-03-28":{"cases":38,"deaths":1,"recoveries":1},"2020-03-29":{"cases":42,"deaths":1,"recoveries":1},"2020-03-30":{"cases":50,"deaths":1,"recoveries":1},"2020-03-31":{"cases":59,"deaths":1,"recoveries":1},"2020-04-01":{"cases":81,"deaths":1,"recoveries":3},"2020-04-02":{"cases":110,"deaths":3,"recoveries":4},"2020-04-03":{"cases":122,"deaths":4,"recoveries":4},"2020-04-04":{"cases":126,"deaths":4,"recoveries":4},"2020-04-05":{"cases":142,"deaths":4,"recoveries":4},"2020-04-06":{"cases":158,"deaths":6,"recoveries":4},"2020-04-07":{"cases":172,"deaths":6,"recoveries":7},"2020-04-08":{"cases":179,"deaths":6,"recoveries":9},"2020-04-09":{"cases":184,"deaths":7,"recoveries":12},"2020-04-10":{"cases":189,"deaths":7,"recoveries":22},"2020-04-11":{"cases":191,"deaths":7,"recoveries":24},"2020-04-12":{"cases":197,"deaths":8,"recoveries":25},"2020-04-13":{"cases":208,"deaths":9,"recoveries":40},"2020-04-14":{"cases":216,"deaths":9,"recoveries":41},"2020-04-15":{"cases":225,"deaths":10,"recoveries":53},"2020-04-16":{"cases":234,"deaths":11,"recoveries":53},"2020-04-17":{"cases":246,"deaths":11,"recoveries":53},"2020-04-18":{"cases":262,"deaths":12,"recoveries":60},"2020-04-19":{"cases":270,"deaths":14,"recoveries":67},"2020-04-20":{"cases":281,"deaths":14,"recoveries":69},"2020-04-21":{"cases":296,"deaths":14,"recoveries":74},"2020-04-22":{"cases":303,"deaths":14,"recoveries":74}}}