{"name":"Korea, South","type":"country","dates":{"2020-01-22":{"cases":1,"deaths":0,"recoveries":0},"2020-01-23":{"cases":1,"deaths":0,"recoveries":0},"2020-01-24":{"cases":2,"deaths":0,"recoveries":0},"2020-01-25":{"cases":2,"deaths":0,"recoveries":0},"2020-01-26":{"cases":3,"deaths":0,"recoveries":0},"2020-01-27":{"cases":4,"deaths":0,"recoveries":0},"2020-01-28":{"cases":4,"deaths":0,"recoveries":0},"2020-01-29":{"cases":4,"deaths":0,"recoveries":0},"2020-01-30":{"cases":4,"deaths":0,"recoveries":0},"2020-01-31":{"cases":11,"deaths":0,"recoveries":0},"2020-02-01":{"cases":12,"deaths":0,"recoveries":0},"2020-02-02":{"cases":15,"deaths":0,"recoveries":0},"2020-02-03":{"cases":15,"deaths":0,"recoveries":0},"2020-02-04":{"cases":16,"deaths":0,"recoveries":0},"2020-02-05":{"cases":19,"deaths":0,"recoveries":0},"2020-02-06":{"cases":23,"deaths":0,"recoveries":0},"2020-02-07":{"cases":24,"deaths":0,"recoveries":1},"2020-02-08":{"cases":24,"deaths":0,"recoveries":1},"2020-02-09":{"cases":25,"deaths":0,"recoveries":3},"2020-02-10":{"cases":27,"deaths":0,"recoveries":3},"2020-02-11":{"cases":28,"deaths":0,"recoveries":3},"2020-02-12":{"cases":28,"deaths":0,"recoveries":7},"2020-02-13":{"cases":28,"deaths":0,"recoveries":7},"2020-02-14":{"cases":28,"deaths":0,"recoveries":7},"2020-02-15":{"cases":28,"deaths":0,"recoveries":9},"2020-02-16":{"cases":29,"deaths":0,"recoveries":9},"2020-02-17":{"cases":30,"deaths":0,"recoveries":10},"2020-02-18":{"cases":31,"deaths":0,"recoveries":12},"2020-02-19":{"cases":31,"deaths":0,"recoveries":12},"2020-02-20":{"cases":104,"deaths":1,"recoveries":16},"2020-02-21":{"cases":204,"deaths":2,"recoveries":16},"2020-02-22":{"cases":433,"deaths":2,"recoveries":16},"2020-02-23":{"cases":602,"deaths":6,"recoveries":18},"2020-02-24":{"cases":833,"deaths":8,"recoveries":18},"2020-02-25":{"cases":977,"deaths":10,"recoveries":22},"2020-02-26":{"cases":1261,"deaths":12,"recoveries":22},"2020-02-27":{"cases":1766,"deaths":13,"recoveries":22},"2020-02-28":{"cases":2337,"deaths":13,"recoveries":22},"2020-02-29":{"cases":3150,"deaths":16,"recoveries":27},"2020-03-01":{"cases":3736,"deaths":17,"recoveries":30},"2020-03-02":{"cases":4335,"deaths":28,"recoveries":30},"2020-03-03":{"cases":5186,"deaths":28,"recoveries":30},"2020-03-04":{"cases":5621,"deaths":35,"recoveries":41},"2020-03-05":{"cases":6088,"deaths":35,"recoveries":41},"2020-03-06":{"cases":6593,"deaths":42,"recoveries":135},"2020-03-07":{"cases":7041,"deaths":44,"recoveries":135},"2020-03-08":{"cases":7314,"deaths":50,"recoveries":118},"2020-03-09":{"cases":7478,"deaths":53,"recoveries":118},"2020-03-10":{"cases":7513,"deaths":54,"recoveries":247},"2020-03-11":{"cases":7755,"deaths":60,"recoveries":288},"2020-03-12":{"cases":7869,"deaths":66,"recoveries":333},"2020-03-13":{"cases":7979,"deaths":66,"recoveries":510},"2020-03-14":{"cases":8086,"deaths":72,"recoveries":510},"2020-03-15":{"cases":8162,"deaths":75,"recoveries":510},"2020-03-16":{"cases":8236,"deaths":75,"recoveries":1137},"2020-03-17":{"cases":8320,"deaths":81,"recoveries":1407},"2020-03-18":{"cases":8413,"deaths":84,"recoveries":1540},"2020-03-19":{"cases":8565,"deaths":91,"recoveries":1540},"2020-03-20":{"cases":8652,"deaths":94,"recoveries":1540},"2020-03-21":{"cases":8799,"deaths":102,"recoveries":1540},"2020-03-22":{"cases":8961,"deaths":111,"recoveries":2909},"2020-03-23":{"cases":8961,"deaths":111,"recoveries":2909},"2020-03-24":{"cases":9037,"deaths":120,"recoveries":3507},"2020-03-25":{"cases":9137,"deaths":126,"recoveries":3730},"2020-03-26":{"cases":9241,"deaths":131,"recoveries":4144},"2020-03-27":{"cases":9332,"deaths":139,"recoveries":4528},"2020-03-28":{"cases":9478,"deaths":144,"recoveries":4811},"2020-03-29":{"cases":9583,"deaths":152,"recoveries":5033},"2020-03-30":{"cases":9661,"deaths":158,"recoveries":5228},"2020-03-31":{"cases":9786,"deaths":162,"recoveries":5408},"2020-04-01":{"cases":9887,"deaths":165,"recoveries":5567},"2020-04-02":{"cases":9976,"deaths":169,"recoveries":5828},"2020-04-03":{"cases":10062,"deaths":174,"recoveries":6021},"2020-04-04":{"cases":10156,"deaths":177,"recoveries":6325},"2020-04-05":{"cases":10237,"deaths":183,"recoveries":6463},"2020-04-06":{"cases":10284,"deaths":186,"recoveries":6598},"2020-04-07":{"cases":10331,"deaths":192,"recoveries":6694},"2020-04-08":{"cases":10384,"deaths":200,"recoveries":6776},"2020-04-09":{"cases":10423,"deaths":204,"recoveries":6973},"2020-04-10":{"cases":10450,"deaths":208,"recoveries":7117},"2020-04-11":{"cases":10480,"deaths":211,"recoveries":7243},"2020-04-12":{"cases":10512,"deaths":214,"recoveries":7368},"2020-04-13":{"cases":10537,"deaths":217,"recoveries":7447},"2020-04-14":{"cases":10564,"deaths":222,"recoveries":7534},"2020-04-15":{"cases":10591,"deaths":225,"recoveries":7616},"2020-04-16":{"cases":10613,"deaths":229,"recoveries":7757},"2020-04-17":{"cases":10635,"deaths":230,"recoveries":7829},"2020-04-18":{"cases":10653,"deaths":232,"recoveries":7937},"2020-04-19":{"cases":10661,"deaths":234,"recoveries":8042},"2020-04-20":{"cases":10674,"deaths":236,"recoveries":8114},"2020-04-21":{"cases":10683,"deaths":237,"recoveries":8213},"2020-04-22":{"cases":10694,"deaths":238,"recoveries":8277}}}