{"name":"Kuwait","type":"country","dates":{"2020-01-22":{"cases":0,"deaths":0,"recoveries":0},"2020-01-23":{"cases":0,"deaths":0,"recoveries":0},"2020-01-24":{"cases":0,"deaths":0,"recoveries":0},"2020-01-25":{"cases":0,"deaths":0,"recoveries":0},"2020-01-26":{"cases":0,"deaths":0,"recoveries":0},"2020-01-27":{"cases":0,"deaths":0,"recoveries":0},"2020-01-28":{"cases":0,"deaths":0,"recoveries":0},"2020-01-29":{"cases":0,"deaths":0,"recoveries":0},"2020-01-30":{"cases":0,"deaths":0,"recoveries":0},"2020-01-31":{"cases":0,"deaths":0,"recoveries":0},"2020-02-01":{"cases":0,"deaths":0,"recoveries":0},"2020-02-02":{"cases":0,"deaths":0,"recoveries":0},"2020-02-03":{"cases":0,"deaths":0,"recoveries":0},"2020-02-04":{"cases":0,"deaths":0,"recoveries":0},"2020-02-05":{"cases":0,"deaths":0,"recoveries":0},"2020-02-06":{"cases":0,"deaths":0,"recoveries":0},"2020-02-07":{"cases":0,"deaths":0,"recoveries":0},"2020-02-08":{"cases":0,"deaths":0,"recoveries":0},"2020-02-09":{"cases":0,"deaths":0,"recoveries":0},"2020-02-10":{"cases":0,"deaths":0,"recoveries":0},"2020-02-11":{"cases":0,"deaths":0,"recoveries":0},"2020-02-12":{"cases":0,"deaths":0,"recoveries":0},"2020-02-13":{"cases":0,"deaths":0,"recoveries":0},"2020-02-14":{"cases":0,"deaths":0,"recoveries":0},"2020-02-15":{"cases":0,"deaths":0,"recoveries":0},"2020-02-16":{"cases":0,"deaths":0,"recoveries":0},"2020-02-17":{"cases":0,"deaths":0,"recoveries":0},"2020-02-18":{"cases":0,"deaths":0,"recoveries":0},"2020-02-19":{"cases":0,"deaths":0,"recoveries":0},"2020-02-20":{"cases":0,"deaths":0,"recoveries":0},"2020-02-21":{"cases":0,"deaths":0,"recoveries":0},"2020-02-22":{"cases":0,"deaths":0,"recoveries":0},"2020-02-23":{"cases":0,"deaths":0,"recoveries":0},"2020-02-24":{"cases":1,"deaths":0,"recoveries":0},"2020-02-25":{"cases":11,"deaths":0,"recoveries":0},"2020-02-26":{"cases":26,"deaths":0,"recoveries":0},"2020-02-27":{"cases":43,"deaths":0,"recoveries":0},"2020-02-28":{"cases":45,"deaths":0,"recoveries":0},"2020-02-29":{"cases":45,"deaths":0,"recoveries":0},"2020-03-01":{"cases":45,"deaths":0,"recoveries":0},"2020-03-02":{"cases":56,"deaths":0,"recoveries":0},"2020-03-03":{"cases":56,"deaths":0,"recoveries":0},"2020-03-04":{"cases":56,"deaths":0,"recoveries":0},"2020-03-05":{"cases":58,"deaths":0,"recoveries":0},"2020-03-06":{"cases":58,"deaths":0,"recoveries":0},"2020-03-07":{"cases":61,"deaths":0,"recoveries":0},"2020-03-08":{"cases":64,"deaths":0,"recoveries":1},"2020-03-09":{"cases":64,"deaths":0,"recoveries":1},"2020-03-10":{"cases":69,"deaths":0,"recoveries":1},"2020-03-11":{"cases":72,"deaths":0,"recoveries":2},"2020-03-12":{"cases":80,"deaths":0,"recoveries":5},"2020-03-13":{"cases":80,"deaths":0,"recoveries":5},"2020-03-14":{"cases":104,"deaths":0,"recoveries":5},"2020-03-15":{"cases":112,"deaths":0,"recoveries":5},"2020-03-16":{"cases":123,"deaths":0,"recoveries":9},"2020-03-17":{"cases":130,"deaths":0,"recoveries":9},"2020-03-18":{"cases":142,"deaths":0,"recoveries":15},"2020-03-19":{"cases":148,"deaths":0,"recoveries":18},"2020-03-20":{"cases":159,"deaths":0,"recoveries":18},"2020-03-21":{"cases":176,"deaths":0,"recoveries":27},"2020-03-22":{"cases":188,"deaths":0,"recoveries":27},"2020-03-23":{"cases":189,"deaths":0,"recoveries":27},"2020-03-24":{"cases":191,"deaths":0,"recoveries":39},"2020-03-25":{"cases":195,"deaths":0,"recoveries":43},"2020-03-26":{"cases":208,"deaths":0,"recoveries":49},"2020-03-27":{"cases":225,"deaths":0,"recoveries":57},"2020-03-28":{"cases":235,"deaths":0,"recoveries":64},"2020-03-29":{"cases":255,"deaths":0,"recoveries":67},"2020-03-30":{"cases":266,"deaths":0,"recoveries":72},"2020-03-31":{"cases":289,"deaths":0,"recoveries":73},"2020-04-01":{"cases":317,"deaths":0,"recoveries":80},"2020-04-02":{"cases":342,"deaths":0,"recoveries":81},"2020-04-03":{"cases":417,"deaths":0,"recoveries":82},"2020-04-04":{"cases":479,"deaths":1,"recoveries":93},"2020-04-05":{"cases":556,"deaths":1,"recoveries":99},"2020-04-06":{"cases":665,"deaths":1,"recoveries":103},"2020-04-07":{"cases":743,"deaths":1,"recoveries":105},"2020-04-08":{"cases":855,"deaths":1,"recoveries":111},"2020-04-09":{"cases":910,"deaths":1,"recoveries":111},"2020-04-10":{"cases":993,"deaths":1,"recoveries":123},"2020-04-11":{"cases":1154,"deaths":1,"recoveries":133},"2020-04-12":{"cases":1234,"deaths":1,"recoveries":142},"2020-04-13":{"cases":1300,"deaths":2,"recoveries":150},"2020-04-14":{"cases":1355,"deaths":3,"recoveries":176},"2020-04-15":{"cases":1405,"deaths":3,"recoveries":206},"2020-04-16":{"cases":1524,"deaths":3,"recoveries":225},"2020-04-17":{"cases":1658,"deaths":5,"recoveries":258},"2020-04-18":{"cases":1751,"deaths":6,"recoveries":280},"2020-04-19":{"cases":1915,"deaths":7,"recoveries":305},"2020-04-20":{"cases":1995,"deaths":9,"recoveries":367},"2020-04-21":{"cases":2080,"deaths":11,"recoveries":412},"2020-04-22":{"cases":2248,"deaths":13,"recoveries":443}}}