{"name":"Latvia","type":"country","dates":{"2020-01-22":{"cases":0,"deaths":0,"recoveries":0},"2020-01-23":{"cases":0,"deaths":0,"recoveries":0},"2020-01-24":{"cases":0,"deaths":0,"recoveries":0},"2020-01-25":{"cases":0,"deaths":0,"recoveries":0},"2020-01-26":{"cases":0,"deaths":0,"recoveries":0},"2020-01-27":{"cases":0,"deaths":0,"recoveries":0},"2020-01-28":{"cases":0,"deaths":0,"recoveries":0},"2020-01-29":{"cases":0,"deaths":0,"recoveries":0},"2020-01-30":{"cases":0,"deaths":0,"recoveries":0},"2020-01-31":{"cases":0,"deaths":0,"recoveries":0},"2020-02-01":{"cases":0,"deaths":0,"recoveries":0},"2020-02-02":{"cases":0,"deaths":0,"recoveries":0},"2020-02-03":{"cases":0,"deaths":0,"recoveries":0},"2020-02-04":{"cases":0,"deaths":0,"recoveries":0},"2020-02-05":{"cases":0,"deaths":0,"recoveries":0},"2020-02-06":{"cases":0,"deaths":0,"recoveries":0},"2020-02-07":{"cases":0,"deaths":0,"recoveries":0},"2020-02-08":{"cases":0,"deaths":0,"recoveries":0},"2020-02-09":{"cases":0,"deaths":0,"recoveries":0},"2020-02-10":{"cases":0,"deaths":0,"recoveries":0},"2020-02-11":{"cases":0,"deaths":0,"recoveries":0},"2020-02-12":{"cases":0,"deaths":0,"recoveries":0},"2020-02-13":{"cases":0,"deaths":0,"recoveries":0},"2020-02-14":{"cases":0,"deaths":0,"recoveries":0},"2020-02-15":{"cases":0,"deaths":0,"recoveries":0},"2020-02-16":{"cases":0,"deaths":0,"recoveries":0},"2020-02-17":{"cases":0,"deaths":0,"recoveries":0},"2020-02-18":{"cases":0,"deaths":0,"recoveries":0},"2020-02-19":{"cases":0,"deaths":0,"recoveries":0},"2020-02-20":{"cases":0,"deaths":0,"recoveries":0},"2020-02-21":{"cases":0,"deaths":0,"recoveries":0},"2020-02-22":{"cases":0,"deaths":0,"recoveries":0},"2020-02-23":{"cases":0,"deaths":0,"recoveries":0},"2020-02-24":{"cases":0,"deaths":0,"recoveries":0},"2020-02-25":{"cases":0,"deaths":0,"recoveries":0},"2020-02-26":{"cases":0,"deaths":0,"recoveries":0},"2020-02-27":{"cases":0,"deaths":0,"recoveries":0},"2020-02-28":{"cases":0,"deaths":0,"recoveries":0},"2020-02-29":{"cases":0,"deaths":0,"recoveries":0},"2020-03-01":{"cases":0,"deaths":0,"recoveries":0},"2020-03-02":{"cases":1,"deaths":0,"recoveries":0},"2020-03-03":{"cases":1,"deaths":0,"recoveries":0},"2020-03-04":{"cases":1,"deaths":0,"recoveries":0},"2020-03-05":{"cases":1,"deaths":0,"recoveries":0},"2020-03-06":{"cases":1,"deaths":0,"recoveries":0},"2020-03-07":{"cases":1,"deaths":0,"recoveries":0},"2020-03-08":{"cases":2,"deaths":0,"recoveries":0},"2020-03-09":{"cases":6,"deaths":0,"recoveries":0},"2020-03-10":{"cases":8,"deaths":0,"recoveries":1},"2020-03-11":{"cases":10,"deaths":0,"recoveries":1},"2020-03-12":{"cases":10,"deaths":0,"recoveries":1},"2020-03-13":{"cases":17,"deaths":0,"recoveries":1},"2020-03-14":{"cases":26,"deaths":0,"recoveries":1},"2020-03-15":{"cases":30,"deaths":0,"recoveries":1},"2020-03-16":{"cases":34,"deaths":0,"recoveries":1},"2020-03-17":{"cases":49,"deaths":0,"recoveries":1},"2020-03-18":{"cases":71,"deaths":0,"recoveries":1},"2020-03-19":{"cases":86,"deaths":0,"recoveries":1},"2020-03-20":{"cases":111,"deaths":0,"recoveries":1},"2020-03-21":{"cases":124,"deaths":0,"recoveries":1},"2020-03-22":{"cases":139,"deaths":0,"recoveries":1},"2020-03-23":{"cases":180,"deaths":0,"recoveries":1},"2020-03-24":{"cases":197,"deaths":0,"recoveries":1},"2020-03-25":{"cases":221,"deaths":0,"recoveries":1},"2020-03-26":{"cases":244,"deaths":0,"recoveries":1},"2020-03-27":{"cases":280,"deaths":0,"recoveries":1},"2020-03-28":{"cases":305,"deaths":0,"recoveries":1},"2020-03-29":{"cases":347,"deaths":0,"recoveries":1},"2020-03-30":{"cases":376,"deaths":0,"recoveries":1},"2020-03-31":{"cases":398,"deaths":0,"recoveries":1},"2020-04-01":{"cases":446,"deaths":0,"recoveries":1},"2020-04-02":{"cases":458,"deaths":0,"recoveries":31},"2020-04-03":{"cases":493,"deaths":1,"recoveries":1},"2020-04-04":{"cases":509,"deaths":1,"recoveries":1},"2020-04-05":{"cases":533,"deaths":1,"recoveries":1},"2020-04-06":{"cases":542,"deaths":1,"recoveries":16},"2020-04-07":{"cases":548,"deaths":2,"recoveries":16},"2020-04-08":{"cases":577,"deaths":2,"recoveries":16},"2020-04-09":{"cases":589,"deaths":3,"recoveries":16},"2020-04-10":{"cases":612,"deaths":3,"recoveries":16},"2020-04-11":{"cases":630,"deaths":3,"recoveries":16},"2020-04-12":{"cases":651,"deaths":5,"recoveries":16},"2020-04-13":{"cases":655,"deaths":5,"recoveries":16},"2020-04-14":{"cases":657,"deaths":5,"recoveries":16},"2020-04-15":{"cases":666,"deaths":5,"recoveries":44},"2020-04-16":{"cases":675,"deaths":5,"recoveries":57},"2020-04-17":{"cases":682,"deaths":5,"recoveries":88},"2020-04-18":{"cases":712,"deaths":5,"recoveries":88},"2020-04-19":{"cases":727,"deaths":5,"recoveries":88},"2020-04-20":{"cases":739,"deaths":5,"recoveries":88},"2020-04-21":{"cases":748,"deaths":9,"recoveries":133},"2020-04-22":{"cases":761,"deaths":11,"recoveries":133}}}