{"name":"Lebanon","type":"country","dates":{"2020-01-22":{"cases":0,"deaths":0,"recoveries":0},"2020-01-23":{"cases":0,"deaths":0,"recoveries":0},"2020-01-24":{"cases":0,"deaths":0,"recoveries":0},"2020-01-25":{"cases":0,"deaths":0,"recoveries":0},"2020-01-26":{"cases":0,"deaths":0,"recoveries":0},"2020-01-27":{"cases":0,"deaths":0,"recoveries":0},"2020-01-28":{"cases":0,"deaths":0,"recoveries":0},"2020-01-29":{"cases":0,"deaths":0,"recoveries":0},"2020-01-30":{"cases":0,"deaths":0,"recoveries":0},"2020-01-31":{"cases":0,"deaths":0,"recoveries":0},"2020-02-01":{"cases":0,"deaths":0,"recoveries":0},"2020-02-02":{"cases":0,"deaths":0,"recoveries":0},"2020-02-03":{"cases":0,"deaths":0,"recoveries":0},"2020-02-04":{"cases":0,"deaths":0,"recoveries":0},"2020-02-05":{"cases":0,"deaths":0,"recoveries":0},"2020-02-06":{"cases":0,"deaths":0,"recoveries":0},"2020-02-07":{"cases":0,"deaths":0,"recoveries":0},"2020-02-08":{"cases":0,"deaths":0,"recoveries":0},"2020-02-09":{"cases":0,"deaths":0,"recoveries":0},"2020-02-10":{"cases":0,"deaths":0,"recoveries":0},"2020-02-11":{"cases":0,"deaths":0,"recoveries":0},"2020-02-12":{"cases":0,"deaths":0,"recoveries":0},"2020-02-13":{"cases":0,"deaths":0,"recoveries":0},"2020-02-14":{"cases":0,"deaths":0,"recoveries":0},"2020-02-15":{"cases":0,"deaths":0,"recoveries":0},"2020-02-16":{"cases":0,"deaths":0,"recoveries":0},"2020-02-17":{"cases":0,"deaths":0,"recoveries":0},"2020-02-18":{"cases":0,"deaths":0,"recoveries":0},"2020-02-19":{"cases":0,"deaths":0,"recoveries":0},"2020-02-20":{"cases":0,"deaths":0,"recoveries":0},"2020-02-21":{"cases":1,"deaths":0,"recoveries":0},"2020-02-22":{"cases":1,"deaths":0,"recoveries":0},"2020-02-23":{"cases":1,"deaths":0,"recoveries":0},"2020-02-24":{"cases":1,"deaths":0,"recoveries":0},"2020-02-25":{"cases":1,"deaths":0,"recoveries":0},"2020-02-26":{"cases":2,"deaths":0,"recoveries":0},"2020-02-27":{"cases":2,"deaths":0,"recoveries":0},"2020-02-28":{"cases":2,"deaths":0,"recoveries":0},"2020-02-29":{"cases":4,"deaths":0,"recoveries":0},"2020-03-01":{"cases":10,"deaths":0,"recoveries":0},"2020-03-02":{"cases":13,"deaths":0,"recoveries":0},"2020-03-03":{"cases":13,"deaths":0,"recoveries":0},"2020-03-04":{"cases":13,"deaths":0,"recoveries":1},"2020-03-05":{"cases":16,"deaths":0,"recoveries":1},"2020-03-06":{"cases":22,"deaths":0,"recoveries":1},"2020-03-07":{"cases":22,"deaths":0,"recoveries":1},"2020-03-08":{"cases":32,"deaths":0,"recoveries":1},"2020-03-09":{"cases":32,"deaths":0,"recoveries":1},"2020-03-10":{"cases":41,"deaths":1,"recoveries":1},"2020-03-11":{"cases":61,"deaths":3,"recoveries":1},"2020-03-12":{"cases":61,"deaths":3,"recoveries":1},"2020-03-13":{"cases":77,"deaths":3,"recoveries":1},"2020-03-14":{"cases":93,"deaths":3,"recoveries":1},"2020-03-15":{"cases":110,"deaths":3,"recoveries":1},"2020-03-16":{"cases":110,"deaths":3,"recoveries":1},"2020-03-17":{"cases":120,"deaths":3,"recoveries":3},"2020-03-18":{"cases":133,"deaths":3,"recoveries":3},"2020-03-19":{"cases":157,"deaths":4,"recoveries":4},"2020-03-20":{"cases":163,"deaths":4,"recoveries":4},"2020-03-21":{"cases":187,"deaths":4,"recoveries":4},"2020-03-22":{"cases":248,"deaths":4,"recoveries":8},"2020-03-23":{"cases":267,"deaths":4,"recoveries":8},"2020-03-24":{"cases":318,"deaths":4,"recoveries":8},"2020-03-25":{"cases":333,"deaths":6,"recoveries":20},"2020-03-26":{"cases":368,"deaths":6,"recoveries":23},"2020-03-27":{"cases":391,"deaths":8,"recoveries":27},"2020-03-28":{"cases":412,"deaths":8,"recoveries":30},"2020-03-29":{"cases":438,"deaths":10,"recoveries":30},"2020-03-30":{"cases":446,"deaths":11,"recoveries":35},"2020-03-31":{"cases":470,"deaths":12,"recoveries":37},"2020-04-01":{"cases":479,"deaths":14,"recoveries":43},"2020-04-02":{"cases":494,"deaths":16,"recoveries":46},"2020-04-03":{"cases":508,"deaths":17,"recoveries":50},"2020-04-04":{"cases":520,"deaths":17,"recoveries":54},"2020-04-05":{"cases":527,"deaths":18,"recoveries":54},"2020-04-06":{"cases":541,"deaths":19,"recoveries":60},"2020-04-07":{"cases":548,"deaths":19,"recoveries":62},"2020-04-08":{"cases":576,"deaths":19,"recoveries":62},"2020-04-09":{"cases":582,"deaths":19,"recoveries":67},"2020-04-10":{"cases":609,"deaths":20,"recoveries":76},"2020-04-11":{"cases":619,"deaths":20,"recoveries":77},"2020-04-12":{"cases":630,"deaths":20,"recoveries":80},"2020-04-13":{"cases":632,"deaths":20,"recoveries":80},"2020-04-14":{"cases":641,"deaths":21,"recoveries":80},"2020-04-15":{"cases":658,"deaths":21,"recoveries":85},"2020-04-16":{"cases":663,"deaths":21,"recoveries":86},"2020-04-17":{"cases":668,"deaths":21,"recoveries":86},"2020-04-18":{"cases":672,"deaths":21,"recoveries":99},"2020-04-19":{"cases":673,"deaths":21,"recoveries":102},"2020-04-20":{"cases":677,"deaths":21,"recoveries":103},"2020-04-21":{"cases":677,"deaths":21,"recoveries":108},"2020-04-22":{"cases":682,"deaths":22,"recoveries":113}}}