{"name":"Liaoning","country":"China","type":"region","dates":{"2020-01-22":{"cases":2,"deaths":0,"recoveries":0},"2020-01-23":{"cases":3,"deaths":0,"recoveries":0},"2020-01-24":{"cases":4,"deaths":0,"recoveries":0},"2020-01-25":{"cases":17,"deaths":0,"recoveries":0},"2020-01-26":{"cases":21,"deaths":0,"recoveries":0},"2020-01-27":{"cases":27,"deaths":0,"recoveries":0},"2020-01-28":{"cases":34,"deaths":0,"recoveries":0},"2020-01-29":{"cases":39,"deaths":0,"recoveries":1},"2020-01-30":{"cases":41,"deaths":0,"recoveries":1},"2020-01-31":{"cases":48,"deaths":0,"recoveries":1},"2020-02-01":{"cases":64,"deaths":0,"recoveries":1},"2020-02-02":{"cases":70,"deaths":0,"recoveries":1},"2020-02-03":{"cases":74,"deaths":0,"recoveries":1},"2020-02-04":{"cases":81,"deaths":0,"recoveries":2},"2020-02-05":{"cases":89,"deaths":0,"recoveries":4},"2020-02-06":{"cases":94,"deaths":0,"recoveries":5},"2020-02-07":{"cases":99,"deaths":0,"recoveries":7},"2020-02-08":{"cases":105,"deaths":0,"recoveries":8},"2020-02-09":{"cases":107,"deaths":0,"recoveries":12},"2020-02-10":{"cases":108,"deaths":0,"recoveries":13},"2020-02-11":{"cases":111,"deaths":0,"recoveries":19},"2020-02-12":{"cases":116,"deaths":1,"recoveries":20},"2020-02-13":{"cases":117,"deaths":1,"recoveries":22},"2020-02-14":{"cases":119,"deaths":1,"recoveries":29},"2020-02-15":{"cases":119,"deaths":1,"recoveries":31},"2020-02-16":{"cases":121,"deaths":1,"recoveries":40},"2020-02-17":{"cases":121,"deaths":1,"recoveries":43},"2020-02-18":{"cases":121,"deaths":1,"recoveries":53},"2020-02-19":{"cases":121,"deaths":1,"recoveries":55},"2020-02-20":{"cases":121,"deaths":1,"recoveries":59},"2020-02-21":{"cases":121,"deaths":1,"recoveries":61},"2020-02-22":{"cases":121,"deaths":1,"recoveries":66},"2020-02-23":{"cases":121,"deaths":1,"recoveries":73},"2020-02-24":{"cases":121,"deaths":1,"recoveries":80},"2020-02-25":{"cases":121,"deaths":1,"recoveries":83},"2020-02-26":{"cases":121,"deaths":1,"recoveries":88},"2020-02-27":{"cases":121,"deaths":1,"recoveries":93},"2020-02-28":{"cases":121,"deaths":1,"recoveries":93},"2020-02-29":{"cases":121,"deaths":1,"recoveries":96},"2020-03-01":{"cases":122,"deaths":1,"recoveries":103},"2020-03-02":{"cases":122,"deaths":1,"recoveries":103},"2020-03-03":{"cases":125,"deaths":1,"recoveries":106},"2020-03-04":{"cases":125,"deaths":1,"recoveries":106},"2020-03-05":{"cases":125,"deaths":1,"recoveries":106},"2020-03-06":{"cases":125,"deaths":1,"recoveries":106},"2020-03-07":{"cases":125,"deaths":1,"recoveries":107},"2020-03-08":{"cases":125,"deaths":1,"recoveries":109},"2020-03-09":{"cases":125,"deaths":1,"recoveries":109},"2020-03-10":{"cases":125,"deaths":1,"recoveries":111},"2020-03-11":{"cases":125,"deaths":1,"recoveries":111},"2020-03-12":{"cases":125,"deaths":1,"recoveries":112},"2020-03-13":{"cases":125,"deaths":1,"recoveries":112},"2020-03-14":{"cases":125,"deaths":1,"recoveries":113},"2020-03-15":{"cases":125,"deaths":1,"recoveries":114},"2020-03-16":{"cases":125,"deaths":1,"recoveries":115},"2020-03-17":{"cases":125,"deaths":1,"recoveries":120},"2020-03-18":{"cases":125,"deaths":1,"recoveries":122},"2020-03-19":{"cases":125,"deaths":1,"recoveries":122},"2020-03-20":{"cases":126,"deaths":2,"recoveries":122},"2020-03-21":{"cases":126,"deaths":2,"recoveries":122},"2020-03-22":{"cases":127,"deaths":2,"recoveries":124},"2020-03-23":{"cases":127,"deaths":2,"recoveries":124},"2020-03-24":{"cases":127,"deaths":2,"recoveries":124},"2020-03-25":{"cases":127,"deaths":2,"recoveries":124},"2020-03-26":{"cases":128,"deaths":2,"recoveries":124},"2020-03-27":{"cases":128,"deaths":2,"recoveries":124},"2020-03-28":{"cases":132,"deaths":2,"recoveries":124},"2020-03-29":{"cases":134,"deaths":2,"recoveries":124},"2020-03-30":{"cases":136,"deaths":2,"recoveries":124},"2020-03-31":{"cases":139,"deaths":2,"recoveries":124},"2020-04-01":{"cases":140,"deaths":2,"recoveries":124},"2020-04-02":{"cases":141,"deaths":2,"recoveries":124},"2020-04-03":{"cases":141,"deaths":2,"recoveries":124},"2020-04-04":{"cases":141,"deaths":2,"recoveries":125},"2020-04-05":{"cases":142,"deaths":2,"recoveries":126},"2020-04-06":{"cases":142,"deaths":2,"recoveries":128},"2020-04-07":{"cases":144,"deaths":2,"recoveries":130},"2020-04-08":{"cases":144,"deaths":2,"recoveries":131},"2020-04-09":{"cases":144,"deaths":2,"recoveries":132},"2020-04-10":{"cases":144,"deaths":2,"recoveries":132},"2020-04-11":{"cases":145,"deaths":2,"recoveries":133},"2020-04-12":{"cases":145,"deaths":2,"recoveries":136},"2020-04-13":{"cases":145,"deaths":2,"recoveries":136},"2020-04-14":{"cases":145,"deaths":2,"recoveries":138},"2020-04-15":{"cases":145,"deaths":2,"recoveries":138},"2020-04-16":{"cases":145,"deaths":2,"recoveries":140},"2020-04-17":{"cases":146,"deaths":2,"recoveries":140},"2020-04-18":{"cases":146,"deaths":2,"recoveries":142},"2020-04-19":{"cases":146,"deaths":2,"recoveries":142},"2020-04-20":{"cases":146,"deaths":2,"recoveries":143},"2020-04-21":{"cases":146,"deaths":2,"recoveries":143},"2020-04-22":{"cases":146,"deaths":2,"recoveries":143}}}