{"name":"Lithuania","type":"country","dates":{"2020-01-22":{"cases":0,"deaths":0,"recoveries":0},"2020-01-23":{"cases":0,"deaths":0,"recoveries":0},"2020-01-24":{"cases":0,"deaths":0,"recoveries":0},"2020-01-25":{"cases":0,"deaths":0,"recoveries":0},"2020-01-26":{"cases":0,"deaths":0,"recoveries":0},"2020-01-27":{"cases":0,"deaths":0,"recoveries":0},"2020-01-28":{"cases":0,"deaths":0,"recoveries":0},"2020-01-29":{"cases":0,"deaths":0,"recoveries":0},"2020-01-30":{"cases":0,"deaths":0,"recoveries":0},"2020-01-31":{"cases":0,"deaths":0,"recoveries":0},"2020-02-01":{"cases":0,"deaths":0,"recoveries":0},"2020-02-02":{"cases":0,"deaths":0,"recoveries":0},"2020-02-03":{"cases":0,"deaths":0,"recoveries":0},"2020-02-04":{"cases":0,"deaths":0,"recoveries":0},"2020-02-05":{"cases":0,"deaths":0,"recoveries":0},"2020-02-06":{"cases":0,"deaths":0,"recoveries":0},"2020-02-07":{"cases":0,"deaths":0,"recoveries":0},"2020-02-08":{"cases":0,"deaths":0,"recoveries":0},"2020-02-09":{"cases":0,"deaths":0,"recoveries":0},"2020-02-10":{"cases":0,"deaths":0,"recoveries":0},"2020-02-11":{"cases":0,"deaths":0,"recoveries":0},"2020-02-12":{"cases":0,"deaths":0,"recoveries":0},"2020-02-13":{"cases":0,"deaths":0,"recoveries":0},"2020-02-14":{"cases":0,"deaths":0,"recoveries":0},"2020-02-15":{"cases":0,"deaths":0,"recoveries":0},"2020-02-16":{"cases":0,"deaths":0,"recoveries":0},"2020-02-17":{"cases":0,"deaths":0,"recoveries":0},"2020-02-18":{"cases":0,"deaths":0,"recoveries":0},"2020-02-19":{"cases":0,"deaths":0,"recoveries":0},"2020-02-20":{"cases":0,"deaths":0,"recoveries":0},"2020-02-21":{"cases":0,"deaths":0,"recoveries":0},"2020-02-22":{"cases":0,"deaths":0,"recoveries":0},"2020-02-23":{"cases":0,"deaths":0,"recoveries":0},"2020-02-24":{"cases":0,"deaths":0,"recoveries":0},"2020-02-25":{"cases":0,"deaths":0,"recoveries":0},"2020-02-26":{"cases":0,"deaths":0,"recoveries":0},"2020-02-27":{"cases":0,"deaths":0,"recoveries":0},"2020-02-28":{"cases":1,"deaths":0,"recoveries":0},"2020-02-29":{"cases":1,"deaths":0,"recoveries":0},"2020-03-01":{"cases":1,"deaths":0,"recoveries":0},"2020-03-02":{"cases":1,"deaths":0,"recoveries":0},"2020-03-03":{"cases":1,"deaths":0,"recoveries":0},"2020-03-04":{"cases":1,"deaths":0,"recoveries":0},"2020-03-05":{"cases":1,"deaths":0,"recoveries":0},"2020-03-06":{"cases":1,"deaths":0,"recoveries":0},"2020-03-07":{"cases":1,"deaths":0,"recoveries":0},"2020-03-08":{"cases":1,"deaths":0,"recoveries":0},"2020-03-09":{"cases":1,"deaths":0,"recoveries":0},"2020-03-10":{"cases":1,"deaths":0,"recoveries":0},"2020-03-11":{"cases":3,"deaths":0,"recoveries":0},"2020-03-12":{"cases":3,"deaths":0,"recoveries":0},"2020-03-13":{"cases":6,"deaths":0,"recoveries":0},"2020-03-14":{"cases":8,"deaths":0,"recoveries":0},"2020-03-15":{"cases":12,"deaths":0,"recoveries":1},"2020-03-16":{"cases":17,"deaths":0,"recoveries":1},"2020-03-17":{"cases":25,"deaths":0,"recoveries":1},"2020-03-18":{"cases":27,"deaths":0,"recoveries":1},"2020-03-19":{"cases":36,"deaths":0,"recoveries":1},"2020-03-20":{"cases":49,"deaths":0,"recoveries":1},"2020-03-21":{"cases":83,"deaths":1,"recoveries":1},"2020-03-22":{"cases":143,"deaths":1,"recoveries":1},"2020-03-23":{"cases":179,"deaths":1,"recoveries":1},"2020-03-24":{"cases":209,"deaths":2,"recoveries":1},"2020-03-25":{"cases":274,"deaths":4,"recoveries":1},"2020-03-26":{"cases":299,"deaths":4,"recoveries":1},"2020-03-27":{"cases":358,"deaths":5,"recoveries":1},"2020-03-28":{"cases":394,"deaths":7,"recoveries":1},"2020-03-29":{"cases":460,"deaths":7,"recoveries":1},"2020-03-30":{"cases":491,"deaths":7,"recoveries":7},"2020-03-31":{"cases":537,"deaths":8,"recoveries":7},"2020-04-01":{"cases":581,"deaths":8,"recoveries":7},"2020-04-02":{"cases":649,"deaths":9,"recoveries":7},"2020-04-03":{"cases":696,"deaths":9,"recoveries":7},"2020-04-04":{"cases":771,"deaths":11,"recoveries":7},"2020-04-05":{"cases":811,"deaths":13,"recoveries":7},"2020-04-06":{"cases":843,"deaths":15,"recoveries":8},"2020-04-07":{"cases":880,"deaths":15,"recoveries":8},"2020-04-08":{"cases":912,"deaths":15,"recoveries":8},"2020-04-09":{"cases":955,"deaths":16,"recoveries":8},"2020-04-10":{"cases":999,"deaths":22,"recoveries":54},"2020-04-11":{"cases":1026,"deaths":23,"recoveries":54},"2020-04-12":{"cases":1053,"deaths":23,"recoveries":97},"2020-04-13":{"cases":1062,"deaths":24,"recoveries":101},"2020-04-14":{"cases":1070,"deaths":29,"recoveries":101},"2020-04-15":{"cases":1091,"deaths":30,"recoveries":138},"2020-04-16":{"cases":1128,"deaths":32,"recoveries":178},"2020-04-17":{"cases":1149,"deaths":33,"recoveries":210},"2020-04-18":{"cases":1239,"deaths":33,"recoveries":228},"2020-04-19":{"cases":1298,"deaths":35,"recoveries":242},"2020-04-20":{"cases":1326,"deaths":37,"recoveries":242},"2020-04-21":{"cases":1350,"deaths":38,"recoveries":298},"2020-04-22":{"cases":1370,"deaths":38,"recoveries":357}}}