{"name":"Luxembourg","type":"country","dates":{"2020-01-22":{"cases":0,"deaths":0,"recoveries":0},"2020-01-23":{"cases":0,"deaths":0,"recoveries":0},"2020-01-24":{"cases":0,"deaths":0,"recoveries":0},"2020-01-25":{"cases":0,"deaths":0,"recoveries":0},"2020-01-26":{"cases":0,"deaths":0,"recoveries":0},"2020-01-27":{"cases":0,"deaths":0,"recoveries":0},"2020-01-28":{"cases":0,"deaths":0,"recoveries":0},"2020-01-29":{"cases":0,"deaths":0,"recoveries":0},"2020-01-30":{"cases":0,"deaths":0,"recoveries":0},"2020-01-31":{"cases":0,"deaths":0,"recoveries":0},"2020-02-01":{"cases":0,"deaths":0,"recoveries":0},"2020-02-02":{"cases":0,"deaths":0,"recoveries":0},"2020-02-03":{"cases":0,"deaths":0,"recoveries":0},"2020-02-04":{"cases":0,"deaths":0,"recoveries":0},"2020-02-05":{"cases":0,"deaths":0,"recoveries":0},"2020-02-06":{"cases":0,"deaths":0,"recoveries":0},"2020-02-07":{"cases":0,"deaths":0,"recoveries":0},"2020-02-08":{"cases":0,"deaths":0,"recoveries":0},"2020-02-09":{"cases":0,"deaths":0,"recoveries":0},"2020-02-10":{"cases":0,"deaths":0,"recoveries":0},"2020-02-11":{"cases":0,"deaths":0,"recoveries":0},"2020-02-12":{"cases":0,"deaths":0,"recoveries":0},"2020-02-13":{"cases":0,"deaths":0,"recoveries":0},"2020-02-14":{"cases":0,"deaths":0,"recoveries":0},"2020-02-15":{"cases":0,"deaths":0,"recoveries":0},"2020-02-16":{"cases":0,"deaths":0,"recoveries":0},"2020-02-17":{"cases":0,"deaths":0,"recoveries":0},"2020-02-18":{"cases":0,"deaths":0,"recoveries":0},"2020-02-19":{"cases":0,"deaths":0,"recoveries":0},"2020-02-20":{"cases":0,"deaths":0,"recoveries":0},"2020-02-21":{"cases":0,"deaths":0,"recoveries":0},"2020-02-22":{"cases":0,"deaths":0,"recoveries":0},"2020-02-23":{"cases":0,"deaths":0,"recoveries":0},"2020-02-24":{"cases":0,"deaths":0,"recoveries":0},"2020-02-25":{"cases":0,"deaths":0,"recoveries":0},"2020-02-26":{"cases":0,"deaths":0,"recoveries":0},"2020-02-27":{"cases":0,"deaths":0,"recoveries":0},"2020-02-28":{"cases":0,"deaths":0,"recoveries":0},"2020-02-29":{"cases":1,"deaths":0,"recoveries":0},"2020-03-01":{"cases":1,"deaths":0,"recoveries":0},"2020-03-02":{"cases":1,"deaths":0,"recoveries":0},"2020-03-03":{"cases":1,"deaths":0,"recoveries":0},"2020-03-04":{"cases":1,"deaths":0,"recoveries":0},"2020-03-05":{"cases":1,"deaths":0,"recoveries":0},"2020-03-06":{"cases":2,"deaths":0,"recoveries":0},"2020-03-07":{"cases":2,"deaths":0,"recoveries":0},"2020-03-08":{"cases":3,"deaths":0,"recoveries":0},"2020-03-09":{"cases":3,"deaths":0,"recoveries":0},"2020-03-10":{"cases":5,"deaths":0,"recoveries":0},"2020-03-11":{"cases":7,"deaths":0,"recoveries":0},"2020-03-12":{"cases":19,"deaths":0,"recoveries":0},"2020-03-13":{"cases":34,"deaths":0,"recoveries":0},"2020-03-14":{"cases":51,"deaths":1,"recoveries":0},"2020-03-15":{"cases":59,"deaths":1,"recoveries":0},"2020-03-16":{"cases":77,"deaths":1,"recoveries":0},"2020-03-17":{"cases":140,"deaths":1,"recoveries":0},"2020-03-18":{"cases":203,"deaths":2,"recoveries":0},"2020-03-19":{"cases":335,"deaths":4,"recoveries":0},"2020-03-20":{"cases":484,"deaths":4,"recoveries":0},"2020-03-21":{"cases":670,"deaths":8,"recoveries":0},"2020-03-22":{"cases":798,"deaths":8,"recoveries":6},"2020-03-23":{"cases":875,"deaths":8,"recoveries":6},"2020-03-24":{"cases":1099,"deaths":8,"recoveries":6},"2020-03-25":{"cases":1333,"deaths":8,"recoveries":6},"2020-03-26":{"cases":1453,"deaths":9,"recoveries":6},"2020-03-27":{"cases":1605,"deaths":15,"recoveries":40},"2020-03-28":{"cases":1831,"deaths":18,"recoveries":40},"2020-03-29":{"cases":1950,"deaths":21,"recoveries":40},"2020-03-30":{"cases":1988,"deaths":22,"recoveries":40},"2020-03-31":{"cases":2178,"deaths":23,"recoveries":80},"2020-04-01":{"cases":2319,"deaths":29,"recoveries":80},"2020-04-02":{"cases":2487,"deaths":30,"recoveries":80},"2020-04-03":{"cases":2612,"deaths":31,"recoveries":500},"2020-04-04":{"cases":2729,"deaths":31,"recoveries":500},"2020-04-05":{"cases":2804,"deaths":36,"recoveries":500},"2020-04-06":{"cases":2843,"deaths":41,"recoveries":500},"2020-04-07":{"cases":2970,"deaths":44,"recoveries":500},"2020-04-08":{"cases":3034,"deaths":46,"recoveries":500},"2020-04-09":{"cases":3115,"deaths":52,"recoveries":500},"2020-04-10":{"cases":3223,"deaths":54,"recoveries":500},"2020-04-11":{"cases":3270,"deaths":62,"recoveries":500},"2020-04-12":{"cases":3281,"deaths":66,"recoveries":500},"2020-04-13":{"cases":3292,"deaths":69,"recoveries":500},"2020-04-14":{"cases":3307,"deaths":67,"recoveries":500},"2020-04-15":{"cases":3373,"deaths":69,"recoveries":526},"2020-04-16":{"cases":3444,"deaths":69,"recoveries":552},"2020-04-17":{"cases":3480,"deaths":72,"recoveries":579},"2020-04-18":{"cases":3537,"deaths":72,"recoveries":601},"2020-04-19":{"cases":3550,"deaths":73,"recoveries":627},"2020-04-20":{"cases":3558,"deaths":75,"recoveries":637},"2020-04-21":{"cases":3618,"deaths":78,"recoveries":670},"2020-04-22":{"cases":3654,"deaths":80,"recoveries":711}}}