{"name":"Madagascar","type":"country","dates":{"2020-01-22":{"cases":0,"deaths":0,"recoveries":0},"2020-01-23":{"cases":0,"deaths":0,"recoveries":0},"2020-01-24":{"cases":0,"deaths":0,"recoveries":0},"2020-01-25":{"cases":0,"deaths":0,"recoveries":0},"2020-01-26":{"cases":0,"deaths":0,"recoveries":0},"2020-01-27":{"cases":0,"deaths":0,"recoveries":0},"2020-01-28":{"cases":0,"deaths":0,"recoveries":0},"2020-01-29":{"cases":0,"deaths":0,"recoveries":0},"2020-01-30":{"cases":0,"deaths":0,"recoveries":0},"2020-01-31":{"cases":0,"deaths":0,"recoveries":0},"2020-02-01":{"cases":0,"deaths":0,"recoveries":0},"2020-02-02":{"cases":0,"deaths":0,"recoveries":0},"2020-02-03":{"cases":0,"deaths":0,"recoveries":0},"2020-02-04":{"cases":0,"deaths":0,"recoveries":0},"2020-02-05":{"cases":0,"deaths":0,"recoveries":0},"2020-02-06":{"cases":0,"deaths":0,"recoveries":0},"2020-02-07":{"cases":0,"deaths":0,"recoveries":0},"2020-02-08":{"cases":0,"deaths":0,"recoveries":0},"2020-02-09":{"cases":0,"deaths":0,"recoveries":0},"2020-02-10":{"cases":0,"deaths":0,"recoveries":0},"2020-02-11":{"cases":0,"deaths":0,"recoveries":0},"2020-02-12":{"cases":0,"deaths":0,"recoveries":0},"2020-02-13":{"cases":0,"deaths":0,"recoveries":0},"2020-02-14":{"cases":0,"deaths":0,"recoveries":0},"2020-02-15":{"cases":0,"deaths":0,"recoveries":0},"2020-02-16":{"cases":0,"deaths":0,"recoveries":0},"2020-02-17":{"cases":0,"deaths":0,"recoveries":0},"2020-02-18":{"cases":0,"deaths":0,"recoveries":0},"2020-02-19":{"cases":0,"deaths":0,"recoveries":0},"2020-02-20":{"cases":0,"deaths":0,"recoveries":0},"2020-02-21":{"cases":0,"deaths":0,"recoveries":0},"2020-02-22":{"cases":0,"deaths":0,"recoveries":0},"2020-02-23":{"cases":0,"deaths":0,"recoveries":0},"2020-02-24":{"cases":0,"deaths":0,"recoveries":0},"2020-02-25":{"cases":0,"deaths":0,"recoveries":0},"2020-02-26":{"cases":0,"deaths":0,"recoveries":0},"2020-02-27":{"cases":0,"deaths":0,"recoveries":0},"2020-02-28":{"cases":0,"deaths":0,"recoveries":0},"2020-02-29":{"cases":0,"deaths":0,"recoveries":0},"2020-03-01":{"cases":0,"deaths":0,"recoveries":0},"2020-03-02":{"cases":0,"deaths":0,"recoveries":0},"2020-03-03":{"cases":0,"deaths":0,"recoveries":0},"2020-03-04":{"cases":0,"deaths":0,"recoveries":0},"2020-03-05":{"cases":0,"deaths":0,"recoveries":0},"2020-03-06":{"cases":0,"deaths":0,"recoveries":0},"2020-03-07":{"cases":0,"deaths":0,"recoveries":0},"2020-03-08":{"cases":0,"deaths":0,"recoveries":0},"2020-03-09":{"cases":0,"deaths":0,"recoveries":0},"2020-03-10":{"cases":0,"deaths":0,"recoveries":0},"2020-03-11":{"cases":0,"deaths":0,"recoveries":0},"2020-03-12":{"cases":0,"deaths":0,"recoveries":0},"2020-03-13":{"cases":0,"deaths":0,"recoveries":0},"2020-03-14":{"cases":0,"deaths":0,"recoveries":0},"2020-03-15":{"cases":0,"deaths":0,"recoveries":0},"2020-03-16":{"cases":0,"deaths":0,"recoveries":0},"2020-03-17":{"cases":0,"deaths":0,"recoveries":0},"2020-03-18":{"cases":0,"deaths":0,"recoveries":0},"2020-03-19":{"cases":0,"deaths":0,"recoveries":0},"2020-03-20":{"cases":3,"deaths":0,"recoveries":0},"2020-03-21":{"cases":3,"deaths":0,"recoveries":0},"2020-03-22":{"cases":3,"deaths":0,"recoveries":0},"2020-03-23":{"cases":12,"deaths":0,"recoveries":0},"2020-03-24":{"cases":17,"deaths":0,"recoveries":0},"2020-03-25":{"cases":19,"deaths":0,"recoveries":0},"2020-03-26":{"cases":23,"deaths":0,"recoveries":0},"2020-03-27":{"cases":26,"deaths":0,"recoveries":0},"2020-03-28":{"cases":26,"deaths":0,"recoveries":0},"2020-03-29":{"cases":39,"deaths":0,"recoveries":0},"2020-03-30":{"cases":43,"deaths":0,"recoveries":0},"2020-03-31":{"cases":57,"deaths":0,"recoveries":0},"2020-04-01":{"cases":57,"deaths":0,"recoveries":0},"2020-04-02":{"cases":59,"deaths":0,"recoveries":0},"2020-04-03":{"cases":70,"deaths":0,"recoveries":0},"2020-04-04":{"cases":70,"deaths":0,"recoveries":0},"2020-04-05":{"cases":72,"deaths":0,"recoveries":2},"2020-04-06":{"cases":82,"deaths":0,"recoveries":2},"2020-04-07":{"cases":88,"deaths":0,"recoveries":7},"2020-04-08":{"cases":93,"deaths":0,"recoveries":11},"2020-04-09":{"cases":93,"deaths":0,"recoveries":11},"2020-04-10":{"cases":93,"deaths":0,"recoveries":11},"2020-04-11":{"cases":102,"deaths":0,"recoveries":11},"2020-04-12":{"cases":106,"deaths":0,"recoveries":20},"2020-04-13":{"cases":106,"deaths":0,"recoveries":21},"2020-04-14":{"cases":108,"deaths":0,"recoveries":23},"2020-04-15":{"cases":110,"deaths":0,"recoveries":29},"2020-04-16":{"cases":111,"deaths":0,"recoveries":33},"2020-04-17":{"cases":117,"deaths":0,"recoveries":33},"2020-04-18":{"cases":120,"deaths":0,"recoveries":35},"2020-04-19":{"cases":121,"deaths":0,"recoveries":39},"2020-04-20":{"cases":121,"deaths":0,"recoveries":41},"2020-04-21":{"cases":121,"deaths":0,"recoveries":44},"2020-04-22":{"cases":121,"deaths":0,"recoveries":52}}}