{"name":"Malaysia","type":"country","dates":{"2020-01-22":{"cases":0,"deaths":0,"recoveries":0},"2020-01-23":{"cases":0,"deaths":0,"recoveries":0},"2020-01-24":{"cases":0,"deaths":0,"recoveries":0},"2020-01-25":{"cases":3,"deaths":0,"recoveries":0},"2020-01-26":{"cases":4,"deaths":0,"recoveries":0},"2020-01-27":{"cases":4,"deaths":0,"recoveries":0},"2020-01-28":{"cases":4,"deaths":0,"recoveries":0},"2020-01-29":{"cases":7,"deaths":0,"recoveries":0},"2020-01-30":{"cases":8,"deaths":0,"recoveries":0},"2020-01-31":{"cases":8,"deaths":0,"recoveries":0},"2020-02-01":{"cases":8,"deaths":0,"recoveries":0},"2020-02-02":{"cases":8,"deaths":0,"recoveries":0},"2020-02-03":{"cases":8,"deaths":0,"recoveries":0},"2020-02-04":{"cases":10,"deaths":0,"recoveries":0},"2020-02-05":{"cases":12,"deaths":0,"recoveries":0},"2020-02-06":{"cases":12,"deaths":0,"recoveries":0},"2020-02-07":{"cases":12,"deaths":0,"recoveries":1},"2020-02-08":{"cases":16,"deaths":0,"recoveries":1},"2020-02-09":{"cases":16,"deaths":0,"recoveries":1},"2020-02-10":{"cases":18,"deaths":0,"recoveries":1},"2020-02-11":{"cases":18,"deaths":0,"recoveries":3},"2020-02-12":{"cases":18,"deaths":0,"recoveries":3},"2020-02-13":{"cases":19,"deaths":0,"recoveries":3},"2020-02-14":{"cases":19,"deaths":0,"recoveries":3},"2020-02-15":{"cases":22,"deaths":0,"recoveries":7},"2020-02-16":{"cases":22,"deaths":0,"recoveries":7},"2020-02-17":{"cases":22,"deaths":0,"recoveries":7},"2020-02-18":{"cases":22,"deaths":0,"recoveries":13},"2020-02-19":{"cases":22,"deaths":0,"recoveries":15},"2020-02-20":{"cases":22,"deaths":0,"recoveries":15},"2020-02-21":{"cases":22,"deaths":0,"recoveries":15},"2020-02-22":{"cases":22,"deaths":0,"recoveries":15},"2020-02-23":{"cases":22,"deaths":0,"recoveries":15},"2020-02-24":{"cases":22,"deaths":0,"recoveries":18},"2020-02-25":{"cases":22,"deaths":0,"recoveries":18},"2020-02-26":{"cases":22,"deaths":0,"recoveries":18},"2020-02-27":{"cases":23,"deaths":0,"recoveries":18},"2020-02-28":{"cases":23,"deaths":0,"recoveries":18},"2020-02-29":{"cases":25,"deaths":0,"recoveries":18},"2020-03-01":{"cases":29,"deaths":0,"recoveries":18},"2020-03-02":{"cases":29,"deaths":0,"recoveries":18},"2020-03-03":{"cases":36,"deaths":0,"recoveries":22},"2020-03-04":{"cases":50,"deaths":0,"recoveries":22},"2020-03-05":{"cases":50,"deaths":0,"recoveries":22},"2020-03-06":{"cases":83,"deaths":0,"recoveries":22},"2020-03-07":{"cases":93,"deaths":0,"recoveries":23},"2020-03-08":{"cases":99,"deaths":0,"recoveries":24},"2020-03-09":{"cases":117,"deaths":0,"recoveries":24},"2020-03-10":{"cases":129,"deaths":0,"recoveries":24},"2020-03-11":{"cases":149,"deaths":0,"recoveries":26},"2020-03-12":{"cases":149,"deaths":0,"recoveries":26},"2020-03-13":{"cases":197,"deaths":0,"recoveries":26},"2020-03-14":{"cases":238,"deaths":0,"recoveries":35},"2020-03-15":{"cases":428,"deaths":0,"recoveries":42},"2020-03-16":{"cases":566,"deaths":0,"recoveries":42},"2020-03-17":{"cases":673,"deaths":2,"recoveries":49},"2020-03-18":{"cases":790,"deaths":2,"recoveries":60},"2020-03-19":{"cases":900,"deaths":2,"recoveries":75},"2020-03-20":{"cases":1030,"deaths":3,"recoveries":87},"2020-03-21":{"cases":1183,"deaths":4,"recoveries":114},"2020-03-22":{"cases":1306,"deaths":10,"recoveries":139},"2020-03-23":{"cases":1518,"deaths":14,"recoveries":139},"2020-03-24":{"cases":1624,"deaths":16,"recoveries":183},"2020-03-25":{"cases":1796,"deaths":20,"recoveries":199},"2020-03-26":{"cases":2031,"deaths":23,"recoveries":215},"2020-03-27":{"cases":2161,"deaths":26,"recoveries":259},"2020-03-28":{"cases":2320,"deaths":27,"recoveries":320},"2020-03-29":{"cases":2470,"deaths":35,"recoveries":388},"2020-03-30":{"cases":2626,"deaths":37,"recoveries":479},"2020-03-31":{"cases":2766,"deaths":43,"recoveries":537},"2020-04-01":{"cases":2908,"deaths":45,"recoveries":645},"2020-04-02":{"cases":3116,"deaths":50,"recoveries":767},"2020-04-03":{"cases":3333,"deaths":53,"recoveries":827},"2020-04-04":{"cases":3483,"deaths":57,"recoveries":915},"2020-04-05":{"cases":3662,"deaths":61,"recoveries":1005},"2020-04-06":{"cases":3793,"deaths":62,"recoveries":1241},"2020-04-07":{"cases":3963,"deaths":63,"recoveries":1321},"2020-04-08":{"cases":4119,"deaths":65,"recoveries":1487},"2020-04-09":{"cases":4228,"deaths":67,"recoveries":1608},"2020-04-10":{"cases":4346,"deaths":70,"recoveries":1830},"2020-04-11":{"cases":4530,"deaths":73,"recoveries":1995},"2020-04-12":{"cases":4683,"deaths":76,"recoveries":2108},"2020-04-13":{"cases":4817,"deaths":77,"recoveries":2276},"2020-04-14":{"cases":4987,"deaths":82,"recoveries":2478},"2020-04-15":{"cases":5072,"deaths":83,"recoveries":2647},"2020-04-16":{"cases":5182,"deaths":84,"recoveries":2766},"2020-04-17":{"cases":5251,"deaths":86,"recoveries":2967},"2020-04-18":{"cases":5305,"deaths":88,"recoveries":3102},"2020-04-19":{"cases":5389,"deaths":89,"recoveries":3197},"2020-04-20":{"cases":5425,"deaths":89,"recoveries":3295},"2020-04-21":{"cases":5482,"deaths":92,"recoveries":3349},"2020-04-22":{"cases":5532,"deaths":93,"recoveries":3452}}}