{"name":"Malta","type":"country","dates":{"2020-01-22":{"cases":0,"deaths":0,"recoveries":0},"2020-01-23":{"cases":0,"deaths":0,"recoveries":0},"2020-01-24":{"cases":0,"deaths":0,"recoveries":0},"2020-01-25":{"cases":0,"deaths":0,"recoveries":0},"2020-01-26":{"cases":0,"deaths":0,"recoveries":0},"2020-01-27":{"cases":0,"deaths":0,"recoveries":0},"2020-01-28":{"cases":0,"deaths":0,"recoveries":0},"2020-01-29":{"cases":0,"deaths":0,"recoveries":0},"2020-01-30":{"cases":0,"deaths":0,"recoveries":0},"2020-01-31":{"cases":0,"deaths":0,"recoveries":0},"2020-02-01":{"cases":0,"deaths":0,"recoveries":0},"2020-02-02":{"cases":0,"deaths":0,"recoveries":0},"2020-02-03":{"cases":0,"deaths":0,"recoveries":0},"2020-02-04":{"cases":0,"deaths":0,"recoveries":0},"2020-02-05":{"cases":0,"deaths":0,"recoveries":0},"2020-02-06":{"cases":0,"deaths":0,"recoveries":0},"2020-02-07":{"cases":0,"deaths":0,"recoveries":0},"2020-02-08":{"cases":0,"deaths":0,"recoveries":0},"2020-02-09":{"cases":0,"deaths":0,"recoveries":0},"2020-02-10":{"cases":0,"deaths":0,"recoveries":0},"2020-02-11":{"cases":0,"deaths":0,"recoveries":0},"2020-02-12":{"cases":0,"deaths":0,"recoveries":0},"2020-02-13":{"cases":0,"deaths":0,"recoveries":0},"2020-02-14":{"cases":0,"deaths":0,"recoveries":0},"2020-02-15":{"cases":0,"deaths":0,"recoveries":0},"2020-02-16":{"cases":0,"deaths":0,"recoveries":0},"2020-02-17":{"cases":0,"deaths":0,"recoveries":0},"2020-02-18":{"cases":0,"deaths":0,"recoveries":0},"2020-02-19":{"cases":0,"deaths":0,"recoveries":0},"2020-02-20":{"cases":0,"deaths":0,"recoveries":0},"2020-02-21":{"cases":0,"deaths":0,"recoveries":0},"2020-02-22":{"cases":0,"deaths":0,"recoveries":0},"2020-02-23":{"cases":0,"deaths":0,"recoveries":0},"2020-02-24":{"cases":0,"deaths":0,"recoveries":0},"2020-02-25":{"cases":0,"deaths":0,"recoveries":0},"2020-02-26":{"cases":0,"deaths":0,"recoveries":0},"2020-02-27":{"cases":0,"deaths":0,"recoveries":0},"2020-02-28":{"cases":0,"deaths":0,"recoveries":0},"2020-02-29":{"cases":0,"deaths":0,"recoveries":0},"2020-03-01":{"cases":0,"deaths":0,"recoveries":0},"2020-03-02":{"cases":0,"deaths":0,"recoveries":0},"2020-03-03":{"cases":0,"deaths":0,"recoveries":0},"2020-03-04":{"cases":0,"deaths":0,"recoveries":0},"2020-03-05":{"cases":0,"deaths":0,"recoveries":0},"2020-03-06":{"cases":0,"deaths":0,"recoveries":0},"2020-03-07":{"cases":3,"deaths":0,"recoveries":0},"2020-03-08":{"cases":3,"deaths":0,"recoveries":0},"2020-03-09":{"cases":3,"deaths":0,"recoveries":0},"2020-03-10":{"cases":5,"deaths":0,"recoveries":0},"2020-03-11":{"cases":6,"deaths":0,"recoveries":0},"2020-03-12":{"cases":6,"deaths":0,"recoveries":0},"2020-03-13":{"cases":12,"deaths":0,"recoveries":1},"2020-03-14":{"cases":18,"deaths":0,"recoveries":1},"2020-03-15":{"cases":21,"deaths":0,"recoveries":1},"2020-03-16":{"cases":30,"deaths":0,"recoveries":2},"2020-03-17":{"cases":38,"deaths":0,"recoveries":2},"2020-03-18":{"cases":38,"deaths":0,"recoveries":2},"2020-03-19":{"cases":53,"deaths":0,"recoveries":2},"2020-03-20":{"cases":64,"deaths":0,"recoveries":2},"2020-03-21":{"cases":73,"deaths":0,"recoveries":2},"2020-03-22":{"cases":90,"deaths":0,"recoveries":2},"2020-03-23":{"cases":107,"deaths":0,"recoveries":2},"2020-03-24":{"cases":110,"deaths":0,"recoveries":2},"2020-03-25":{"cases":129,"deaths":0,"recoveries":2},"2020-03-26":{"cases":134,"deaths":0,"recoveries":2},"2020-03-27":{"cases":139,"deaths":0,"recoveries":2},"2020-03-28":{"cases":149,"deaths":0,"recoveries":2},"2020-03-29":{"cases":151,"deaths":0,"recoveries":2},"2020-03-30":{"cases":156,"deaths":0,"recoveries":2},"2020-03-31":{"cases":169,"deaths":0,"recoveries":2},"2020-04-01":{"cases":188,"deaths":0,"recoveries":2},"2020-04-02":{"cases":196,"deaths":0,"recoveries":2},"2020-04-03":{"cases":202,"deaths":0,"recoveries":2},"2020-04-04":{"cases":213,"deaths":0,"recoveries":2},"2020-04-05":{"cases":227,"deaths":0,"recoveries":5},"2020-04-06":{"cases":241,"deaths":0,"recoveries":5},"2020-04-07":{"cases":293,"deaths":0,"recoveries":5},"2020-04-08":{"cases":299,"deaths":1,"recoveries":16},"2020-04-09":{"cases":337,"deaths":2,"recoveries":16},"2020-04-10":{"cases":350,"deaths":2,"recoveries":16},"2020-04-11":{"cases":370,"deaths":3,"recoveries":16},"2020-04-12":{"cases":378,"deaths":3,"recoveries":44},"2020-04-13":{"cases":384,"deaths":3,"recoveries":44},"2020-04-14":{"cases":393,"deaths":3,"recoveries":44},"2020-04-15":{"cases":399,"deaths":3,"recoveries":44},"2020-04-16":{"cases":412,"deaths":3,"recoveries":82},"2020-04-17":{"cases":422,"deaths":3,"recoveries":91},"2020-04-18":{"cases":426,"deaths":3,"recoveries":99},"2020-04-19":{"cases":427,"deaths":3,"recoveries":118},"2020-04-20":{"cases":431,"deaths":3,"recoveries":126},"2020-04-21":{"cases":443,"deaths":3,"recoveries":150},"2020-04-22":{"cases":444,"deaths":3,"recoveries":165}}}