{"name":"Manitoba","country":"Canada","type":"region","dates":{"2020-01-22":{"cases":0,"deaths":0},"2020-01-23":{"cases":0,"deaths":0},"2020-01-24":{"cases":0,"deaths":0},"2020-01-25":{"cases":0,"deaths":0},"2020-01-26":{"cases":0,"deaths":0},"2020-01-27":{"cases":0,"deaths":0},"2020-01-28":{"cases":0,"deaths":0},"2020-01-29":{"cases":0,"deaths":0},"2020-01-30":{"cases":0,"deaths":0},"2020-01-31":{"cases":0,"deaths":0},"2020-02-01":{"cases":0,"deaths":0},"2020-02-02":{"cases":0,"deaths":0},"2020-02-03":{"cases":0,"deaths":0},"2020-02-04":{"cases":0,"deaths":0},"2020-02-05":{"cases":0,"deaths":0},"2020-02-06":{"cases":0,"deaths":0},"2020-02-07":{"cases":0,"deaths":0},"2020-02-08":{"cases":0,"deaths":0},"2020-02-09":{"cases":0,"deaths":0},"2020-02-10":{"cases":0,"deaths":0},"2020-02-11":{"cases":0,"deaths":0},"2020-02-12":{"cases":0,"deaths":0},"2020-02-13":{"cases":0,"deaths":0},"2020-02-14":{"cases":0,"deaths":0},"2020-02-15":{"cases":0,"deaths":0},"2020-02-16":{"cases":0,"deaths":0},"2020-02-17":{"cases":0,"deaths":0},"2020-02-18":{"cases":0,"deaths":0},"2020-02-19":{"cases":0,"deaths":0},"2020-02-20":{"cases":0,"deaths":0},"2020-02-21":{"cases":0,"deaths":0},"2020-02-22":{"cases":0,"deaths":0},"2020-02-23":{"cases":0,"deaths":0},"2020-02-24":{"cases":0,"deaths":0},"2020-02-25":{"cases":0,"deaths":0},"2020-02-26":{"cases":0,"deaths":0},"2020-02-27":{"cases":0,"deaths":0},"2020-02-28":{"cases":0,"deaths":0},"2020-02-29":{"cases":0,"deaths":0},"2020-03-01":{"cases":0,"deaths":0},"2020-03-02":{"cases":0,"deaths":0},"2020-03-03":{"cases":0,"deaths":0},"2020-03-04":{"cases":0,"deaths":0},"2020-03-05":{"cases":0,"deaths":0},"2020-03-06":{"cases":0,"deaths":0},"2020-03-07":{"cases":0,"deaths":0},"2020-03-08":{"cases":0,"deaths":0},"2020-03-09":{"cases":0,"deaths":0},"2020-03-10":{"cases":0,"deaths":0},"2020-03-11":{"cases":0,"deaths":0},"2020-03-12":{"cases":0,"deaths":0},"2020-03-13":{"cases":4,"deaths":0},"2020-03-14":{"cases":4,"deaths":0},"2020-03-15":{"cases":4,"deaths":0},"2020-03-16":{"cases":7,"deaths":0},"2020-03-17":{"cases":8,"deaths":0},"2020-03-18":{"cases":15,"deaths":0},"2020-03-19":{"cases":17,"deaths":0},"2020-03-20":{"cases":17,"deaths":0},"2020-03-21":{"cases":18,"deaths":0},"2020-03-22":{"cases":20,"deaths":0},"2020-03-23":{"cases":20,"deaths":0},"2020-03-24":{"cases":21,"deaths":0},"2020-03-25":{"cases":35,"deaths":0},"2020-03-26":{"cases":36,"deaths":0},"2020-03-27":{"cases":39,"deaths":1},"2020-03-28":{"cases":64,"deaths":1},"2020-03-29":{"cases":72,"deaths":1},"2020-03-30":{"cases":96,"deaths":1},"2020-03-31":{"cases":103,"deaths":1},"2020-04-01":{"cases":127,"deaths":1},"2020-04-02":{"cases":167,"deaths":1},"2020-04-03":{"cases":182,"deaths":2},"2020-04-04":{"cases":182,"deaths":2},"2020-04-05":{"cases":203,"deaths":2},"2020-04-06":{"cases":203,"deaths":2},"2020-04-07":{"cases":217,"deaths":3},"2020-04-08":{"cases":217,"deaths":3},"2020-04-09":{"cases":221,"deaths":3},"2020-04-10":{"cases":230,"deaths":3},"2020-04-11":{"cases":243,"deaths":4},"2020-04-12":{"cases":242,"deaths":4},"2020-04-13":{"cases":246,"deaths":4},"2020-04-14":{"cases":246,"deaths":4},"2020-04-15":{"cases":246,"deaths":5},"2020-04-16":{"cases":250,"deaths":5},"2020-04-17":{"cases":250,"deaths":5},"2020-04-18":{"cases":253,"deaths":5},"2020-04-19":{"cases":254,"deaths":5},"2020-04-20":{"cases":254,"deaths":6},"2020-04-21":{"cases":255,"deaths":6},"2020-04-22":{"cases":257,"deaths":6}}}