{"name":"Martinique","country":"France","type":"region","dates":{"2020-01-22":{"cases":0,"deaths":0,"recoveries":0},"2020-01-23":{"cases":0,"deaths":0,"recoveries":0},"2020-01-24":{"cases":0,"deaths":0,"recoveries":0},"2020-01-25":{"cases":0,"deaths":0,"recoveries":0},"2020-01-26":{"cases":0,"deaths":0,"recoveries":0},"2020-01-27":{"cases":0,"deaths":0,"recoveries":0},"2020-01-28":{"cases":0,"deaths":0,"recoveries":0},"2020-01-29":{"cases":0,"deaths":0,"recoveries":0},"2020-01-30":{"cases":0,"deaths":0,"recoveries":0},"2020-01-31":{"cases":0,"deaths":0,"recoveries":0},"2020-02-01":{"cases":0,"deaths":0,"recoveries":0},"2020-02-02":{"cases":0,"deaths":0,"recoveries":0},"2020-02-03":{"cases":0,"deaths":0,"recoveries":0},"2020-02-04":{"cases":0,"deaths":0,"recoveries":0},"2020-02-05":{"cases":0,"deaths":0,"recoveries":0},"2020-02-06":{"cases":0,"deaths":0,"recoveries":0},"2020-02-07":{"cases":0,"deaths":0,"recoveries":0},"2020-02-08":{"cases":0,"deaths":0,"recoveries":0},"2020-02-09":{"cases":0,"deaths":0,"recoveries":0},"2020-02-10":{"cases":0,"deaths":0,"recoveries":0},"2020-02-11":{"cases":0,"deaths":0,"recoveries":0},"2020-02-12":{"cases":0,"deaths":0,"recoveries":0},"2020-02-13":{"cases":0,"deaths":0,"recoveries":0},"2020-02-14":{"cases":0,"deaths":0,"recoveries":0},"2020-02-15":{"cases":0,"deaths":0,"recoveries":0},"2020-02-16":{"cases":0,"deaths":0,"recoveries":0},"2020-02-17":{"cases":0,"deaths":0,"recoveries":0},"2020-02-18":{"cases":0,"deaths":0,"recoveries":0},"2020-02-19":{"cases":0,"deaths":0,"recoveries":0},"2020-02-20":{"cases":0,"deaths":0,"recoveries":0},"2020-02-21":{"cases":0,"deaths":0,"recoveries":0},"2020-02-22":{"cases":0,"deaths":0,"recoveries":0},"2020-02-23":{"cases":0,"deaths":0,"recoveries":0},"2020-02-24":{"cases":0,"deaths":0,"recoveries":0},"2020-02-25":{"cases":0,"deaths":0,"recoveries":0},"2020-02-26":{"cases":0,"deaths":0,"recoveries":0},"2020-02-27":{"cases":0,"deaths":0,"recoveries":0},"2020-02-28":{"cases":0,"deaths":0,"recoveries":0},"2020-02-29":{"cases":0,"deaths":0,"recoveries":0},"2020-03-01":{"cases":0,"deaths":0,"recoveries":0},"2020-03-02":{"cases":0,"deaths":0,"recoveries":0},"2020-03-03":{"cases":0,"deaths":0,"recoveries":0},"2020-03-04":{"cases":0,"deaths":0,"recoveries":0},"2020-03-05":{"cases":0,"deaths":0,"recoveries":0},"2020-03-06":{"cases":0,"deaths":0,"recoveries":0},"2020-03-07":{"cases":2,"deaths":0,"recoveries":0},"2020-03-08":{"cases":2,"deaths":0,"recoveries":0},"2020-03-09":{"cases":2,"deaths":0,"recoveries":0},"2020-03-10":{"cases":2,"deaths":0,"recoveries":0},"2020-03-11":{"cases":3,"deaths":0,"recoveries":0},"2020-03-12":{"cases":3,"deaths":0,"recoveries":0},"2020-03-13":{"cases":3,"deaths":0,"recoveries":0},"2020-03-14":{"cases":9,"deaths":0,"recoveries":0},"2020-03-15":{"cases":9,"deaths":0,"recoveries":0},"2020-03-16":{"cases":15,"deaths":1,"recoveries":0},"2020-03-17":{"cases":16,"deaths":1,"recoveries":0},"2020-03-18":{"cases":19,"deaths":1,"recoveries":0},"2020-03-19":{"cases":23,"deaths":1,"recoveries":0},"2020-03-20":{"cases":32,"deaths":1,"recoveries":0},"2020-03-21":{"cases":32,"deaths":1,"recoveries":0},"2020-03-22":{"cases":44,"deaths":1,"recoveries":0},"2020-03-23":{"cases":53,"deaths":1,"recoveries":0},"2020-03-24":{"cases":57,"deaths":1,"recoveries":0},"2020-03-25":{"cases":66,"deaths":1,"recoveries":0},"2020-03-26":{"cases":66,"deaths":1,"recoveries":0},"2020-03-27":{"cases":81,"deaths":1,"recoveries":0},"2020-03-28":{"cases":93,"deaths":1,"recoveries":0},"2020-03-29":{"cases":93,"deaths":1,"recoveries":0},"2020-03-30":{"cases":93,"deaths":1,"recoveries":0},"2020-03-31":{"cases":128,"deaths":3,"recoveries":27},"2020-04-01":{"cases":135,"deaths":3,"recoveries":27},"2020-04-02":{"cases":138,"deaths":3,"recoveries":27},"2020-04-03":{"cases":143,"deaths":3,"recoveries":27},"2020-04-04":{"cases":145,"deaths":3,"recoveries":27},"2020-04-05":{"cases":149,"deaths":4,"recoveries":50},"2020-04-06":{"cases":151,"deaths":4,"recoveries":50},"2020-04-07":{"cases":152,"deaths":4,"recoveries":50},"2020-04-08":{"cases":154,"deaths":6,"recoveries":50},"2020-04-09":{"cases":154,"deaths":6,"recoveries":50},"2020-04-10":{"cases":155,"deaths":6,"recoveries":50},"2020-04-11":{"cases":155,"deaths":6,"recoveries":50},"2020-04-12":{"cases":155,"deaths":6,"recoveries":50},"2020-04-13":{"cases":157,"deaths":6,"recoveries":50},"2020-04-14":{"cases":157,"deaths":6,"recoveries":50},"2020-04-15":{"cases":158,"deaths":8,"recoveries":73},"2020-04-16":{"cases":158,"deaths":8,"recoveries":73},"2020-04-17":{"cases":158,"deaths":8,"recoveries":73},"2020-04-18":{"cases":158,"deaths":8,"recoveries":73},"2020-04-19":{"cases":163,"deaths":12,"recoveries":73},"2020-04-20":{"cases":163,"deaths":12,"recoveries":73},"2020-04-21":{"cases":163,"deaths":14,"recoveries":73},"2020-04-22":{"cases":164,"deaths":14,"recoveries":73}}}