{"name":"Mexico","type":"country","dates":{"2020-01-22":{"cases":0,"deaths":0,"recoveries":0},"2020-01-23":{"cases":0,"deaths":0,"recoveries":0},"2020-01-24":{"cases":0,"deaths":0,"recoveries":0},"2020-01-25":{"cases":0,"deaths":0,"recoveries":0},"2020-01-26":{"cases":0,"deaths":0,"recoveries":0},"2020-01-27":{"cases":0,"deaths":0,"recoveries":0},"2020-01-28":{"cases":0,"deaths":0,"recoveries":0},"2020-01-29":{"cases":0,"deaths":0,"recoveries":0},"2020-01-30":{"cases":0,"deaths":0,"recoveries":0},"2020-01-31":{"cases":0,"deaths":0,"recoveries":0},"2020-02-01":{"cases":0,"deaths":0,"recoveries":0},"2020-02-02":{"cases":0,"deaths":0,"recoveries":0},"2020-02-03":{"cases":0,"deaths":0,"recoveries":0},"2020-02-04":{"cases":0,"deaths":0,"recoveries":0},"2020-02-05":{"cases":0,"deaths":0,"recoveries":0},"2020-02-06":{"cases":0,"deaths":0,"recoveries":0},"2020-02-07":{"cases":0,"deaths":0,"recoveries":0},"2020-02-08":{"cases":0,"deaths":0,"recoveries":0},"2020-02-09":{"cases":0,"deaths":0,"recoveries":0},"2020-02-10":{"cases":0,"deaths":0,"recoveries":0},"2020-02-11":{"cases":0,"deaths":0,"recoveries":0},"2020-02-12":{"cases":0,"deaths":0,"recoveries":0},"2020-02-13":{"cases":0,"deaths":0,"recoveries":0},"2020-02-14":{"cases":0,"deaths":0,"recoveries":0},"2020-02-15":{"cases":0,"deaths":0,"recoveries":0},"2020-02-16":{"cases":0,"deaths":0,"recoveries":0},"2020-02-17":{"cases":0,"deaths":0,"recoveries":0},"2020-02-18":{"cases":0,"deaths":0,"recoveries":0},"2020-02-19":{"cases":0,"deaths":0,"recoveries":0},"2020-02-20":{"cases":0,"deaths":0,"recoveries":0},"2020-02-21":{"cases":0,"deaths":0,"recoveries":0},"2020-02-22":{"cases":0,"deaths":0,"recoveries":0},"2020-02-23":{"cases":0,"deaths":0,"recoveries":0},"2020-02-24":{"cases":0,"deaths":0,"recoveries":0},"2020-02-25":{"cases":0,"deaths":0,"recoveries":0},"2020-02-26":{"cases":0,"deaths":0,"recoveries":0},"2020-02-27":{"cases":0,"deaths":0,"recoveries":0},"2020-02-28":{"cases":1,"deaths":0,"recoveries":0},"2020-02-29":{"cases":4,"deaths":0,"recoveries":0},"2020-03-01":{"cases":5,"deaths":0,"recoveries":0},"2020-03-02":{"cases":5,"deaths":0,"recoveries":0},"2020-03-03":{"cases":5,"deaths":0,"recoveries":1},"2020-03-04":{"cases":5,"deaths":0,"recoveries":1},"2020-03-05":{"cases":5,"deaths":0,"recoveries":1},"2020-03-06":{"cases":6,"deaths":0,"recoveries":1},"2020-03-07":{"cases":6,"deaths":0,"recoveries":1},"2020-03-08":{"cases":7,"deaths":0,"recoveries":1},"2020-03-09":{"cases":7,"deaths":0,"recoveries":1},"2020-03-10":{"cases":7,"deaths":0,"recoveries":4},"2020-03-11":{"cases":8,"deaths":0,"recoveries":4},"2020-03-12":{"cases":12,"deaths":0,"recoveries":4},"2020-03-13":{"cases":12,"deaths":0,"recoveries":4},"2020-03-14":{"cases":26,"deaths":0,"recoveries":4},"2020-03-15":{"cases":41,"deaths":0,"recoveries":4},"2020-03-16":{"cases":53,"deaths":0,"recoveries":4},"2020-03-17":{"cases":82,"deaths":0,"recoveries":4},"2020-03-18":{"cases":93,"deaths":0,"recoveries":4},"2020-03-19":{"cases":118,"deaths":1,"recoveries":4},"2020-03-20":{"cases":164,"deaths":1,"recoveries":4},"2020-03-21":{"cases":203,"deaths":2,"recoveries":4},"2020-03-22":{"cases":251,"deaths":2,"recoveries":4},"2020-03-23":{"cases":316,"deaths":3,"recoveries":4},"2020-03-24":{"cases":367,"deaths":4,"recoveries":4},"2020-03-25":{"cases":405,"deaths":5,"recoveries":4},"2020-03-26":{"cases":475,"deaths":6,"recoveries":4},"2020-03-27":{"cases":585,"deaths":8,"recoveries":4},"2020-03-28":{"cases":717,"deaths":12,"recoveries":4},"2020-03-29":{"cases":848,"deaths":16,"recoveries":4},"2020-03-30":{"cases":993,"deaths":20,"recoveries":35},"2020-03-31":{"cases":1094,"deaths":28,"recoveries":35},"2020-04-01":{"cases":1215,"deaths":29,"recoveries":35},"2020-04-02":{"cases":1378,"deaths":37,"recoveries":35},"2020-04-03":{"cases":1510,"deaths":50,"recoveries":633},"2020-04-04":{"cases":1688,"deaths":60,"recoveries":633},"2020-04-05":{"cases":1890,"deaths":79,"recoveries":633},"2020-04-06":{"cases":2143,"deaths":94,"recoveries":633},"2020-04-07":{"cases":2439,"deaths":125,"recoveries":633},"2020-04-08":{"cases":2785,"deaths":141,"recoveries":633},"2020-04-09":{"cases":3181,"deaths":174,"recoveries":633},"2020-04-10":{"cases":3441,"deaths":194,"recoveries":633},"2020-04-11":{"cases":3844,"deaths":233,"recoveries":633},"2020-04-12":{"cases":4219,"deaths":273,"recoveries":1772},"2020-04-13":{"cases":4661,"deaths":296,"recoveries":1843},"2020-04-14":{"cases":5014,"deaths":332,"recoveries":1964},"2020-04-15":{"cases":5399,"deaths":406,"recoveries":2125},"2020-04-16":{"cases":5847,"deaths":449,"recoveries":2125},"2020-04-17":{"cases":6297,"deaths":486,"recoveries":2125},"2020-04-18":{"cases":6875,"deaths":546,"recoveries":2125},"2020-04-19":{"cases":7497,"deaths":650,"recoveries":2627},"2020-04-20":{"cases":8261,"deaths":686,"recoveries":2627},"2020-04-21":{"cases":8772,"deaths":712,"recoveries":2627},"2020-04-22":{"cases":9501,"deaths":857,"recoveries":2627}}}