{"name":"Moldova","type":"country","dates":{"2020-01-22":{"cases":0,"deaths":0,"recoveries":0},"2020-01-23":{"cases":0,"deaths":0,"recoveries":0},"2020-01-24":{"cases":0,"deaths":0,"recoveries":0},"2020-01-25":{"cases":0,"deaths":0,"recoveries":0},"2020-01-26":{"cases":0,"deaths":0,"recoveries":0},"2020-01-27":{"cases":0,"deaths":0,"recoveries":0},"2020-01-28":{"cases":0,"deaths":0,"recoveries":0},"2020-01-29":{"cases":0,"deaths":0,"recoveries":0},"2020-01-30":{"cases":0,"deaths":0,"recoveries":0},"2020-01-31":{"cases":0,"deaths":0,"recoveries":0},"2020-02-01":{"cases":0,"deaths":0,"recoveries":0},"2020-02-02":{"cases":0,"deaths":0,"recoveries":0},"2020-02-03":{"cases":0,"deaths":0,"recoveries":0},"2020-02-04":{"cases":0,"deaths":0,"recoveries":0},"2020-02-05":{"cases":0,"deaths":0,"recoveries":0},"2020-02-06":{"cases":0,"deaths":0,"recoveries":0},"2020-02-07":{"cases":0,"deaths":0,"recoveries":0},"2020-02-08":{"cases":0,"deaths":0,"recoveries":0},"2020-02-09":{"cases":0,"deaths":0,"recoveries":0},"2020-02-10":{"cases":0,"deaths":0,"recoveries":0},"2020-02-11":{"cases":0,"deaths":0,"recoveries":0},"2020-02-12":{"cases":0,"deaths":0,"recoveries":0},"2020-02-13":{"cases":0,"deaths":0,"recoveries":0},"2020-02-14":{"cases":0,"deaths":0,"recoveries":0},"2020-02-15":{"cases":0,"deaths":0,"recoveries":0},"2020-02-16":{"cases":0,"deaths":0,"recoveries":0},"2020-02-17":{"cases":0,"deaths":0,"recoveries":0},"2020-02-18":{"cases":0,"deaths":0,"recoveries":0},"2020-02-19":{"cases":0,"deaths":0,"recoveries":0},"2020-02-20":{"cases":0,"deaths":0,"recoveries":0},"2020-02-21":{"cases":0,"deaths":0,"recoveries":0},"2020-02-22":{"cases":0,"deaths":0,"recoveries":0},"2020-02-23":{"cases":0,"deaths":0,"recoveries":0},"2020-02-24":{"cases":0,"deaths":0,"recoveries":0},"2020-02-25":{"cases":0,"deaths":0,"recoveries":0},"2020-02-26":{"cases":0,"deaths":0,"recoveries":0},"2020-02-27":{"cases":0,"deaths":0,"recoveries":0},"2020-02-28":{"cases":0,"deaths":0,"recoveries":0},"2020-02-29":{"cases":0,"deaths":0,"recoveries":0},"2020-03-01":{"cases":0,"deaths":0,"recoveries":0},"2020-03-02":{"cases":0,"deaths":0,"recoveries":0},"2020-03-03":{"cases":0,"deaths":0,"recoveries":0},"2020-03-04":{"cases":0,"deaths":0,"recoveries":0},"2020-03-05":{"cases":0,"deaths":0,"recoveries":0},"2020-03-06":{"cases":0,"deaths":0,"recoveries":0},"2020-03-07":{"cases":0,"deaths":0,"recoveries":0},"2020-03-08":{"cases":1,"deaths":0,"recoveries":0},"2020-03-09":{"cases":1,"deaths":0,"recoveries":0},"2020-03-10":{"cases":3,"deaths":0,"recoveries":0},"2020-03-11":{"cases":3,"deaths":0,"recoveries":0},"2020-03-12":{"cases":3,"deaths":0,"recoveries":0},"2020-03-13":{"cases":6,"deaths":0,"recoveries":0},"2020-03-14":{"cases":12,"deaths":0,"recoveries":0},"2020-03-15":{"cases":23,"deaths":0,"recoveries":0},"2020-03-16":{"cases":23,"deaths":0,"recoveries":0},"2020-03-17":{"cases":30,"deaths":0,"recoveries":1},"2020-03-18":{"cases":30,"deaths":1,"recoveries":1},"2020-03-19":{"cases":49,"deaths":1,"recoveries":1},"2020-03-20":{"cases":66,"deaths":1,"recoveries":1},"2020-03-21":{"cases":80,"deaths":1,"recoveries":1},"2020-03-22":{"cases":94,"deaths":1,"recoveries":1},"2020-03-23":{"cases":109,"deaths":1,"recoveries":1},"2020-03-24":{"cases":125,"deaths":1,"recoveries":2},"2020-03-25":{"cases":149,"deaths":1,"recoveries":2},"2020-03-26":{"cases":177,"deaths":1,"recoveries":2},"2020-03-27":{"cases":199,"deaths":2,"recoveries":2},"2020-03-28":{"cases":231,"deaths":2,"recoveries":2},"2020-03-29":{"cases":263,"deaths":2,"recoveries":2},"2020-03-30":{"cases":298,"deaths":2,"recoveries":15},"2020-03-31":{"cases":353,"deaths":4,"recoveries":18},"2020-04-01":{"cases":423,"deaths":5,"recoveries":23},"2020-04-02":{"cases":505,"deaths":6,"recoveries":23},"2020-04-03":{"cases":591,"deaths":8,"recoveries":26},"2020-04-04":{"cases":752,"deaths":12,"recoveries":29},"2020-04-05":{"cases":864,"deaths":15,"recoveries":30},"2020-04-06":{"cases":965,"deaths":19,"recoveries":37},"2020-04-07":{"cases":1056,"deaths":22,"recoveries":40},"2020-04-08":{"cases":1174,"deaths":27,"recoveries":40},"2020-04-09":{"cases":1289,"deaths":29,"recoveries":50},"2020-04-10":{"cases":1438,"deaths":29,"recoveries":56},"2020-04-11":{"cases":1560,"deaths":30,"recoveries":75},"2020-04-12":{"cases":1662,"deaths":31,"recoveries":94},"2020-04-13":{"cases":1712,"deaths":35,"recoveries":107},"2020-04-14":{"cases":1934,"deaths":40,"recoveries":134},"2020-04-15":{"cases":2049,"deaths":46,"recoveries":171},"2020-04-16":{"cases":2154,"deaths":54,"recoveries":235},"2020-04-17":{"cases":2264,"deaths":56,"recoveries":276},"2020-04-18":{"cases":2378,"deaths":57,"recoveries":391},"2020-04-19":{"cases":2472,"deaths":67,"recoveries":457},"2020-04-20":{"cases":2548,"deaths":70,"recoveries":457},"2020-04-21":{"cases":2614,"deaths":72,"recoveries":505},"2020-04-22":{"cases":2778,"deaths":75,"recoveries":560}}}