{"name":"Morocco","type":"country","dates":{"2020-01-22":{"cases":0,"deaths":0,"recoveries":0},"2020-01-23":{"cases":0,"deaths":0,"recoveries":0},"2020-01-24":{"cases":0,"deaths":0,"recoveries":0},"2020-01-25":{"cases":0,"deaths":0,"recoveries":0},"2020-01-26":{"cases":0,"deaths":0,"recoveries":0},"2020-01-27":{"cases":0,"deaths":0,"recoveries":0},"2020-01-28":{"cases":0,"deaths":0,"recoveries":0},"2020-01-29":{"cases":0,"deaths":0,"recoveries":0},"2020-01-30":{"cases":0,"deaths":0,"recoveries":0},"2020-01-31":{"cases":0,"deaths":0,"recoveries":0},"2020-02-01":{"cases":0,"deaths":0,"recoveries":0},"2020-02-02":{"cases":0,"deaths":0,"recoveries":0},"2020-02-03":{"cases":0,"deaths":0,"recoveries":0},"2020-02-04":{"cases":0,"deaths":0,"recoveries":0},"2020-02-05":{"cases":0,"deaths":0,"recoveries":0},"2020-02-06":{"cases":0,"deaths":0,"recoveries":0},"2020-02-07":{"cases":0,"deaths":0,"recoveries":0},"2020-02-08":{"cases":0,"deaths":0,"recoveries":0},"2020-02-09":{"cases":0,"deaths":0,"recoveries":0},"2020-02-10":{"cases":0,"deaths":0,"recoveries":0},"2020-02-11":{"cases":0,"deaths":0,"recoveries":0},"2020-02-12":{"cases":0,"deaths":0,"recoveries":0},"2020-02-13":{"cases":0,"deaths":0,"recoveries":0},"2020-02-14":{"cases":0,"deaths":0,"recoveries":0},"2020-02-15":{"cases":0,"deaths":0,"recoveries":0},"2020-02-16":{"cases":0,"deaths":0,"recoveries":0},"2020-02-17":{"cases":0,"deaths":0,"recoveries":0},"2020-02-18":{"cases":0,"deaths":0,"recoveries":0},"2020-02-19":{"cases":0,"deaths":0,"recoveries":0},"2020-02-20":{"cases":0,"deaths":0,"recoveries":0},"2020-02-21":{"cases":0,"deaths":0,"recoveries":0},"2020-02-22":{"cases":0,"deaths":0,"recoveries":0},"2020-02-23":{"cases":0,"deaths":0,"recoveries":0},"2020-02-24":{"cases":0,"deaths":0,"recoveries":0},"2020-02-25":{"cases":0,"deaths":0,"recoveries":0},"2020-02-26":{"cases":0,"deaths":0,"recoveries":0},"2020-02-27":{"cases":0,"deaths":0,"recoveries":0},"2020-02-28":{"cases":0,"deaths":0,"recoveries":0},"2020-02-29":{"cases":0,"deaths":0,"recoveries":0},"2020-03-01":{"cases":0,"deaths":0,"recoveries":0},"2020-03-02":{"cases":1,"deaths":0,"recoveries":0},"2020-03-03":{"cases":1,"deaths":0,"recoveries":0},"2020-03-04":{"cases":1,"deaths":0,"recoveries":0},"2020-03-05":{"cases":2,"deaths":0,"recoveries":0},"2020-03-06":{"cases":2,"deaths":0,"recoveries":0},"2020-03-07":{"cases":2,"deaths":0,"recoveries":0},"2020-03-08":{"cases":2,"deaths":0,"recoveries":0},"2020-03-09":{"cases":2,"deaths":0,"recoveries":0},"2020-03-10":{"cases":3,"deaths":1,"recoveries":0},"2020-03-11":{"cases":5,"deaths":1,"recoveries":0},"2020-03-12":{"cases":6,"deaths":1,"recoveries":0},"2020-03-13":{"cases":7,"deaths":1,"recoveries":1},"2020-03-14":{"cases":17,"deaths":1,"recoveries":1},"2020-03-15":{"cases":28,"deaths":1,"recoveries":1},"2020-03-16":{"cases":29,"deaths":1,"recoveries":1},"2020-03-17":{"cases":38,"deaths":2,"recoveries":1},"2020-03-18":{"cases":49,"deaths":2,"recoveries":1},"2020-03-19":{"cases":63,"deaths":2,"recoveries":1},"2020-03-20":{"cases":77,"deaths":3,"recoveries":1},"2020-03-21":{"cases":96,"deaths":3,"recoveries":3},"2020-03-22":{"cases":115,"deaths":4,"recoveries":3},"2020-03-23":{"cases":143,"deaths":4,"recoveries":3},"2020-03-24":{"cases":170,"deaths":5,"recoveries":6},"2020-03-25":{"cases":225,"deaths":6,"recoveries":7},"2020-03-26":{"cases":275,"deaths":11,"recoveries":8},"2020-03-27":{"cases":345,"deaths":23,"recoveries":11},"2020-03-28":{"cases":402,"deaths":25,"recoveries":11},"2020-03-29":{"cases":479,"deaths":26,"recoveries":13},"2020-03-30":{"cases":556,"deaths":33,"recoveries":15},"2020-03-31":{"cases":617,"deaths":36,"recoveries":24},"2020-04-01":{"cases":654,"deaths":39,"recoveries":29},"2020-04-02":{"cases":708,"deaths":44,"recoveries":31},"2020-04-03":{"cases":791,"deaths":48,"recoveries":57},"2020-04-04":{"cases":919,"deaths":59,"recoveries":66},"2020-04-05":{"cases":1021,"deaths":70,"recoveries":76},"2020-04-06":{"cases":1120,"deaths":80,"recoveries":81},"2020-04-07":{"cases":1184,"deaths":90,"recoveries":93},"2020-04-08":{"cases":1275,"deaths":93,"recoveries":97},"2020-04-09":{"cases":1374,"deaths":97,"recoveries":109},"2020-04-10":{"cases":1448,"deaths":107,"recoveries":122},"2020-04-11":{"cases":1545,"deaths":111,"recoveries":146},"2020-04-12":{"cases":1661,"deaths":118,"recoveries":177},"2020-04-13":{"cases":1763,"deaths":126,"recoveries":203},"2020-04-14":{"cases":1888,"deaths":126,"recoveries":217},"2020-04-15":{"cases":2024,"deaths":127,"recoveries":229},"2020-04-16":{"cases":2283,"deaths":130,"recoveries":249},"2020-04-17":{"cases":2564,"deaths":135,"recoveries":281},"2020-04-18":{"cases":2685,"deaths":137,"recoveries":314},"2020-04-19":{"cases":2855,"deaths":141,"recoveries":327},"2020-04-20":{"cases":3046,"deaths":143,"recoveries":350},"2020-04-21":{"cases":3209,"deaths":145,"recoveries":393},"2020-04-22":{"cases":3446,"deaths":149,"recoveries":417}}}