{"name":"Nepal","type":"country","dates":{"2020-01-22":{"cases":0,"deaths":0,"recoveries":0},"2020-01-23":{"cases":0,"deaths":0,"recoveries":0},"2020-01-24":{"cases":0,"deaths":0,"recoveries":0},"2020-01-25":{"cases":1,"deaths":0,"recoveries":0},"2020-01-26":{"cases":1,"deaths":0,"recoveries":0},"2020-01-27":{"cases":1,"deaths":0,"recoveries":0},"2020-01-28":{"cases":1,"deaths":0,"recoveries":0},"2020-01-29":{"cases":1,"deaths":0,"recoveries":0},"2020-01-30":{"cases":1,"deaths":0,"recoveries":0},"2020-01-31":{"cases":1,"deaths":0,"recoveries":0},"2020-02-01":{"cases":1,"deaths":0,"recoveries":0},"2020-02-02":{"cases":1,"deaths":0,"recoveries":0},"2020-02-03":{"cases":1,"deaths":0,"recoveries":0},"2020-02-04":{"cases":1,"deaths":0,"recoveries":0},"2020-02-05":{"cases":1,"deaths":0,"recoveries":0},"2020-02-06":{"cases":1,"deaths":0,"recoveries":0},"2020-02-07":{"cases":1,"deaths":0,"recoveries":0},"2020-02-08":{"cases":1,"deaths":0,"recoveries":0},"2020-02-09":{"cases":1,"deaths":0,"recoveries":0},"2020-02-10":{"cases":1,"deaths":0,"recoveries":0},"2020-02-11":{"cases":1,"deaths":0,"recoveries":0},"2020-02-12":{"cases":1,"deaths":0,"recoveries":1},"2020-02-13":{"cases":1,"deaths":0,"recoveries":1},"2020-02-14":{"cases":1,"deaths":0,"recoveries":1},"2020-02-15":{"cases":1,"deaths":0,"recoveries":1},"2020-02-16":{"cases":1,"deaths":0,"recoveries":1},"2020-02-17":{"cases":1,"deaths":0,"recoveries":1},"2020-02-18":{"cases":1,"deaths":0,"recoveries":1},"2020-02-19":{"cases":1,"deaths":0,"recoveries":1},"2020-02-20":{"cases":1,"deaths":0,"recoveries":1},"2020-02-21":{"cases":1,"deaths":0,"recoveries":1},"2020-02-22":{"cases":1,"deaths":0,"recoveries":1},"2020-02-23":{"cases":1,"deaths":0,"recoveries":1},"2020-02-24":{"cases":1,"deaths":0,"recoveries":1},"2020-02-25":{"cases":1,"deaths":0,"recoveries":1},"2020-02-26":{"cases":1,"deaths":0,"recoveries":1},"2020-02-27":{"cases":1,"deaths":0,"recoveries":1},"2020-02-28":{"cases":1,"deaths":0,"recoveries":1},"2020-02-29":{"cases":1,"deaths":0,"recoveries":1},"2020-03-01":{"cases":1,"deaths":0,"recoveries":1},"2020-03-02":{"cases":1,"deaths":0,"recoveries":1},"2020-03-03":{"cases":1,"deaths":0,"recoveries":1},"2020-03-04":{"cases":1,"deaths":0,"recoveries":1},"2020-03-05":{"cases":1,"deaths":0,"recoveries":1},"2020-03-06":{"cases":1,"deaths":0,"recoveries":1},"2020-03-07":{"cases":1,"deaths":0,"recoveries":1},"2020-03-08":{"cases":1,"deaths":0,"recoveries":1},"2020-03-09":{"cases":1,"deaths":0,"recoveries":1},"2020-03-10":{"cases":1,"deaths":0,"recoveries":1},"2020-03-11":{"cases":1,"deaths":0,"recoveries":1},"2020-03-12":{"cases":1,"deaths":0,"recoveries":1},"2020-03-13":{"cases":1,"deaths":0,"recoveries":1},"2020-03-14":{"cases":1,"deaths":0,"recoveries":1},"2020-03-15":{"cases":1,"deaths":0,"recoveries":1},"2020-03-16":{"cases":1,"deaths":0,"recoveries":1},"2020-03-17":{"cases":1,"deaths":0,"recoveries":1},"2020-03-18":{"cases":1,"deaths":0,"recoveries":1},"2020-03-19":{"cases":1,"deaths":0,"recoveries":1},"2020-03-20":{"cases":1,"deaths":0,"recoveries":1},"2020-03-21":{"cases":1,"deaths":0,"recoveries":1},"2020-03-22":{"cases":1,"deaths":0,"recoveries":1},"2020-03-23":{"cases":2,"deaths":0,"recoveries":1},"2020-03-24":{"cases":2,"deaths":0,"recoveries":1},"2020-03-25":{"cases":3,"deaths":0,"recoveries":1},"2020-03-26":{"cases":3,"deaths":0,"recoveries":1},"2020-03-27":{"cases":4,"deaths":0,"recoveries":1},"2020-03-28":{"cases":5,"deaths":0,"recoveries":1},"2020-03-29":{"cases":5,"deaths":0,"recoveries":1},"2020-03-30":{"cases":5,"deaths":0,"recoveries":1},"2020-03-31":{"cases":5,"deaths":0,"recoveries":1},"2020-04-01":{"cases":5,"deaths":0,"recoveries":1},"2020-04-02":{"cases":6,"deaths":0,"recoveries":1},"2020-04-03":{"cases":6,"deaths":0,"recoveries":1},"2020-04-04":{"cases":9,"deaths":0,"recoveries":1},"2020-04-05":{"cases":9,"deaths":0,"recoveries":1},"2020-04-06":{"cases":9,"deaths":0,"recoveries":1},"2020-04-07":{"cases":9,"deaths":0,"recoveries":1},"2020-04-08":{"cases":9,"deaths":0,"recoveries":1},"2020-04-09":{"cases":9,"deaths":0,"recoveries":1},"2020-04-10":{"cases":9,"deaths":0,"recoveries":1},"2020-04-11":{"cases":9,"deaths":0,"recoveries":1},"2020-04-12":{"cases":12,"deaths":0,"recoveries":1},"2020-04-13":{"cases":14,"deaths":0,"recoveries":1},"2020-04-14":{"cases":16,"deaths":0,"recoveries":1},"2020-04-15":{"cases":16,"deaths":0,"recoveries":1},"2020-04-16":{"cases":16,"deaths":0,"recoveries":2},"2020-04-17":{"cases":30,"deaths":0,"recoveries":2},"2020-04-18":{"cases":31,"deaths":0,"recoveries":2},"2020-04-19":{"cases":31,"deaths":0,"recoveries":4},"2020-04-20":{"cases":31,"deaths":0,"recoveries":4},"2020-04-21":{"cases":43,"deaths":0,"recoveries":4},"2020-04-22":{"cases":45,"deaths":0,"recoveries":7}}}