{"name":"Netherlands","type":"country","dates":{"2020-01-22":{"cases":0,"deaths":0,"recoveries":0},"2020-01-23":{"cases":0,"deaths":0,"recoveries":0},"2020-01-24":{"cases":0,"deaths":0,"recoveries":0},"2020-01-25":{"cases":0,"deaths":0,"recoveries":0},"2020-01-26":{"cases":0,"deaths":0,"recoveries":0},"2020-01-27":{"cases":0,"deaths":0,"recoveries":0},"2020-01-28":{"cases":0,"deaths":0,"recoveries":0},"2020-01-29":{"cases":0,"deaths":0,"recoveries":0},"2020-01-30":{"cases":0,"deaths":0,"recoveries":0},"2020-01-31":{"cases":0,"deaths":0,"recoveries":0},"2020-02-01":{"cases":0,"deaths":0,"recoveries":0},"2020-02-02":{"cases":0,"deaths":0,"recoveries":0},"2020-02-03":{"cases":0,"deaths":0,"recoveries":0},"2020-02-04":{"cases":0,"deaths":0,"recoveries":0},"2020-02-05":{"cases":0,"deaths":0,"recoveries":0},"2020-02-06":{"cases":0,"deaths":0,"recoveries":0},"2020-02-07":{"cases":0,"deaths":0,"recoveries":0},"2020-02-08":{"cases":0,"deaths":0,"recoveries":0},"2020-02-09":{"cases":0,"deaths":0,"recoveries":0},"2020-02-10":{"cases":0,"deaths":0,"recoveries":0},"2020-02-11":{"cases":0,"deaths":0,"recoveries":0},"2020-02-12":{"cases":0,"deaths":0,"recoveries":0},"2020-02-13":{"cases":0,"deaths":0,"recoveries":0},"2020-02-14":{"cases":0,"deaths":0,"recoveries":0},"2020-02-15":{"cases":0,"deaths":0,"recoveries":0},"2020-02-16":{"cases":0,"deaths":0,"recoveries":0},"2020-02-17":{"cases":0,"deaths":0,"recoveries":0},"2020-02-18":{"cases":0,"deaths":0,"recoveries":0},"2020-02-19":{"cases":0,"deaths":0,"recoveries":0},"2020-02-20":{"cases":0,"deaths":0,"recoveries":0},"2020-02-21":{"cases":0,"deaths":0,"recoveries":0},"2020-02-22":{"cases":0,"deaths":0,"recoveries":0},"2020-02-23":{"cases":0,"deaths":0,"recoveries":0},"2020-02-24":{"cases":0,"deaths":0,"recoveries":0},"2020-02-25":{"cases":0,"deaths":0,"recoveries":0},"2020-02-26":{"cases":0,"deaths":0,"recoveries":0},"2020-02-27":{"cases":1,"deaths":0,"recoveries":0},"2020-02-28":{"cases":1,"deaths":0,"recoveries":0},"2020-02-29":{"cases":6,"deaths":0,"recoveries":0},"2020-03-01":{"cases":10,"deaths":0,"recoveries":0},"2020-03-02":{"cases":18,"deaths":0,"recoveries":0},"2020-03-03":{"cases":24,"deaths":0,"recoveries":0},"2020-03-04":{"cases":38,"deaths":0,"recoveries":0},"2020-03-05":{"cases":82,"deaths":0,"recoveries":0},"2020-03-06":{"cases":128,"deaths":1,"recoveries":0},"2020-03-07":{"cases":188,"deaths":1,"recoveries":0},"2020-03-08":{"cases":265,"deaths":3,"recoveries":0},"2020-03-09":{"cases":321,"deaths":3,"recoveries":0},"2020-03-10":{"cases":382,"deaths":4,"recoveries":0},"2020-03-11":{"cases":503,"deaths":5,"recoveries":0},"2020-03-12":{"cases":503,"deaths":5,"recoveries":0},"2020-03-13":{"cases":806,"deaths":10,"recoveries":0},"2020-03-14":{"cases":962,"deaths":12,"recoveries":2},"2020-03-15":{"cases":1138,"deaths":20,"recoveries":2},"2020-03-16":{"cases":1416,"deaths":24,"recoveries":2},"2020-03-17":{"cases":1711,"deaths":43,"recoveries":2},"2020-03-18":{"cases":2058,"deaths":58,"recoveries":2},"2020-03-19":{"cases":2467,"deaths":77,"recoveries":2},"2020-03-20":{"cases":3003,"deaths":107,"recoveries":2},"2020-03-21":{"cases":3640,"deaths":137,"recoveries":2},"2020-03-22":{"cases":4217,"deaths":180,"recoveries":2},"2020-03-23":{"cases":4764,"deaths":214,"recoveries":2},"2020-03-24":{"cases":5580,"deaths":277,"recoveries":3},"2020-03-25":{"cases":6438,"deaths":357,"recoveries":4},"2020-03-26":{"cases":7468,"deaths":435,"recoveries":6},"2020-03-27":{"cases":8647,"deaths":547,"recoveries":6},"2020-03-28":{"cases":9819,"deaths":640,"recoveries":6},"2020-03-29":{"cases":10930,"deaths":772,"recoveries":253},"2020-03-30":{"cases":11817,"deaths":865,"recoveries":253},"2020-03-31":{"cases":12667,"deaths":1040,"recoveries":253},"2020-04-01":{"cases":13696,"deaths":1175,"recoveries":260},"2020-04-02":{"cases":14788,"deaths":1341,"recoveries":260},"2020-04-03":{"cases":15821,"deaths":1490,"recoveries":260},"2020-04-04":{"cases":16727,"deaths":1656,"recoveries":262},"2020-04-05":{"cases":17953,"deaths":1771,"recoveries":257},"2020-04-06":{"cases":18926,"deaths":1874,"recoveries":258},"2020-04-07":{"cases":19709,"deaths":2108,"recoveries":272},"2020-04-08":{"cases":20682,"deaths":2255,"recoveries":272},"2020-04-09":{"cases":21903,"deaths":2403,"recoveries":278},"2020-04-10":{"cases":23249,"deaths":2520,"recoveries":287},"2020-04-11":{"cases":24571,"deaths":2653,"recoveries":291},"2020-04-12":{"cases":25746,"deaths":2747,"recoveries":295},"2020-04-13":{"cases":26710,"deaths":2833,"recoveries":295},"2020-04-14":{"cases":27580,"deaths":2955,"recoveries":297},"2020-04-15":{"cases":28316,"deaths":3145,"recoveries":304},"2020-04-16":{"cases":29383,"deaths":3327,"recoveries":311},"2020-04-17":{"cases":30619,"deaths":3471,"recoveries":315},"2020-04-18":{"cases":31766,"deaths":3613,"recoveries":317},"2020-04-19":{"cases":32838,"deaths":3697,"recoveries":322},"2020-04-20":{"cases":33588,"deaths":3764,"recoveries":322},"2020-04-21":{"cases":34317,"deaths":3929,"recoveries":74},"2020-04-22":{"cases":35032,"deaths":4068,"recoveries":101}}}