{"name":"New South Wales","country":"Australia","type":"region","dates":{"2020-01-22":{"cases":0,"deaths":0,"recoveries":0},"2020-01-23":{"cases":0,"deaths":0,"recoveries":0},"2020-01-24":{"cases":0,"deaths":0,"recoveries":0},"2020-01-25":{"cases":0,"deaths":0,"recoveries":0},"2020-01-26":{"cases":3,"deaths":0,"recoveries":0},"2020-01-27":{"cases":4,"deaths":0,"recoveries":0},"2020-01-28":{"cases":4,"deaths":0,"recoveries":0},"2020-01-29":{"cases":4,"deaths":0,"recoveries":0},"2020-01-30":{"cases":4,"deaths":0,"recoveries":2},"2020-01-31":{"cases":4,"deaths":0,"recoveries":2},"2020-02-01":{"cases":4,"deaths":0,"recoveries":2},"2020-02-02":{"cases":4,"deaths":0,"recoveries":2},"2020-02-03":{"cases":4,"deaths":0,"recoveries":2},"2020-02-04":{"cases":4,"deaths":0,"recoveries":2},"2020-02-05":{"cases":4,"deaths":0,"recoveries":2},"2020-02-06":{"cases":4,"deaths":0,"recoveries":2},"2020-02-07":{"cases":4,"deaths":0,"recoveries":2},"2020-02-08":{"cases":4,"deaths":0,"recoveries":2},"2020-02-09":{"cases":4,"deaths":0,"recoveries":2},"2020-02-10":{"cases":4,"deaths":0,"recoveries":2},"2020-02-11":{"cases":4,"deaths":0,"recoveries":2},"2020-02-12":{"cases":4,"deaths":0,"recoveries":2},"2020-02-13":{"cases":4,"deaths":0,"recoveries":4},"2020-02-14":{"cases":4,"deaths":0,"recoveries":4},"2020-02-15":{"cases":4,"deaths":0,"recoveries":4},"2020-02-16":{"cases":4,"deaths":0,"recoveries":4},"2020-02-17":{"cases":4,"deaths":0,"recoveries":4},"2020-02-18":{"cases":4,"deaths":0,"recoveries":4},"2020-02-19":{"cases":4,"deaths":0,"recoveries":4},"2020-02-20":{"cases":4,"deaths":0,"recoveries":4},"2020-02-21":{"cases":4,"deaths":0,"recoveries":4},"2020-02-22":{"cases":4,"deaths":0,"recoveries":4},"2020-02-23":{"cases":4,"deaths":0,"recoveries":4},"2020-02-24":{"cases":4,"deaths":0,"recoveries":4},"2020-02-25":{"cases":4,"deaths":0,"recoveries":4},"2020-02-26":{"cases":4,"deaths":0,"recoveries":4},"2020-02-27":{"cases":4,"deaths":0,"recoveries":4},"2020-02-28":{"cases":4,"deaths":0,"recoveries":4},"2020-02-29":{"cases":4,"deaths":0,"recoveries":4},"2020-03-01":{"cases":6,"deaths":0,"recoveries":4},"2020-03-02":{"cases":6,"deaths":0,"recoveries":4},"2020-03-03":{"cases":13,"deaths":0,"recoveries":4},"2020-03-04":{"cases":22,"deaths":1,"recoveries":4},"2020-03-05":{"cases":22,"deaths":1,"recoveries":4},"2020-03-06":{"cases":26,"deaths":1,"recoveries":4},"2020-03-07":{"cases":28,"deaths":1,"recoveries":4},"2020-03-08":{"cases":38,"deaths":2,"recoveries":4},"2020-03-09":{"cases":48,"deaths":2,"recoveries":4},"2020-03-10":{"cases":55,"deaths":2,"recoveries":4},"2020-03-11":{"cases":65,"deaths":2,"recoveries":4},"2020-03-12":{"cases":65,"deaths":2,"recoveries":4},"2020-03-13":{"cases":92,"deaths":2,"recoveries":4},"2020-03-14":{"cases":112,"deaths":2,"recoveries":4},"2020-03-15":{"cases":134,"deaths":2,"recoveries":4},"2020-03-16":{"cases":171,"deaths":2,"recoveries":4},"2020-03-17":{"cases":210,"deaths":4,"recoveries":4},"2020-03-18":{"cases":267,"deaths":5,"recoveries":4},"2020-03-19":{"cases":307,"deaths":5,"recoveries":4},"2020-03-20":{"cases":353,"deaths":6,"recoveries":4},"2020-03-21":{"cases":436,"deaths":6,"recoveries":4},"2020-03-22":{"cases":669,"deaths":6,"recoveries":4},"2020-03-23":{"cases":669,"deaths":6,"recoveries":4},"2020-03-24":{"cases":818,"deaths":7,"recoveries":4},"2020-03-25":{"cases":1029,"deaths":7,"recoveries":4},"2020-03-26":{"cases":1219,"deaths":7,"recoveries":4},"2020-03-27":{"cases":1405,"deaths":7,"recoveries":4},"2020-03-28":{"cases":1617,"deaths":8,"recoveries":4},"2020-03-29":{"cases":1791,"deaths":8,"recoveries":4},"2020-03-30":{"cases":2032,"deaths":8,"recoveries":4},"2020-03-31":{"cases":2032,"deaths":8,"recoveries":4},"2020-04-01":{"cases":2182,"deaths":9,"recoveries":4},"2020-04-02":{"cases":2298,"deaths":10,"recoveries":4},"2020-04-03":{"cases":2389,"deaths":12,"recoveries":4},"2020-04-04":{"cases":2493,"deaths":12,"recoveries":4},"2020-04-05":{"cases":2580,"deaths":16,"recoveries":4},"2020-04-06":{"cases":2637,"deaths":18,"recoveries":4},"2020-04-07":{"cases":2686,"deaths":21,"recoveries":4},"2020-04-08":{"cases":2734,"deaths":21,"recoveries":4},"2020-04-09":{"cases":2773,"deaths":21,"recoveries":4},"2020-04-10":{"cases":2822,"deaths":22,"recoveries":4},"2020-04-11":{"cases":2857,"deaths":23,"recoveries":4},"2020-04-12":{"cases":2857,"deaths":24,"recoveries":4},"2020-04-13":{"cases":2863,"deaths":25,"recoveries":4},"2020-04-14":{"cases":2870,"deaths":25,"recoveries":4},"2020-04-15":{"cases":2886,"deaths":25,"recoveries":4},"2020-04-16":{"cases":2897,"deaths":25,"recoveries":4},"2020-04-17":{"cases":2926,"deaths":26,"recoveries":1379},"2020-04-18":{"cases":2926,"deaths":26,"recoveries":1379},"2020-04-19":{"cases":2926,"deaths":26,"recoveries":1379},"2020-04-20":{"cases":2926,"deaths":26,"recoveries":1379},"2020-04-21":{"cases":2926,"deaths":26,"recoveries":1379},"2020-04-22":{"cases":2926,"deaths":26,"recoveries":1379}}}