{"name":"New Zealand","type":"country","dates":{"2020-01-22":{"cases":0,"deaths":0,"recoveries":0},"2020-01-23":{"cases":0,"deaths":0,"recoveries":0},"2020-01-24":{"cases":0,"deaths":0,"recoveries":0},"2020-01-25":{"cases":0,"deaths":0,"recoveries":0},"2020-01-26":{"cases":0,"deaths":0,"recoveries":0},"2020-01-27":{"cases":0,"deaths":0,"recoveries":0},"2020-01-28":{"cases":0,"deaths":0,"recoveries":0},"2020-01-29":{"cases":0,"deaths":0,"recoveries":0},"2020-01-30":{"cases":0,"deaths":0,"recoveries":0},"2020-01-31":{"cases":0,"deaths":0,"recoveries":0},"2020-02-01":{"cases":0,"deaths":0,"recoveries":0},"2020-02-02":{"cases":0,"deaths":0,"recoveries":0},"2020-02-03":{"cases":0,"deaths":0,"recoveries":0},"2020-02-04":{"cases":0,"deaths":0,"recoveries":0},"2020-02-05":{"cases":0,"deaths":0,"recoveries":0},"2020-02-06":{"cases":0,"deaths":0,"recoveries":0},"2020-02-07":{"cases":0,"deaths":0,"recoveries":0},"2020-02-08":{"cases":0,"deaths":0,"recoveries":0},"2020-02-09":{"cases":0,"deaths":0,"recoveries":0},"2020-02-10":{"cases":0,"deaths":0,"recoveries":0},"2020-02-11":{"cases":0,"deaths":0,"recoveries":0},"2020-02-12":{"cases":0,"deaths":0,"recoveries":0},"2020-02-13":{"cases":0,"deaths":0,"recoveries":0},"2020-02-14":{"cases":0,"deaths":0,"recoveries":0},"2020-02-15":{"cases":0,"deaths":0,"recoveries":0},"2020-02-16":{"cases":0,"deaths":0,"recoveries":0},"2020-02-17":{"cases":0,"deaths":0,"recoveries":0},"2020-02-18":{"cases":0,"deaths":0,"recoveries":0},"2020-02-19":{"cases":0,"deaths":0,"recoveries":0},"2020-02-20":{"cases":0,"deaths":0,"recoveries":0},"2020-02-21":{"cases":0,"deaths":0,"recoveries":0},"2020-02-22":{"cases":0,"deaths":0,"recoveries":0},"2020-02-23":{"cases":0,"deaths":0,"recoveries":0},"2020-02-24":{"cases":0,"deaths":0,"recoveries":0},"2020-02-25":{"cases":0,"deaths":0,"recoveries":0},"2020-02-26":{"cases":0,"deaths":0,"recoveries":0},"2020-02-27":{"cases":0,"deaths":0,"recoveries":0},"2020-02-28":{"cases":1,"deaths":0,"recoveries":0},"2020-02-29":{"cases":1,"deaths":0,"recoveries":0},"2020-03-01":{"cases":1,"deaths":0,"recoveries":0},"2020-03-02":{"cases":1,"deaths":0,"recoveries":0},"2020-03-03":{"cases":1,"deaths":0,"recoveries":0},"2020-03-04":{"cases":3,"deaths":0,"recoveries":0},"2020-03-05":{"cases":3,"deaths":0,"recoveries":0},"2020-03-06":{"cases":4,"deaths":0,"recoveries":0},"2020-03-07":{"cases":5,"deaths":0,"recoveries":0},"2020-03-08":{"cases":5,"deaths":0,"recoveries":0},"2020-03-09":{"cases":5,"deaths":0,"recoveries":0},"2020-03-10":{"cases":5,"deaths":0,"recoveries":0},"2020-03-11":{"cases":5,"deaths":0,"recoveries":0},"2020-03-12":{"cases":5,"deaths":0,"recoveries":0},"2020-03-13":{"cases":5,"deaths":0,"recoveries":0},"2020-03-14":{"cases":6,"deaths":0,"recoveries":0},"2020-03-15":{"cases":8,"deaths":0,"recoveries":0},"2020-03-16":{"cases":8,"deaths":0,"recoveries":0},"2020-03-17":{"cases":12,"deaths":0,"recoveries":0},"2020-03-18":{"cases":20,"deaths":0,"recoveries":0},"2020-03-19":{"cases":28,"deaths":0,"recoveries":0},"2020-03-20":{"cases":39,"deaths":0,"recoveries":0},"2020-03-21":{"cases":52,"deaths":0,"recoveries":0},"2020-03-22":{"cases":102,"deaths":0,"recoveries":0},"2020-03-23":{"cases":102,"deaths":0,"recoveries":0},"2020-03-24":{"cases":155,"deaths":0,"recoveries":12},"2020-03-25":{"cases":205,"deaths":0,"recoveries":22},"2020-03-26":{"cases":283,"deaths":0,"recoveries":27},"2020-03-27":{"cases":368,"deaths":0,"recoveries":37},"2020-03-28":{"cases":451,"deaths":0,"recoveries":50},"2020-03-29":{"cases":514,"deaths":1,"recoveries":56},"2020-03-30":{"cases":589,"deaths":1,"recoveries":63},"2020-03-31":{"cases":647,"deaths":1,"recoveries":74},"2020-04-01":{"cases":708,"deaths":1,"recoveries":83},"2020-04-02":{"cases":797,"deaths":1,"recoveries":92},"2020-04-03":{"cases":868,"deaths":1,"recoveries":103},"2020-04-04":{"cases":950,"deaths":1,"recoveries":127},"2020-04-05":{"cases":1039,"deaths":1,"recoveries":156},"2020-04-06":{"cases":1106,"deaths":1,"recoveries":176},"2020-04-07":{"cases":1160,"deaths":1,"recoveries":241},"2020-04-08":{"cases":1210,"deaths":1,"recoveries":282},"2020-04-09":{"cases":1239,"deaths":1,"recoveries":317},"2020-04-10":{"cases":1283,"deaths":2,"recoveries":373},"2020-04-11":{"cases":1312,"deaths":4,"recoveries":422},"2020-04-12":{"cases":1330,"deaths":4,"recoveries":471},"2020-04-13":{"cases":1349,"deaths":5,"recoveries":546},"2020-04-14":{"cases":1366,"deaths":9,"recoveries":628},"2020-04-15":{"cases":1386,"deaths":9,"recoveries":728},"2020-04-16":{"cases":1401,"deaths":9,"recoveries":770},"2020-04-17":{"cases":1409,"deaths":11,"recoveries":816},"2020-04-18":{"cases":1422,"deaths":11,"recoveries":867},"2020-04-19":{"cases":1431,"deaths":12,"recoveries":912},"2020-04-20":{"cases":1440,"deaths":12,"recoveries":974},"2020-04-21":{"cases":1445,"deaths":13,"recoveries":1006},"2020-04-22":{"cases":1451,"deaths":14,"recoveries":1036}}}