{"name":"Newfoundland and Labrador","country":"Canada","type":"region","dates":{"2020-01-22":{"cases":0,"deaths":0},"2020-01-23":{"cases":0,"deaths":0},"2020-01-24":{"cases":0,"deaths":0},"2020-01-25":{"cases":0,"deaths":0},"2020-01-26":{"cases":0,"deaths":0},"2020-01-27":{"cases":0,"deaths":0},"2020-01-28":{"cases":0,"deaths":0},"2020-01-29":{"cases":0,"deaths":0},"2020-01-30":{"cases":0,"deaths":0},"2020-01-31":{"cases":0,"deaths":0},"2020-02-01":{"cases":0,"deaths":0},"2020-02-02":{"cases":0,"deaths":0},"2020-02-03":{"cases":0,"deaths":0},"2020-02-04":{"cases":0,"deaths":0},"2020-02-05":{"cases":0,"deaths":0},"2020-02-06":{"cases":0,"deaths":0},"2020-02-07":{"cases":0,"deaths":0},"2020-02-08":{"cases":0,"deaths":0},"2020-02-09":{"cases":0,"deaths":0},"2020-02-10":{"cases":0,"deaths":0},"2020-02-11":{"cases":0,"deaths":0},"2020-02-12":{"cases":0,"deaths":0},"2020-02-13":{"cases":0,"deaths":0},"2020-02-14":{"cases":0,"deaths":0},"2020-02-15":{"cases":0,"deaths":0},"2020-02-16":{"cases":0,"deaths":0},"2020-02-17":{"cases":0,"deaths":0},"2020-02-18":{"cases":0,"deaths":0},"2020-02-19":{"cases":0,"deaths":0},"2020-02-20":{"cases":0,"deaths":0},"2020-02-21":{"cases":0,"deaths":0},"2020-02-22":{"cases":0,"deaths":0},"2020-02-23":{"cases":0,"deaths":0},"2020-02-24":{"cases":0,"deaths":0},"2020-02-25":{"cases":0,"deaths":0},"2020-02-26":{"cases":0,"deaths":0},"2020-02-27":{"cases":0,"deaths":0},"2020-02-28":{"cases":0,"deaths":0},"2020-02-29":{"cases":0,"deaths":0},"2020-03-01":{"cases":0,"deaths":0},"2020-03-02":{"cases":0,"deaths":0},"2020-03-03":{"cases":0,"deaths":0},"2020-03-04":{"cases":0,"deaths":0},"2020-03-05":{"cases":0,"deaths":0},"2020-03-06":{"cases":0,"deaths":0},"2020-03-07":{"cases":0,"deaths":0},"2020-03-08":{"cases":0,"deaths":0},"2020-03-09":{"cases":0,"deaths":0},"2020-03-10":{"cases":0,"deaths":0},"2020-03-11":{"cases":0,"deaths":0},"2020-03-12":{"cases":0,"deaths":0},"2020-03-13":{"cases":0,"deaths":0},"2020-03-14":{"cases":0,"deaths":0},"2020-03-15":{"cases":1,"deaths":0},"2020-03-16":{"cases":1,"deaths":0},"2020-03-17":{"cases":3,"deaths":0},"2020-03-18":{"cases":3,"deaths":0},"2020-03-19":{"cases":3,"deaths":0},"2020-03-20":{"cases":4,"deaths":0},"2020-03-21":{"cases":6,"deaths":0},"2020-03-22":{"cases":9,"deaths":0},"2020-03-23":{"cases":24,"deaths":0},"2020-03-24":{"cases":35,"deaths":0},"2020-03-25":{"cases":35,"deaths":0},"2020-03-26":{"cases":82,"deaths":0},"2020-03-27":{"cases":102,"deaths":0},"2020-03-28":{"cases":120,"deaths":0},"2020-03-29":{"cases":135,"deaths":0},"2020-03-30":{"cases":148,"deaths":1},"2020-03-31":{"cases":152,"deaths":1},"2020-04-01":{"cases":175,"deaths":1},"2020-04-02":{"cases":183,"deaths":1},"2020-04-03":{"cases":195,"deaths":1},"2020-04-04":{"cases":195,"deaths":1},"2020-04-05":{"cases":217,"deaths":1},"2020-04-06":{"cases":226,"deaths":1},"2020-04-07":{"cases":228,"deaths":1},"2020-04-08":{"cases":228,"deaths":1},"2020-04-09":{"cases":232,"deaths":2},"2020-04-10":{"cases":239,"deaths":3},"2020-04-11":{"cases":241,"deaths":3},"2020-04-12":{"cases":242,"deaths":3},"2020-04-13":{"cases":244,"deaths":3},"2020-04-14":{"cases":244,"deaths":3},"2020-04-15":{"cases":247,"deaths":3},"2020-04-16":{"cases":252,"deaths":3},"2020-04-17":{"cases":256,"deaths":3},"2020-04-18":{"cases":257,"deaths":3},"2020-04-19":{"cases":257,"deaths":3},"2020-04-20":{"cases":257,"deaths":3},"2020-04-21":{"cases":257,"deaths":3},"2020-04-22":{"cases":256,"deaths":3}}}