{"name":"Niger","type":"country","dates":{"2020-01-22":{"cases":0,"deaths":0,"recoveries":0},"2020-01-23":{"cases":0,"deaths":0,"recoveries":0},"2020-01-24":{"cases":0,"deaths":0,"recoveries":0},"2020-01-25":{"cases":0,"deaths":0,"recoveries":0},"2020-01-26":{"cases":0,"deaths":0,"recoveries":0},"2020-01-27":{"cases":0,"deaths":0,"recoveries":0},"2020-01-28":{"cases":0,"deaths":0,"recoveries":0},"2020-01-29":{"cases":0,"deaths":0,"recoveries":0},"2020-01-30":{"cases":0,"deaths":0,"recoveries":0},"2020-01-31":{"cases":0,"deaths":0,"recoveries":0},"2020-02-01":{"cases":0,"deaths":0,"recoveries":0},"2020-02-02":{"cases":0,"deaths":0,"recoveries":0},"2020-02-03":{"cases":0,"deaths":0,"recoveries":0},"2020-02-04":{"cases":0,"deaths":0,"recoveries":0},"2020-02-05":{"cases":0,"deaths":0,"recoveries":0},"2020-02-06":{"cases":0,"deaths":0,"recoveries":0},"2020-02-07":{"cases":0,"deaths":0,"recoveries":0},"2020-02-08":{"cases":0,"deaths":0,"recoveries":0},"2020-02-09":{"cases":0,"deaths":0,"recoveries":0},"2020-02-10":{"cases":0,"deaths":0,"recoveries":0},"2020-02-11":{"cases":0,"deaths":0,"recoveries":0},"2020-02-12":{"cases":0,"deaths":0,"recoveries":0},"2020-02-13":{"cases":0,"deaths":0,"recoveries":0},"2020-02-14":{"cases":0,"deaths":0,"recoveries":0},"2020-02-15":{"cases":0,"deaths":0,"recoveries":0},"2020-02-16":{"cases":0,"deaths":0,"recoveries":0},"2020-02-17":{"cases":0,"deaths":0,"recoveries":0},"2020-02-18":{"cases":0,"deaths":0,"recoveries":0},"2020-02-19":{"cases":0,"deaths":0,"recoveries":0},"2020-02-20":{"cases":0,"deaths":0,"recoveries":0},"2020-02-21":{"cases":0,"deaths":0,"recoveries":0},"2020-02-22":{"cases":0,"deaths":0,"recoveries":0},"2020-02-23":{"cases":0,"deaths":0,"recoveries":0},"2020-02-24":{"cases":0,"deaths":0,"recoveries":0},"2020-02-25":{"cases":0,"deaths":0,"recoveries":0},"2020-02-26":{"cases":0,"deaths":0,"recoveries":0},"2020-02-27":{"cases":0,"deaths":0,"recoveries":0},"2020-02-28":{"cases":0,"deaths":0,"recoveries":0},"2020-02-29":{"cases":0,"deaths":0,"recoveries":0},"2020-03-01":{"cases":0,"deaths":0,"recoveries":0},"2020-03-02":{"cases":0,"deaths":0,"recoveries":0},"2020-03-03":{"cases":0,"deaths":0,"recoveries":0},"2020-03-04":{"cases":0,"deaths":0,"recoveries":0},"2020-03-05":{"cases":0,"deaths":0,"recoveries":0},"2020-03-06":{"cases":0,"deaths":0,"recoveries":0},"2020-03-07":{"cases":0,"deaths":0,"recoveries":0},"2020-03-08":{"cases":0,"deaths":0,"recoveries":0},"2020-03-09":{"cases":0,"deaths":0,"recoveries":0},"2020-03-10":{"cases":0,"deaths":0,"recoveries":0},"2020-03-11":{"cases":0,"deaths":0,"recoveries":0},"2020-03-12":{"cases":0,"deaths":0,"recoveries":0},"2020-03-13":{"cases":0,"deaths":0,"recoveries":0},"2020-03-14":{"cases":0,"deaths":0,"recoveries":0},"2020-03-15":{"cases":0,"deaths":0,"recoveries":0},"2020-03-16":{"cases":0,"deaths":0,"recoveries":0},"2020-03-17":{"cases":0,"deaths":0,"recoveries":0},"2020-03-18":{"cases":0,"deaths":0,"recoveries":0},"2020-03-19":{"cases":0,"deaths":0,"recoveries":0},"2020-03-20":{"cases":1,"deaths":0,"recoveries":0},"2020-03-21":{"cases":1,"deaths":0,"recoveries":0},"2020-03-22":{"cases":2,"deaths":0,"recoveries":0},"2020-03-23":{"cases":3,"deaths":0,"recoveries":0},"2020-03-24":{"cases":3,"deaths":0,"recoveries":0},"2020-03-25":{"cases":7,"deaths":1,"recoveries":0},"2020-03-26":{"cases":10,"deaths":1,"recoveries":0},"2020-03-27":{"cases":10,"deaths":1,"recoveries":0},"2020-03-28":{"cases":10,"deaths":1,"recoveries":0},"2020-03-29":{"cases":18,"deaths":1,"recoveries":0},"2020-03-30":{"cases":27,"deaths":3,"recoveries":0},"2020-03-31":{"cases":27,"deaths":3,"recoveries":0},"2020-04-01":{"cases":74,"deaths":5,"recoveries":0},"2020-04-02":{"cases":98,"deaths":5,"recoveries":0},"2020-04-03":{"cases":120,"deaths":5,"recoveries":0},"2020-04-04":{"cases":144,"deaths":8,"recoveries":0},"2020-04-05":{"cases":184,"deaths":10,"recoveries":13},"2020-04-06":{"cases":253,"deaths":10,"recoveries":26},"2020-04-07":{"cases":278,"deaths":11,"recoveries":26},"2020-04-08":{"cases":342,"deaths":11,"recoveries":28},"2020-04-09":{"cases":410,"deaths":11,"recoveries":40},"2020-04-10":{"cases":438,"deaths":11,"recoveries":41},"2020-04-11":{"cases":491,"deaths":11,"recoveries":41},"2020-04-12":{"cases":529,"deaths":12,"recoveries":75},"2020-04-13":{"cases":529,"deaths":12,"recoveries":75},"2020-04-14":{"cases":570,"deaths":14,"recoveries":90},"2020-04-15":{"cases":584,"deaths":14,"recoveries":90},"2020-04-16":{"cases":584,"deaths":14,"recoveries":90},"2020-04-17":{"cases":627,"deaths":18,"recoveries":110},"2020-04-18":{"cases":639,"deaths":19,"recoveries":113},"2020-04-19":{"cases":648,"deaths":20,"recoveries":117},"2020-04-20":{"cases":648,"deaths":20,"recoveries":117},"2020-04-21":{"cases":657,"deaths":20,"recoveries":127},"2020-04-22":{"cases":662,"deaths":22,"recoveries":193}}}