{"name":"Nigeria","type":"country","dates":{"2020-01-22":{"cases":0,"deaths":0,"recoveries":0},"2020-01-23":{"cases":0,"deaths":0,"recoveries":0},"2020-01-24":{"cases":0,"deaths":0,"recoveries":0},"2020-01-25":{"cases":0,"deaths":0,"recoveries":0},"2020-01-26":{"cases":0,"deaths":0,"recoveries":0},"2020-01-27":{"cases":0,"deaths":0,"recoveries":0},"2020-01-28":{"cases":0,"deaths":0,"recoveries":0},"2020-01-29":{"cases":0,"deaths":0,"recoveries":0},"2020-01-30":{"cases":0,"deaths":0,"recoveries":0},"2020-01-31":{"cases":0,"deaths":0,"recoveries":0},"2020-02-01":{"cases":0,"deaths":0,"recoveries":0},"2020-02-02":{"cases":0,"deaths":0,"recoveries":0},"2020-02-03":{"cases":0,"deaths":0,"recoveries":0},"2020-02-04":{"cases":0,"deaths":0,"recoveries":0},"2020-02-05":{"cases":0,"deaths":0,"recoveries":0},"2020-02-06":{"cases":0,"deaths":0,"recoveries":0},"2020-02-07":{"cases":0,"deaths":0,"recoveries":0},"2020-02-08":{"cases":0,"deaths":0,"recoveries":0},"2020-02-09":{"cases":0,"deaths":0,"recoveries":0},"2020-02-10":{"cases":0,"deaths":0,"recoveries":0},"2020-02-11":{"cases":0,"deaths":0,"recoveries":0},"2020-02-12":{"cases":0,"deaths":0,"recoveries":0},"2020-02-13":{"cases":0,"deaths":0,"recoveries":0},"2020-02-14":{"cases":0,"deaths":0,"recoveries":0},"2020-02-15":{"cases":0,"deaths":0,"recoveries":0},"2020-02-16":{"cases":0,"deaths":0,"recoveries":0},"2020-02-17":{"cases":0,"deaths":0,"recoveries":0},"2020-02-18":{"cases":0,"deaths":0,"recoveries":0},"2020-02-19":{"cases":0,"deaths":0,"recoveries":0},"2020-02-20":{"cases":0,"deaths":0,"recoveries":0},"2020-02-21":{"cases":0,"deaths":0,"recoveries":0},"2020-02-22":{"cases":0,"deaths":0,"recoveries":0},"2020-02-23":{"cases":0,"deaths":0,"recoveries":0},"2020-02-24":{"cases":0,"deaths":0,"recoveries":0},"2020-02-25":{"cases":0,"deaths":0,"recoveries":0},"2020-02-26":{"cases":0,"deaths":0,"recoveries":0},"2020-02-27":{"cases":0,"deaths":0,"recoveries":0},"2020-02-28":{"cases":1,"deaths":0,"recoveries":0},"2020-02-29":{"cases":1,"deaths":0,"recoveries":0},"2020-03-01":{"cases":1,"deaths":0,"recoveries":0},"2020-03-02":{"cases":1,"deaths":0,"recoveries":0},"2020-03-03":{"cases":1,"deaths":0,"recoveries":0},"2020-03-04":{"cases":1,"deaths":0,"recoveries":0},"2020-03-05":{"cases":1,"deaths":0,"recoveries":0},"2020-03-06":{"cases":1,"deaths":0,"recoveries":0},"2020-03-07":{"cases":1,"deaths":0,"recoveries":0},"2020-03-08":{"cases":1,"deaths":0,"recoveries":0},"2020-03-09":{"cases":2,"deaths":0,"recoveries":0},"2020-03-10":{"cases":2,"deaths":0,"recoveries":0},"2020-03-11":{"cases":2,"deaths":0,"recoveries":0},"2020-03-12":{"cases":2,"deaths":0,"recoveries":0},"2020-03-13":{"cases":2,"deaths":0,"recoveries":0},"2020-03-14":{"cases":2,"deaths":0,"recoveries":0},"2020-03-15":{"cases":2,"deaths":0,"recoveries":0},"2020-03-16":{"cases":2,"deaths":0,"recoveries":0},"2020-03-17":{"cases":3,"deaths":0,"recoveries":0},"2020-03-18":{"cases":8,"deaths":0,"recoveries":1},"2020-03-19":{"cases":8,"deaths":0,"recoveries":1},"2020-03-20":{"cases":12,"deaths":0,"recoveries":1},"2020-03-21":{"cases":22,"deaths":0,"recoveries":1},"2020-03-22":{"cases":30,"deaths":0,"recoveries":2},"2020-03-23":{"cases":40,"deaths":1,"recoveries":2},"2020-03-24":{"cases":44,"deaths":1,"recoveries":2},"2020-03-25":{"cases":51,"deaths":1,"recoveries":2},"2020-03-26":{"cases":65,"deaths":1,"recoveries":2},"2020-03-27":{"cases":70,"deaths":1,"recoveries":3},"2020-03-28":{"cases":89,"deaths":1,"recoveries":3},"2020-03-29":{"cases":111,"deaths":1,"recoveries":3},"2020-03-30":{"cases":131,"deaths":2,"recoveries":8},"2020-03-31":{"cases":135,"deaths":2,"recoveries":8},"2020-04-01":{"cases":174,"deaths":2,"recoveries":9},"2020-04-02":{"cases":184,"deaths":2,"recoveries":20},"2020-04-03":{"cases":210,"deaths":4,"recoveries":25},"2020-04-04":{"cases":214,"deaths":4,"recoveries":25},"2020-04-05":{"cases":232,"deaths":5,"recoveries":33},"2020-04-06":{"cases":238,"deaths":5,"recoveries":35},"2020-04-07":{"cases":254,"deaths":6,"recoveries":44},"2020-04-08":{"cases":276,"deaths":6,"recoveries":44},"2020-04-09":{"cases":288,"deaths":7,"recoveries":51},"2020-04-10":{"cases":305,"deaths":7,"recoveries":58},"2020-04-11":{"cases":318,"deaths":10,"recoveries":70},"2020-04-12":{"cases":323,"deaths":10,"recoveries":85},"2020-04-13":{"cases":343,"deaths":10,"recoveries":91},"2020-04-14":{"cases":373,"deaths":11,"recoveries":99},"2020-04-15":{"cases":407,"deaths":12,"recoveries":128},"2020-04-16":{"cases":442,"deaths":13,"recoveries":152},"2020-04-17":{"cases":493,"deaths":17,"recoveries":159},"2020-04-18":{"cases":542,"deaths":19,"recoveries":166},"2020-04-19":{"cases":627,"deaths":21,"recoveries":170},"2020-04-20":{"cases":665,"deaths":22,"recoveries":188},"2020-04-21":{"cases":665,"deaths":22,"recoveries":188},"2020-04-22":{"cases":873,"deaths":28,"recoveries":197}}}