{"name":"Ningxia","country":"China","type":"region","dates":{"2020-01-22":{"cases":1,"deaths":0,"recoveries":0},"2020-01-23":{"cases":1,"deaths":0,"recoveries":0},"2020-01-24":{"cases":2,"deaths":0,"recoveries":0},"2020-01-25":{"cases":3,"deaths":0,"recoveries":0},"2020-01-26":{"cases":4,"deaths":0,"recoveries":0},"2020-01-27":{"cases":7,"deaths":0,"recoveries":0},"2020-01-28":{"cases":11,"deaths":0,"recoveries":0},"2020-01-29":{"cases":12,"deaths":0,"recoveries":0},"2020-01-30":{"cases":17,"deaths":0,"recoveries":0},"2020-01-31":{"cases":21,"deaths":0,"recoveries":0},"2020-02-01":{"cases":26,"deaths":0,"recoveries":0},"2020-02-02":{"cases":28,"deaths":0,"recoveries":0},"2020-02-03":{"cases":31,"deaths":0,"recoveries":1},"2020-02-04":{"cases":34,"deaths":0,"recoveries":1},"2020-02-05":{"cases":34,"deaths":0,"recoveries":1},"2020-02-06":{"cases":40,"deaths":0,"recoveries":1},"2020-02-07":{"cases":43,"deaths":0,"recoveries":5},"2020-02-08":{"cases":45,"deaths":0,"recoveries":15},"2020-02-09":{"cases":45,"deaths":0,"recoveries":13},"2020-02-10":{"cases":49,"deaths":0,"recoveries":13},"2020-02-11":{"cases":53,"deaths":0,"recoveries":22},"2020-02-12":{"cases":58,"deaths":0,"recoveries":24},"2020-02-13":{"cases":64,"deaths":0,"recoveries":24},"2020-02-14":{"cases":67,"deaths":0,"recoveries":24},"2020-02-15":{"cases":70,"deaths":0,"recoveries":33},"2020-02-16":{"cases":70,"deaths":0,"recoveries":33},"2020-02-17":{"cases":70,"deaths":0,"recoveries":35},"2020-02-18":{"cases":70,"deaths":0,"recoveries":42},"2020-02-19":{"cases":71,"deaths":0,"recoveries":42},"2020-02-20":{"cases":71,"deaths":0,"recoveries":44},"2020-02-21":{"cases":71,"deaths":0,"recoveries":48},"2020-02-22":{"cases":71,"deaths":0,"recoveries":48},"2020-02-23":{"cases":71,"deaths":0,"recoveries":56},"2020-02-24":{"cases":71,"deaths":0,"recoveries":58},"2020-02-25":{"cases":71,"deaths":0,"recoveries":61},"2020-02-26":{"cases":71,"deaths":0,"recoveries":65},"2020-02-27":{"cases":72,"deaths":0,"recoveries":68},"2020-02-28":{"cases":72,"deaths":0,"recoveries":68},"2020-02-29":{"cases":73,"deaths":0,"recoveries":69},"2020-03-01":{"cases":73,"deaths":0,"recoveries":69},"2020-03-02":{"cases":74,"deaths":0,"recoveries":69},"2020-03-03":{"cases":74,"deaths":0,"recoveries":69},"2020-03-04":{"cases":75,"deaths":0,"recoveries":69},"2020-03-05":{"cases":75,"deaths":0,"recoveries":69},"2020-03-06":{"cases":75,"deaths":0,"recoveries":71},"2020-03-07":{"cases":75,"deaths":0,"recoveries":71},"2020-03-08":{"cases":75,"deaths":0,"recoveries":71},"2020-03-09":{"cases":75,"deaths":0,"recoveries":71},"2020-03-10":{"cases":75,"deaths":0,"recoveries":71},"2020-03-11":{"cases":75,"deaths":0,"recoveries":72},"2020-03-12":{"cases":75,"deaths":0,"recoveries":72},"2020-03-13":{"cases":75,"deaths":0,"recoveries":72},"2020-03-14":{"cases":75,"deaths":0,"recoveries":73},"2020-03-15":{"cases":75,"deaths":0,"recoveries":73},"2020-03-16":{"cases":75,"deaths":0,"recoveries":75},"2020-03-17":{"cases":75,"deaths":0,"recoveries":75},"2020-03-18":{"cases":75,"deaths":0,"recoveries":75},"2020-03-19":{"cases":75,"deaths":0,"recoveries":75},"2020-03-20":{"cases":75,"deaths":0,"recoveries":75},"2020-03-21":{"cases":75,"deaths":0,"recoveries":75},"2020-03-22":{"cases":75,"deaths":0,"recoveries":75},"2020-03-23":{"cases":75,"deaths":0,"recoveries":75},"2020-03-24":{"cases":75,"deaths":0,"recoveries":75},"2020-03-25":{"cases":75,"deaths":0,"recoveries":75},"2020-03-26":{"cases":75,"deaths":0,"recoveries":75},"2020-03-27":{"cases":75,"deaths":0,"recoveries":75},"2020-03-28":{"cases":75,"deaths":0,"recoveries":75},"2020-03-29":{"cases":75,"deaths":0,"recoveries":75},"2020-03-30":{"cases":75,"deaths":0,"recoveries":75},"2020-03-31":{"cases":75,"deaths":0,"recoveries":75},"2020-04-01":{"cases":75,"deaths":0,"recoveries":75},"2020-04-02":{"cases":75,"deaths":0,"recoveries":75},"2020-04-03":{"cases":75,"deaths":0,"recoveries":75},"2020-04-04":{"cases":75,"deaths":0,"recoveries":75},"2020-04-05":{"cases":75,"deaths":0,"recoveries":75},"2020-04-06":{"cases":75,"deaths":0,"recoveries":75},"2020-04-07":{"cases":75,"deaths":0,"recoveries":75},"2020-04-08":{"cases":75,"deaths":0,"recoveries":75},"2020-04-09":{"cases":75,"deaths":0,"recoveries":75},"2020-04-10":{"cases":75,"deaths":0,"recoveries":75},"2020-04-11":{"cases":75,"deaths":0,"recoveries":75},"2020-04-12":{"cases":75,"deaths":0,"recoveries":75},"2020-04-13":{"cases":75,"deaths":0,"recoveries":75},"2020-04-14":{"cases":75,"deaths":0,"recoveries":75},"2020-04-15":{"cases":75,"deaths":0,"recoveries":75},"2020-04-16":{"cases":75,"deaths":0,"recoveries":75},"2020-04-17":{"cases":75,"deaths":0,"recoveries":75},"2020-04-18":{"cases":75,"deaths":0,"recoveries":75},"2020-04-19":{"cases":75,"deaths":0,"recoveries":75},"2020-04-20":{"cases":75,"deaths":0,"recoveries":75},"2020-04-21":{"cases":75,"deaths":0,"recoveries":75},"2020-04-22":{"cases":75,"deaths":0,"recoveries":75}}}