{"name":"North Macedonia","type":"country","dates":{"2020-01-22":{"cases":0,"deaths":0,"recoveries":0},"2020-01-23":{"cases":0,"deaths":0,"recoveries":0},"2020-01-24":{"cases":0,"deaths":0,"recoveries":0},"2020-01-25":{"cases":0,"deaths":0,"recoveries":0},"2020-01-26":{"cases":0,"deaths":0,"recoveries":0},"2020-01-27":{"cases":0,"deaths":0,"recoveries":0},"2020-01-28":{"cases":0,"deaths":0,"recoveries":0},"2020-01-29":{"cases":0,"deaths":0,"recoveries":0},"2020-01-30":{"cases":0,"deaths":0,"recoveries":0},"2020-01-31":{"cases":0,"deaths":0,"recoveries":0},"2020-02-01":{"cases":0,"deaths":0,"recoveries":0},"2020-02-02":{"cases":0,"deaths":0,"recoveries":0},"2020-02-03":{"cases":0,"deaths":0,"recoveries":0},"2020-02-04":{"cases":0,"deaths":0,"recoveries":0},"2020-02-05":{"cases":0,"deaths":0,"recoveries":0},"2020-02-06":{"cases":0,"deaths":0,"recoveries":0},"2020-02-07":{"cases":0,"deaths":0,"recoveries":0},"2020-02-08":{"cases":0,"deaths":0,"recoveries":0},"2020-02-09":{"cases":0,"deaths":0,"recoveries":0},"2020-02-10":{"cases":0,"deaths":0,"recoveries":0},"2020-02-11":{"cases":0,"deaths":0,"recoveries":0},"2020-02-12":{"cases":0,"deaths":0,"recoveries":0},"2020-02-13":{"cases":0,"deaths":0,"recoveries":0},"2020-02-14":{"cases":0,"deaths":0,"recoveries":0},"2020-02-15":{"cases":0,"deaths":0,"recoveries":0},"2020-02-16":{"cases":0,"deaths":0,"recoveries":0},"2020-02-17":{"cases":0,"deaths":0,"recoveries":0},"2020-02-18":{"cases":0,"deaths":0,"recoveries":0},"2020-02-19":{"cases":0,"deaths":0,"recoveries":0},"2020-02-20":{"cases":0,"deaths":0,"recoveries":0},"2020-02-21":{"cases":0,"deaths":0,"recoveries":0},"2020-02-22":{"cases":0,"deaths":0,"recoveries":0},"2020-02-23":{"cases":0,"deaths":0,"recoveries":0},"2020-02-24":{"cases":0,"deaths":0,"recoveries":0},"2020-02-25":{"cases":0,"deaths":0,"recoveries":0},"2020-02-26":{"cases":1,"deaths":0,"recoveries":0},"2020-02-27":{"cases":1,"deaths":0,"recoveries":0},"2020-02-28":{"cases":1,"deaths":0,"recoveries":0},"2020-02-29":{"cases":1,"deaths":0,"recoveries":0},"2020-03-01":{"cases":1,"deaths":0,"recoveries":0},"2020-03-02":{"cases":1,"deaths":0,"recoveries":0},"2020-03-03":{"cases":1,"deaths":0,"recoveries":0},"2020-03-04":{"cases":1,"deaths":0,"recoveries":0},"2020-03-05":{"cases":1,"deaths":0,"recoveries":0},"2020-03-06":{"cases":3,"deaths":0,"recoveries":0},"2020-03-07":{"cases":3,"deaths":0,"recoveries":0},"2020-03-08":{"cases":3,"deaths":0,"recoveries":0},"2020-03-09":{"cases":3,"deaths":0,"recoveries":0},"2020-03-10":{"cases":7,"deaths":0,"recoveries":0},"2020-03-11":{"cases":7,"deaths":0,"recoveries":0},"2020-03-12":{"cases":7,"deaths":0,"recoveries":0},"2020-03-13":{"cases":14,"deaths":0,"recoveries":1},"2020-03-14":{"cases":14,"deaths":0,"recoveries":1},"2020-03-15":{"cases":14,"deaths":0,"recoveries":1},"2020-03-16":{"cases":18,"deaths":0,"recoveries":1},"2020-03-17":{"cases":26,"deaths":0,"recoveries":1},"2020-03-18":{"cases":35,"deaths":0,"recoveries":1},"2020-03-19":{"cases":48,"deaths":0,"recoveries":1},"2020-03-20":{"cases":67,"deaths":0,"recoveries":1},"2020-03-21":{"cases":85,"deaths":0,"recoveries":1},"2020-03-22":{"cases":115,"deaths":1,"recoveries":1},"2020-03-23":{"cases":136,"deaths":2,"recoveries":1},"2020-03-24":{"cases":148,"deaths":2,"recoveries":1},"2020-03-25":{"cases":177,"deaths":3,"recoveries":1},"2020-03-26":{"cases":201,"deaths":3,"recoveries":3},"2020-03-27":{"cases":219,"deaths":3,"recoveries":3},"2020-03-28":{"cases":241,"deaths":4,"recoveries":3},"2020-03-29":{"cases":259,"deaths":6,"recoveries":3},"2020-03-30":{"cases":285,"deaths":7,"recoveries":12},"2020-03-31":{"cases":329,"deaths":9,"recoveries":12},"2020-04-01":{"cases":354,"deaths":11,"recoveries":17},"2020-04-02":{"cases":384,"deaths":11,"recoveries":17},"2020-04-03":{"cases":430,"deaths":12,"recoveries":20},"2020-04-04":{"cases":483,"deaths":17,"recoveries":20},"2020-04-05":{"cases":555,"deaths":18,"recoveries":23},"2020-04-06":{"cases":570,"deaths":23,"recoveries":30},"2020-04-07":{"cases":599,"deaths":26,"recoveries":30},"2020-04-08":{"cases":617,"deaths":29,"recoveries":35},"2020-04-09":{"cases":663,"deaths":30,"recoveries":37},"2020-04-10":{"cases":711,"deaths":32,"recoveries":41},"2020-04-11":{"cases":760,"deaths":34,"recoveries":41},"2020-04-12":{"cases":828,"deaths":34,"recoveries":41},"2020-04-13":{"cases":854,"deaths":38,"recoveries":44},"2020-04-14":{"cases":908,"deaths":44,"recoveries":86},"2020-04-15":{"cases":974,"deaths":45,"recoveries":98},"2020-04-16":{"cases":1081,"deaths":46,"recoveries":121},"2020-04-17":{"cases":1117,"deaths":49,"recoveries":139},"2020-04-18":{"cases":1170,"deaths":49,"recoveries":164},"2020-04-19":{"cases":1207,"deaths":51,"recoveries":179},"2020-04-20":{"cases":1225,"deaths":54,"recoveries":200},"2020-04-21":{"cases":1231,"deaths":55,"recoveries":224},"2020-04-22":{"cases":1259,"deaths":56,"recoveries":272}}}