{"name":"Norway","type":"country","dates":{"2020-01-22":{"cases":0,"deaths":0,"recoveries":0},"2020-01-23":{"cases":0,"deaths":0,"recoveries":0},"2020-01-24":{"cases":0,"deaths":0,"recoveries":0},"2020-01-25":{"cases":0,"deaths":0,"recoveries":0},"2020-01-26":{"cases":0,"deaths":0,"recoveries":0},"2020-01-27":{"cases":0,"deaths":0,"recoveries":0},"2020-01-28":{"cases":0,"deaths":0,"recoveries":0},"2020-01-29":{"cases":0,"deaths":0,"recoveries":0},"2020-01-30":{"cases":0,"deaths":0,"recoveries":0},"2020-01-31":{"cases":0,"deaths":0,"recoveries":0},"2020-02-01":{"cases":0,"deaths":0,"recoveries":0},"2020-02-02":{"cases":0,"deaths":0,"recoveries":0},"2020-02-03":{"cases":0,"deaths":0,"recoveries":0},"2020-02-04":{"cases":0,"deaths":0,"recoveries":0},"2020-02-05":{"cases":0,"deaths":0,"recoveries":0},"2020-02-06":{"cases":0,"deaths":0,"recoveries":0},"2020-02-07":{"cases":0,"deaths":0,"recoveries":0},"2020-02-08":{"cases":0,"deaths":0,"recoveries":0},"2020-02-09":{"cases":0,"deaths":0,"recoveries":0},"2020-02-10":{"cases":0,"deaths":0,"recoveries":0},"2020-02-11":{"cases":0,"deaths":0,"recoveries":0},"2020-02-12":{"cases":0,"deaths":0,"recoveries":0},"2020-02-13":{"cases":0,"deaths":0,"recoveries":0},"2020-02-14":{"cases":0,"deaths":0,"recoveries":0},"2020-02-15":{"cases":0,"deaths":0,"recoveries":0},"2020-02-16":{"cases":0,"deaths":0,"recoveries":0},"2020-02-17":{"cases":0,"deaths":0,"recoveries":0},"2020-02-18":{"cases":0,"deaths":0,"recoveries":0},"2020-02-19":{"cases":0,"deaths":0,"recoveries":0},"2020-02-20":{"cases":0,"deaths":0,"recoveries":0},"2020-02-21":{"cases":0,"deaths":0,"recoveries":0},"2020-02-22":{"cases":0,"deaths":0,"recoveries":0},"2020-02-23":{"cases":0,"deaths":0,"recoveries":0},"2020-02-24":{"cases":0,"deaths":0,"recoveries":0},"2020-02-25":{"cases":0,"deaths":0,"recoveries":0},"2020-02-26":{"cases":1,"deaths":0,"recoveries":0},"2020-02-27":{"cases":1,"deaths":0,"recoveries":0},"2020-02-28":{"cases":6,"deaths":0,"recoveries":0},"2020-02-29":{"cases":15,"deaths":0,"recoveries":0},"2020-03-01":{"cases":19,"deaths":0,"recoveries":0},"2020-03-02":{"cases":25,"deaths":0,"recoveries":0},"2020-03-03":{"cases":32,"deaths":0,"recoveries":0},"2020-03-04":{"cases":56,"deaths":0,"recoveries":0},"2020-03-05":{"cases":87,"deaths":0,"recoveries":0},"2020-03-06":{"cases":108,"deaths":0,"recoveries":0},"2020-03-07":{"cases":147,"deaths":0,"recoveries":0},"2020-03-08":{"cases":176,"deaths":0,"recoveries":0},"2020-03-09":{"cases":205,"deaths":0,"recoveries":1},"2020-03-10":{"cases":400,"deaths":0,"recoveries":1},"2020-03-11":{"cases":598,"deaths":0,"recoveries":1},"2020-03-12":{"cases":702,"deaths":0,"recoveries":1},"2020-03-13":{"cases":996,"deaths":0,"recoveries":1},"2020-03-14":{"cases":1090,"deaths":3,"recoveries":1},"2020-03-15":{"cases":1221,"deaths":3,"recoveries":1},"2020-03-16":{"cases":1333,"deaths":3,"recoveries":1},"2020-03-17":{"cases":1463,"deaths":3,"recoveries":1},"2020-03-18":{"cases":1550,"deaths":6,"recoveries":1},"2020-03-19":{"cases":1746,"deaths":7,"recoveries":1},"2020-03-20":{"cases":1914,"deaths":7,"recoveries":1},"2020-03-21":{"cases":2118,"deaths":7,"recoveries":1},"2020-03-22":{"cases":2385,"deaths":7,"recoveries":1},"2020-03-23":{"cases":2621,"deaths":10,"recoveries":1},"2020-03-24":{"cases":2863,"deaths":12,"recoveries":6},"2020-03-25":{"cases":3084,"deaths":14,"recoveries":6},"2020-03-26":{"cases":3369,"deaths":14,"recoveries":6},"2020-03-27":{"cases":3755,"deaths":19,"recoveries":6},"2020-03-28":{"cases":4015,"deaths":23,"recoveries":7},"2020-03-29":{"cases":4284,"deaths":25,"recoveries":7},"2020-03-30":{"cases":4445,"deaths":32,"recoveries":12},"2020-03-31":{"cases":4641,"deaths":39,"recoveries":13},"2020-04-01":{"cases":4863,"deaths":44,"recoveries":13},"2020-04-02":{"cases":5147,"deaths":50,"recoveries":32},"2020-04-03":{"cases":5370,"deaths":59,"recoveries":32},"2020-04-04":{"cases":5550,"deaths":62,"recoveries":32},"2020-04-05":{"cases":5687,"deaths":71,"recoveries":32},"2020-04-06":{"cases":5865,"deaths":76,"recoveries":32},"2020-04-07":{"cases":6086,"deaths":89,"recoveries":32},"2020-04-08":{"cases":6086,"deaths":101,"recoveries":32},"2020-04-09":{"cases":6211,"deaths":108,"recoveries":32},"2020-04-10":{"cases":6314,"deaths":113,"recoveries":32},"2020-04-11":{"cases":6409,"deaths":119,"recoveries":32},"2020-04-12":{"cases":6525,"deaths":128,"recoveries":32},"2020-04-13":{"cases":6603,"deaths":134,"recoveries":32},"2020-04-14":{"cases":6623,"deaths":139,"recoveries":32},"2020-04-15":{"cases":6740,"deaths":150,"recoveries":32},"2020-04-16":{"cases":6896,"deaths":152,"recoveries":32},"2020-04-17":{"cases":6937,"deaths":161,"recoveries":32},"2020-04-18":{"cases":7036,"deaths":164,"recoveries":32},"2020-04-19":{"cases":7078,"deaths":165,"recoveries":32},"2020-04-20":{"cases":7156,"deaths":181,"recoveries":32},"2020-04-21":{"cases":7191,"deaths":182,"recoveries":32},"2020-04-22":{"cases":7338,"deaths":187,"recoveries":32}}}