{"name":"Oman","type":"country","dates":{"2020-01-22":{"cases":0,"deaths":0,"recoveries":0},"2020-01-23":{"cases":0,"deaths":0,"recoveries":0},"2020-01-24":{"cases":0,"deaths":0,"recoveries":0},"2020-01-25":{"cases":0,"deaths":0,"recoveries":0},"2020-01-26":{"cases":0,"deaths":0,"recoveries":0},"2020-01-27":{"cases":0,"deaths":0,"recoveries":0},"2020-01-28":{"cases":0,"deaths":0,"recoveries":0},"2020-01-29":{"cases":0,"deaths":0,"recoveries":0},"2020-01-30":{"cases":0,"deaths":0,"recoveries":0},"2020-01-31":{"cases":0,"deaths":0,"recoveries":0},"2020-02-01":{"cases":0,"deaths":0,"recoveries":0},"2020-02-02":{"cases":0,"deaths":0,"recoveries":0},"2020-02-03":{"cases":0,"deaths":0,"recoveries":0},"2020-02-04":{"cases":0,"deaths":0,"recoveries":0},"2020-02-05":{"cases":0,"deaths":0,"recoveries":0},"2020-02-06":{"cases":0,"deaths":0,"recoveries":0},"2020-02-07":{"cases":0,"deaths":0,"recoveries":0},"2020-02-08":{"cases":0,"deaths":0,"recoveries":0},"2020-02-09":{"cases":0,"deaths":0,"recoveries":0},"2020-02-10":{"cases":0,"deaths":0,"recoveries":0},"2020-02-11":{"cases":0,"deaths":0,"recoveries":0},"2020-02-12":{"cases":0,"deaths":0,"recoveries":0},"2020-02-13":{"cases":0,"deaths":0,"recoveries":0},"2020-02-14":{"cases":0,"deaths":0,"recoveries":0},"2020-02-15":{"cases":0,"deaths":0,"recoveries":0},"2020-02-16":{"cases":0,"deaths":0,"recoveries":0},"2020-02-17":{"cases":0,"deaths":0,"recoveries":0},"2020-02-18":{"cases":0,"deaths":0,"recoveries":0},"2020-02-19":{"cases":0,"deaths":0,"recoveries":0},"2020-02-20":{"cases":0,"deaths":0,"recoveries":0},"2020-02-21":{"cases":0,"deaths":0,"recoveries":0},"2020-02-22":{"cases":0,"deaths":0,"recoveries":0},"2020-02-23":{"cases":0,"deaths":0,"recoveries":0},"2020-02-24":{"cases":2,"deaths":0,"recoveries":0},"2020-02-25":{"cases":2,"deaths":0,"recoveries":0},"2020-02-26":{"cases":4,"deaths":0,"recoveries":0},"2020-02-27":{"cases":4,"deaths":0,"recoveries":0},"2020-02-28":{"cases":4,"deaths":0,"recoveries":0},"2020-02-29":{"cases":6,"deaths":0,"recoveries":1},"2020-03-01":{"cases":6,"deaths":0,"recoveries":1},"2020-03-02":{"cases":6,"deaths":0,"recoveries":1},"2020-03-03":{"cases":12,"deaths":0,"recoveries":2},"2020-03-04":{"cases":15,"deaths":0,"recoveries":2},"2020-03-05":{"cases":16,"deaths":0,"recoveries":2},"2020-03-06":{"cases":16,"deaths":0,"recoveries":2},"2020-03-07":{"cases":16,"deaths":0,"recoveries":2},"2020-03-08":{"cases":16,"deaths":0,"recoveries":2},"2020-03-09":{"cases":16,"deaths":0,"recoveries":2},"2020-03-10":{"cases":18,"deaths":0,"recoveries":9},"2020-03-11":{"cases":18,"deaths":0,"recoveries":9},"2020-03-12":{"cases":18,"deaths":0,"recoveries":9},"2020-03-13":{"cases":19,"deaths":0,"recoveries":9},"2020-03-14":{"cases":19,"deaths":0,"recoveries":9},"2020-03-15":{"cases":22,"deaths":0,"recoveries":9},"2020-03-16":{"cases":22,"deaths":0,"recoveries":9},"2020-03-17":{"cases":24,"deaths":0,"recoveries":9},"2020-03-18":{"cases":39,"deaths":0,"recoveries":12},"2020-03-19":{"cases":48,"deaths":0,"recoveries":12},"2020-03-20":{"cases":48,"deaths":0,"recoveries":12},"2020-03-21":{"cases":52,"deaths":0,"recoveries":12},"2020-03-22":{"cases":55,"deaths":0,"recoveries":17},"2020-03-23":{"cases":66,"deaths":0,"recoveries":17},"2020-03-24":{"cases":84,"deaths":0,"recoveries":17},"2020-03-25":{"cases":99,"deaths":0,"recoveries":17},"2020-03-26":{"cases":109,"deaths":0,"recoveries":23},"2020-03-27":{"cases":131,"deaths":0,"recoveries":23},"2020-03-28":{"cases":152,"deaths":0,"recoveries":23},"2020-03-29":{"cases":167,"deaths":0,"recoveries":23},"2020-03-30":{"cases":179,"deaths":0,"recoveries":29},"2020-03-31":{"cases":192,"deaths":1,"recoveries":34},"2020-04-01":{"cases":210,"deaths":1,"recoveries":34},"2020-04-02":{"cases":231,"deaths":1,"recoveries":57},"2020-04-03":{"cases":252,"deaths":1,"recoveries":57},"2020-04-04":{"cases":277,"deaths":2,"recoveries":61},"2020-04-05":{"cases":298,"deaths":2,"recoveries":61},"2020-04-06":{"cases":331,"deaths":2,"recoveries":61},"2020-04-07":{"cases":371,"deaths":2,"recoveries":67},"2020-04-08":{"cases":419,"deaths":2,"recoveries":72},"2020-04-09":{"cases":457,"deaths":3,"recoveries":109},"2020-04-10":{"cases":484,"deaths":3,"recoveries":109},"2020-04-11":{"cases":546,"deaths":3,"recoveries":109},"2020-04-12":{"cases":599,"deaths":4,"recoveries":109},"2020-04-13":{"cases":727,"deaths":4,"recoveries":124},"2020-04-14":{"cases":813,"deaths":4,"recoveries":130},"2020-04-15":{"cases":910,"deaths":4,"recoveries":131},"2020-04-16":{"cases":1019,"deaths":4,"recoveries":176},"2020-04-17":{"cases":1069,"deaths":6,"recoveries":176},"2020-04-18":{"cases":1180,"deaths":6,"recoveries":176},"2020-04-19":{"cases":1266,"deaths":7,"recoveries":233},"2020-04-20":{"cases":1410,"deaths":7,"recoveries":238},"2020-04-21":{"cases":1508,"deaths":8,"recoveries":238},"2020-04-22":{"cases":1614,"deaths":8,"recoveries":238}}}