{"name":"Ontario","country":"Canada","type":"region","dates":{"2020-01-22":{"cases":0,"deaths":0},"2020-01-23":{"cases":0,"deaths":0},"2020-01-24":{"cases":0,"deaths":0},"2020-01-25":{"cases":0,"deaths":0},"2020-01-26":{"cases":1,"deaths":0},"2020-01-27":{"cases":1,"deaths":0},"2020-01-28":{"cases":1,"deaths":0},"2020-01-29":{"cases":1,"deaths":0},"2020-01-30":{"cases":1,"deaths":0},"2020-01-31":{"cases":3,"deaths":0},"2020-02-01":{"cases":3,"deaths":0},"2020-02-02":{"cases":3,"deaths":0},"2020-02-03":{"cases":3,"deaths":0},"2020-02-04":{"cases":3,"deaths":0},"2020-02-05":{"cases":3,"deaths":0},"2020-02-06":{"cases":3,"deaths":0},"2020-02-07":{"cases":3,"deaths":0},"2020-02-08":{"cases":3,"deaths":0},"2020-02-09":{"cases":3,"deaths":0},"2020-02-10":{"cases":3,"deaths":0},"2020-02-11":{"cases":3,"deaths":0},"2020-02-12":{"cases":3,"deaths":0},"2020-02-13":{"cases":3,"deaths":0},"2020-02-14":{"cases":3,"deaths":0},"2020-02-15":{"cases":3,"deaths":0},"2020-02-16":{"cases":3,"deaths":0},"2020-02-17":{"cases":3,"deaths":0},"2020-02-18":{"cases":3,"deaths":0},"2020-02-19":{"cases":3,"deaths":0},"2020-02-20":{"cases":3,"deaths":0},"2020-02-21":{"cases":3,"deaths":0},"2020-02-22":{"cases":3,"deaths":0},"2020-02-23":{"cases":3,"deaths":0},"2020-02-24":{"cases":4,"deaths":0},"2020-02-25":{"cases":4,"deaths":0},"2020-02-26":{"cases":4,"deaths":0},"2020-02-27":{"cases":6,"deaths":0},"2020-02-28":{"cases":6,"deaths":0},"2020-02-29":{"cases":11,"deaths":0},"2020-03-01":{"cases":15,"deaths":0},"2020-03-02":{"cases":18,"deaths":0},"2020-03-03":{"cases":20,"deaths":0},"2020-03-04":{"cases":20,"deaths":0},"2020-03-05":{"cases":22,"deaths":0},"2020-03-06":{"cases":25,"deaths":0},"2020-03-07":{"cases":28,"deaths":0},"2020-03-08":{"cases":29,"deaths":0},"2020-03-09":{"cases":34,"deaths":0},"2020-03-10":{"cases":36,"deaths":0},"2020-03-11":{"cases":41,"deaths":0},"2020-03-12":{"cases":42,"deaths":0},"2020-03-13":{"cases":74,"deaths":0},"2020-03-14":{"cases":79,"deaths":0},"2020-03-15":{"cases":104,"deaths":0},"2020-03-16":{"cases":177,"deaths":0},"2020-03-17":{"cases":185,"deaths":1},"2020-03-18":{"cases":221,"deaths":1},"2020-03-19":{"cases":257,"deaths":1},"2020-03-20":{"cases":308,"deaths":2},"2020-03-21":{"cases":377,"deaths":3},"2020-03-22":{"cases":425,"deaths":5},"2020-03-23":{"cases":503,"deaths":6},"2020-03-24":{"cases":588,"deaths":7},"2020-03-25":{"cases":688,"deaths":8},"2020-03-26":{"cases":858,"deaths":13},"2020-03-27":{"cases":994,"deaths":18},"2020-03-28":{"cases":1144,"deaths":18},"2020-03-29":{"cases":1355,"deaths":21},"2020-03-30":{"cases":1706,"deaths":31},"2020-03-31":{"cases":1966,"deaths":33},"2020-04-01":{"cases":2392,"deaths":37},"2020-04-02":{"cases":2793,"deaths":53},"2020-04-03":{"cases":3255,"deaths":67},"2020-04-04":{"cases":3630,"deaths":94},"2020-04-05":{"cases":4354,"deaths":119},"2020-04-06":{"cases":4347,"deaths":150},"2020-04-07":{"cases":4726,"deaths":153},"2020-04-08":{"cases":5276,"deaths":153},"2020-04-09":{"cases":5759,"deaths":200},"2020-04-10":{"cases":6237,"deaths":222},"2020-04-11":{"cases":6648,"deaths":253},"2020-04-12":{"cases":7049,"deaths":274},"2020-04-13":{"cases":7470,"deaths":291},"2020-04-14":{"cases":7953,"deaths":334},"2020-04-15":{"cases":8447,"deaths":385},"2020-04-16":{"cases":9840,"deaths":490},"2020-04-17":{"cases":10456,"deaths":524},"2020-04-18":{"cases":11013,"deaths":564},"2020-04-19":{"cases":11561,"deaths":591},"2020-04-20":{"cases":12063,"deaths":624},"2020-04-21":{"cases":12715,"deaths":694},"2020-04-22":{"cases":13718,"deaths":762}}}