{"name":"Pakistan","type":"country","dates":{"2020-01-22":{"cases":0,"deaths":0,"recoveries":0},"2020-01-23":{"cases":0,"deaths":0,"recoveries":0},"2020-01-24":{"cases":0,"deaths":0,"recoveries":0},"2020-01-25":{"cases":0,"deaths":0,"recoveries":0},"2020-01-26":{"cases":0,"deaths":0,"recoveries":0},"2020-01-27":{"cases":0,"deaths":0,"recoveries":0},"2020-01-28":{"cases":0,"deaths":0,"recoveries":0},"2020-01-29":{"cases":0,"deaths":0,"recoveries":0},"2020-01-30":{"cases":0,"deaths":0,"recoveries":0},"2020-01-31":{"cases":0,"deaths":0,"recoveries":0},"2020-02-01":{"cases":0,"deaths":0,"recoveries":0},"2020-02-02":{"cases":0,"deaths":0,"recoveries":0},"2020-02-03":{"cases":0,"deaths":0,"recoveries":0},"2020-02-04":{"cases":0,"deaths":0,"recoveries":0},"2020-02-05":{"cases":0,"deaths":0,"recoveries":0},"2020-02-06":{"cases":0,"deaths":0,"recoveries":0},"2020-02-07":{"cases":0,"deaths":0,"recoveries":0},"2020-02-08":{"cases":0,"deaths":0,"recoveries":0},"2020-02-09":{"cases":0,"deaths":0,"recoveries":0},"2020-02-10":{"cases":0,"deaths":0,"recoveries":0},"2020-02-11":{"cases":0,"deaths":0,"recoveries":0},"2020-02-12":{"cases":0,"deaths":0,"recoveries":0},"2020-02-13":{"cases":0,"deaths":0,"recoveries":0},"2020-02-14":{"cases":0,"deaths":0,"recoveries":0},"2020-02-15":{"cases":0,"deaths":0,"recoveries":0},"2020-02-16":{"cases":0,"deaths":0,"recoveries":0},"2020-02-17":{"cases":0,"deaths":0,"recoveries":0},"2020-02-18":{"cases":0,"deaths":0,"recoveries":0},"2020-02-19":{"cases":0,"deaths":0,"recoveries":0},"2020-02-20":{"cases":0,"deaths":0,"recoveries":0},"2020-02-21":{"cases":0,"deaths":0,"recoveries":0},"2020-02-22":{"cases":0,"deaths":0,"recoveries":0},"2020-02-23":{"cases":0,"deaths":0,"recoveries":0},"2020-02-24":{"cases":0,"deaths":0,"recoveries":0},"2020-02-25":{"cases":0,"deaths":0,"recoveries":0},"2020-02-26":{"cases":2,"deaths":0,"recoveries":0},"2020-02-27":{"cases":2,"deaths":0,"recoveries":0},"2020-02-28":{"cases":2,"deaths":0,"recoveries":0},"2020-02-29":{"cases":4,"deaths":0,"recoveries":0},"2020-03-01":{"cases":4,"deaths":0,"recoveries":0},"2020-03-02":{"cases":4,"deaths":0,"recoveries":0},"2020-03-03":{"cases":5,"deaths":0,"recoveries":0},"2020-03-04":{"cases":5,"deaths":0,"recoveries":0},"2020-03-05":{"cases":5,"deaths":0,"recoveries":0},"2020-03-06":{"cases":6,"deaths":0,"recoveries":0},"2020-03-07":{"cases":6,"deaths":0,"recoveries":0},"2020-03-08":{"cases":6,"deaths":0,"recoveries":1},"2020-03-09":{"cases":6,"deaths":0,"recoveries":1},"2020-03-10":{"cases":16,"deaths":0,"recoveries":1},"2020-03-11":{"cases":19,"deaths":0,"recoveries":2},"2020-03-12":{"cases":20,"deaths":0,"recoveries":2},"2020-03-13":{"cases":28,"deaths":0,"recoveries":2},"2020-03-14":{"cases":31,"deaths":0,"recoveries":2},"2020-03-15":{"cases":53,"deaths":0,"recoveries":2},"2020-03-16":{"cases":136,"deaths":0,"recoveries":2},"2020-03-17":{"cases":236,"deaths":0,"recoveries":2},"2020-03-18":{"cases":299,"deaths":0,"recoveries":2},"2020-03-19":{"cases":454,"deaths":2,"recoveries":13},"2020-03-20":{"cases":501,"deaths":3,"recoveries":13},"2020-03-21":{"cases":730,"deaths":3,"recoveries":13},"2020-03-22":{"cases":776,"deaths":5,"recoveries":5},"2020-03-23":{"cases":875,"deaths":6,"recoveries":5},"2020-03-24":{"cases":972,"deaths":7,"recoveries":18},"2020-03-25":{"cases":1063,"deaths":8,"recoveries":21},"2020-03-26":{"cases":1201,"deaths":9,"recoveries":21},"2020-03-27":{"cases":1373,"deaths":11,"recoveries":23},"2020-03-28":{"cases":1495,"deaths":12,"recoveries":29},"2020-03-29":{"cases":1597,"deaths":14,"recoveries":29},"2020-03-30":{"cases":1717,"deaths":21,"recoveries":76},"2020-03-31":{"cases":1938,"deaths":26,"recoveries":76},"2020-04-01":{"cases":2118,"deaths":27,"recoveries":94},"2020-04-02":{"cases":2421,"deaths":34,"recoveries":125},"2020-04-03":{"cases":2686,"deaths":40,"recoveries":126},"2020-04-04":{"cases":2818,"deaths":41,"recoveries":131},"2020-04-05":{"cases":3157,"deaths":47,"recoveries":211},"2020-04-06":{"cases":3766,"deaths":53,"recoveries":259},"2020-04-07":{"cases":4035,"deaths":57,"recoveries":429},"2020-04-08":{"cases":4263,"deaths":61,"recoveries":467},"2020-04-09":{"cases":4489,"deaths":65,"recoveries":572},"2020-04-10":{"cases":4695,"deaths":66,"recoveries":727},"2020-04-11":{"cases":5011,"deaths":86,"recoveries":762},"2020-04-12":{"cases":5230,"deaths":91,"recoveries":1028},"2020-04-13":{"cases":5496,"deaths":93,"recoveries":1095},"2020-04-14":{"cases":5837,"deaths":96,"recoveries":1378},"2020-04-15":{"cases":6383,"deaths":111,"recoveries":1446},"2020-04-16":{"cases":6919,"deaths":128,"recoveries":1645},"2020-04-17":{"cases":7025,"deaths":135,"recoveries":1765},"2020-04-18":{"cases":7638,"deaths":143,"recoveries":1832},"2020-04-19":{"cases":8348,"deaths":168,"recoveries":1868},"2020-04-20":{"cases":8418,"deaths":176,"recoveries":1970},"2020-04-21":{"cases":9565,"deaths":201,"recoveries":2073},"2020-04-22":{"cases":10076,"deaths":212,"recoveries":2156}}}