{"name":"Panama","type":"country","dates":{"2020-01-22":{"cases":0,"deaths":0,"recoveries":0},"2020-01-23":{"cases":0,"deaths":0,"recoveries":0},"2020-01-24":{"cases":0,"deaths":0,"recoveries":0},"2020-01-25":{"cases":0,"deaths":0,"recoveries":0},"2020-01-26":{"cases":0,"deaths":0,"recoveries":0},"2020-01-27":{"cases":0,"deaths":0,"recoveries":0},"2020-01-28":{"cases":0,"deaths":0,"recoveries":0},"2020-01-29":{"cases":0,"deaths":0,"recoveries":0},"2020-01-30":{"cases":0,"deaths":0,"recoveries":0},"2020-01-31":{"cases":0,"deaths":0,"recoveries":0},"2020-02-01":{"cases":0,"deaths":0,"recoveries":0},"2020-02-02":{"cases":0,"deaths":0,"recoveries":0},"2020-02-03":{"cases":0,"deaths":0,"recoveries":0},"2020-02-04":{"cases":0,"deaths":0,"recoveries":0},"2020-02-05":{"cases":0,"deaths":0,"recoveries":0},"2020-02-06":{"cases":0,"deaths":0,"recoveries":0},"2020-02-07":{"cases":0,"deaths":0,"recoveries":0},"2020-02-08":{"cases":0,"deaths":0,"recoveries":0},"2020-02-09":{"cases":0,"deaths":0,"recoveries":0},"2020-02-10":{"cases":0,"deaths":0,"recoveries":0},"2020-02-11":{"cases":0,"deaths":0,"recoveries":0},"2020-02-12":{"cases":0,"deaths":0,"recoveries":0},"2020-02-13":{"cases":0,"deaths":0,"recoveries":0},"2020-02-14":{"cases":0,"deaths":0,"recoveries":0},"2020-02-15":{"cases":0,"deaths":0,"recoveries":0},"2020-02-16":{"cases":0,"deaths":0,"recoveries":0},"2020-02-17":{"cases":0,"deaths":0,"recoveries":0},"2020-02-18":{"cases":0,"deaths":0,"recoveries":0},"2020-02-19":{"cases":0,"deaths":0,"recoveries":0},"2020-02-20":{"cases":0,"deaths":0,"recoveries":0},"2020-02-21":{"cases":0,"deaths":0,"recoveries":0},"2020-02-22":{"cases":0,"deaths":0,"recoveries":0},"2020-02-23":{"cases":0,"deaths":0,"recoveries":0},"2020-02-24":{"cases":0,"deaths":0,"recoveries":0},"2020-02-25":{"cases":0,"deaths":0,"recoveries":0},"2020-02-26":{"cases":0,"deaths":0,"recoveries":0},"2020-02-27":{"cases":0,"deaths":0,"recoveries":0},"2020-02-28":{"cases":0,"deaths":0,"recoveries":0},"2020-02-29":{"cases":0,"deaths":0,"recoveries":0},"2020-03-01":{"cases":0,"deaths":0,"recoveries":0},"2020-03-02":{"cases":0,"deaths":0,"recoveries":0},"2020-03-03":{"cases":0,"deaths":0,"recoveries":0},"2020-03-04":{"cases":0,"deaths":0,"recoveries":0},"2020-03-05":{"cases":0,"deaths":0,"recoveries":0},"2020-03-06":{"cases":0,"deaths":0,"recoveries":0},"2020-03-07":{"cases":0,"deaths":0,"recoveries":0},"2020-03-08":{"cases":0,"deaths":0,"recoveries":0},"2020-03-09":{"cases":0,"deaths":0,"recoveries":0},"2020-03-10":{"cases":1,"deaths":0,"recoveries":0},"2020-03-11":{"cases":8,"deaths":1,"recoveries":0},"2020-03-12":{"cases":11,"deaths":1,"recoveries":0},"2020-03-13":{"cases":27,"deaths":1,"recoveries":0},"2020-03-14":{"cases":36,"deaths":1,"recoveries":0},"2020-03-15":{"cases":43,"deaths":1,"recoveries":0},"2020-03-16":{"cases":55,"deaths":1,"recoveries":0},"2020-03-17":{"cases":69,"deaths":1,"recoveries":0},"2020-03-18":{"cases":86,"deaths":1,"recoveries":0},"2020-03-19":{"cases":109,"deaths":1,"recoveries":0},"2020-03-20":{"cases":137,"deaths":1,"recoveries":0},"2020-03-21":{"cases":200,"deaths":1,"recoveries":0},"2020-03-22":{"cases":313,"deaths":3,"recoveries":0},"2020-03-23":{"cases":345,"deaths":6,"recoveries":0},"2020-03-24":{"cases":345,"deaths":6,"recoveries":1},"2020-03-25":{"cases":443,"deaths":8,"recoveries":1},"2020-03-26":{"cases":558,"deaths":8,"recoveries":2},"2020-03-27":{"cases":674,"deaths":9,"recoveries":2},"2020-03-28":{"cases":786,"deaths":14,"recoveries":2},"2020-03-29":{"cases":901,"deaths":17,"recoveries":4},"2020-03-30":{"cases":989,"deaths":24,"recoveries":4},"2020-03-31":{"cases":1181,"deaths":30,"recoveries":9},"2020-04-01":{"cases":1181,"deaths":30,"recoveries":9},"2020-04-02":{"cases":1317,"deaths":32,"recoveries":9},"2020-04-03":{"cases":1475,"deaths":37,"recoveries":10},"2020-04-04":{"cases":1673,"deaths":41,"recoveries":13},"2020-04-05":{"cases":1801,"deaths":46,"recoveries":13},"2020-04-06":{"cases":1988,"deaths":54,"recoveries":13},"2020-04-07":{"cases":2100,"deaths":55,"recoveries":14},"2020-04-08":{"cases":2249,"deaths":59,"recoveries":16},"2020-04-09":{"cases":2528,"deaths":63,"recoveries":16},"2020-04-10":{"cases":2752,"deaths":66,"recoveries":16},"2020-04-11":{"cases":2974,"deaths":74,"recoveries":17},"2020-04-12":{"cases":3234,"deaths":79,"recoveries":23},"2020-04-13":{"cases":3400,"deaths":87,"recoveries":29},"2020-04-14":{"cases":3472,"deaths":94,"recoveries":61},"2020-04-15":{"cases":3574,"deaths":95,"recoveries":72},"2020-04-16":{"cases":3751,"deaths":103,"recoveries":75},"2020-04-17":{"cases":4016,"deaths":109,"recoveries":98},"2020-04-18":{"cases":4210,"deaths":116,"recoveries":122},"2020-04-19":{"cases":4273,"deaths":120,"recoveries":140},"2020-04-20":{"cases":4467,"deaths":126,"recoveries":165},"2020-04-21":{"cases":4658,"deaths":136,"recoveries":204},"2020-04-22":{"cases":4821,"deaths":141,"recoveries":231}}}