{"name":"Peru","type":"country","dates":{"2020-01-22":{"cases":0,"deaths":0,"recoveries":0},"2020-01-23":{"cases":0,"deaths":0,"recoveries":0},"2020-01-24":{"cases":0,"deaths":0,"recoveries":0},"2020-01-25":{"cases":0,"deaths":0,"recoveries":0},"2020-01-26":{"cases":0,"deaths":0,"recoveries":0},"2020-01-27":{"cases":0,"deaths":0,"recoveries":0},"2020-01-28":{"cases":0,"deaths":0,"recoveries":0},"2020-01-29":{"cases":0,"deaths":0,"recoveries":0},"2020-01-30":{"cases":0,"deaths":0,"recoveries":0},"2020-01-31":{"cases":0,"deaths":0,"recoveries":0},"2020-02-01":{"cases":0,"deaths":0,"recoveries":0},"2020-02-02":{"cases":0,"deaths":0,"recoveries":0},"2020-02-03":{"cases":0,"deaths":0,"recoveries":0},"2020-02-04":{"cases":0,"deaths":0,"recoveries":0},"2020-02-05":{"cases":0,"deaths":0,"recoveries":0},"2020-02-06":{"cases":0,"deaths":0,"recoveries":0},"2020-02-07":{"cases":0,"deaths":0,"recoveries":0},"2020-02-08":{"cases":0,"deaths":0,"recoveries":0},"2020-02-09":{"cases":0,"deaths":0,"recoveries":0},"2020-02-10":{"cases":0,"deaths":0,"recoveries":0},"2020-02-11":{"cases":0,"deaths":0,"recoveries":0},"2020-02-12":{"cases":0,"deaths":0,"recoveries":0},"2020-02-13":{"cases":0,"deaths":0,"recoveries":0},"2020-02-14":{"cases":0,"deaths":0,"recoveries":0},"2020-02-15":{"cases":0,"deaths":0,"recoveries":0},"2020-02-16":{"cases":0,"deaths":0,"recoveries":0},"2020-02-17":{"cases":0,"deaths":0,"recoveries":0},"2020-02-18":{"cases":0,"deaths":0,"recoveries":0},"2020-02-19":{"cases":0,"deaths":0,"recoveries":0},"2020-02-20":{"cases":0,"deaths":0,"recoveries":0},"2020-02-21":{"cases":0,"deaths":0,"recoveries":0},"2020-02-22":{"cases":0,"deaths":0,"recoveries":0},"2020-02-23":{"cases":0,"deaths":0,"recoveries":0},"2020-02-24":{"cases":0,"deaths":0,"recoveries":0},"2020-02-25":{"cases":0,"deaths":0,"recoveries":0},"2020-02-26":{"cases":0,"deaths":0,"recoveries":0},"2020-02-27":{"cases":0,"deaths":0,"recoveries":0},"2020-02-28":{"cases":0,"deaths":0,"recoveries":0},"2020-02-29":{"cases":0,"deaths":0,"recoveries":0},"2020-03-01":{"cases":0,"deaths":0,"recoveries":0},"2020-03-02":{"cases":0,"deaths":0,"recoveries":0},"2020-03-03":{"cases":0,"deaths":0,"recoveries":0},"2020-03-04":{"cases":0,"deaths":0,"recoveries":0},"2020-03-05":{"cases":0,"deaths":0,"recoveries":0},"2020-03-06":{"cases":1,"deaths":0,"recoveries":0},"2020-03-07":{"cases":1,"deaths":0,"recoveries":0},"2020-03-08":{"cases":6,"deaths":0,"recoveries":0},"2020-03-09":{"cases":7,"deaths":0,"recoveries":0},"2020-03-10":{"cases":11,"deaths":0,"recoveries":0},"2020-03-11":{"cases":11,"deaths":0,"recoveries":0},"2020-03-12":{"cases":15,"deaths":0,"recoveries":0},"2020-03-13":{"cases":28,"deaths":0,"recoveries":0},"2020-03-14":{"cases":38,"deaths":0,"recoveries":0},"2020-03-15":{"cases":43,"deaths":0,"recoveries":0},"2020-03-16":{"cases":86,"deaths":0,"recoveries":0},"2020-03-17":{"cases":117,"deaths":0,"recoveries":1},"2020-03-18":{"cases":145,"deaths":0,"recoveries":1},"2020-03-19":{"cases":234,"deaths":0,"recoveries":1},"2020-03-20":{"cases":234,"deaths":3,"recoveries":1},"2020-03-21":{"cases":318,"deaths":5,"recoveries":1},"2020-03-22":{"cases":363,"deaths":5,"recoveries":1},"2020-03-23":{"cases":395,"deaths":5,"recoveries":1},"2020-03-24":{"cases":416,"deaths":7,"recoveries":1},"2020-03-25":{"cases":480,"deaths":9,"recoveries":1},"2020-03-26":{"cases":580,"deaths":9,"recoveries":14},"2020-03-27":{"cases":635,"deaths":11,"recoveries":16},"2020-03-28":{"cases":671,"deaths":16,"recoveries":16},"2020-03-29":{"cases":852,"deaths":18,"recoveries":16},"2020-03-30":{"cases":950,"deaths":24,"recoveries":53},"2020-03-31":{"cases":1065,"deaths":30,"recoveries":394},"2020-04-01":{"cases":1323,"deaths":38,"recoveries":394},"2020-04-02":{"cases":1414,"deaths":55,"recoveries":537},"2020-04-03":{"cases":1595,"deaths":61,"recoveries":537},"2020-04-04":{"cases":1746,"deaths":73,"recoveries":914},"2020-04-05":{"cases":2281,"deaths":83,"recoveries":989},"2020-04-06":{"cases":2561,"deaths":92,"recoveries":997},"2020-04-07":{"cases":2954,"deaths":107,"recoveries":1301},"2020-04-08":{"cases":4342,"deaths":121,"recoveries":1333},"2020-04-09":{"cases":5256,"deaths":138,"recoveries":1438},"2020-04-10":{"cases":5897,"deaths":169,"recoveries":1569},"2020-04-11":{"cases":6848,"deaths":181,"recoveries":1739},"2020-04-12":{"cases":7519,"deaths":193,"recoveries":1798},"2020-04-13":{"cases":9784,"deaths":216,"recoveries":2642},"2020-04-14":{"cases":10303,"deaths":230,"recoveries":2869},"2020-04-15":{"cases":11475,"deaths":254,"recoveries":3108},"2020-04-16":{"cases":12491,"deaths":274,"recoveries":6120},"2020-04-17":{"cases":13489,"deaths":300,"recoveries":6541},"2020-04-18":{"cases":14420,"deaths":348,"recoveries":6684},"2020-04-19":{"cases":15628,"deaths":400,"recoveries":6811},"2020-04-20":{"cases":16325,"deaths":445,"recoveries":6968},"2020-04-21":{"cases":17837,"deaths":484,"recoveries":6982},"2020-04-22":{"cases":19250,"deaths":530,"recoveries":7027}}}