{"name":"Philippines","type":"country","dates":{"2020-01-22":{"cases":0,"deaths":0,"recoveries":0},"2020-01-23":{"cases":0,"deaths":0,"recoveries":0},"2020-01-24":{"cases":0,"deaths":0,"recoveries":0},"2020-01-25":{"cases":0,"deaths":0,"recoveries":0},"2020-01-26":{"cases":0,"deaths":0,"recoveries":0},"2020-01-27":{"cases":0,"deaths":0,"recoveries":0},"2020-01-28":{"cases":0,"deaths":0,"recoveries":0},"2020-01-29":{"cases":0,"deaths":0,"recoveries":0},"2020-01-30":{"cases":1,"deaths":0,"recoveries":0},"2020-01-31":{"cases":1,"deaths":0,"recoveries":0},"2020-02-01":{"cases":1,"deaths":0,"recoveries":0},"2020-02-02":{"cases":2,"deaths":1,"recoveries":0},"2020-02-03":{"cases":2,"deaths":1,"recoveries":0},"2020-02-04":{"cases":2,"deaths":1,"recoveries":0},"2020-02-05":{"cases":2,"deaths":1,"recoveries":0},"2020-02-06":{"cases":2,"deaths":1,"recoveries":0},"2020-02-07":{"cases":3,"deaths":1,"recoveries":0},"2020-02-08":{"cases":3,"deaths":1,"recoveries":0},"2020-02-09":{"cases":3,"deaths":1,"recoveries":0},"2020-02-10":{"cases":3,"deaths":1,"recoveries":0},"2020-02-11":{"cases":3,"deaths":1,"recoveries":0},"2020-02-12":{"cases":3,"deaths":1,"recoveries":1},"2020-02-13":{"cases":3,"deaths":1,"recoveries":1},"2020-02-14":{"cases":3,"deaths":1,"recoveries":1},"2020-02-15":{"cases":3,"deaths":1,"recoveries":1},"2020-02-16":{"cases":3,"deaths":1,"recoveries":1},"2020-02-17":{"cases":3,"deaths":1,"recoveries":1},"2020-02-18":{"cases":3,"deaths":1,"recoveries":1},"2020-02-19":{"cases":3,"deaths":1,"recoveries":1},"2020-02-20":{"cases":3,"deaths":1,"recoveries":1},"2020-02-21":{"cases":3,"deaths":1,"recoveries":1},"2020-02-22":{"cases":3,"deaths":1,"recoveries":1},"2020-02-23":{"cases":3,"deaths":1,"recoveries":1},"2020-02-24":{"cases":3,"deaths":1,"recoveries":1},"2020-02-25":{"cases":3,"deaths":1,"recoveries":1},"2020-02-26":{"cases":3,"deaths":1,"recoveries":1},"2020-02-27":{"cases":3,"deaths":1,"recoveries":1},"2020-02-28":{"cases":3,"deaths":1,"recoveries":1},"2020-02-29":{"cases":3,"deaths":1,"recoveries":1},"2020-03-01":{"cases":3,"deaths":1,"recoveries":1},"2020-03-02":{"cases":3,"deaths":1,"recoveries":1},"2020-03-03":{"cases":3,"deaths":1,"recoveries":1},"2020-03-04":{"cases":3,"deaths":1,"recoveries":1},"2020-03-05":{"cases":3,"deaths":1,"recoveries":1},"2020-03-06":{"cases":5,"deaths":1,"recoveries":1},"2020-03-07":{"cases":6,"deaths":1,"recoveries":1},"2020-03-08":{"cases":10,"deaths":1,"recoveries":1},"2020-03-09":{"cases":20,"deaths":1,"recoveries":1},"2020-03-10":{"cases":33,"deaths":1,"recoveries":2},"2020-03-11":{"cases":49,"deaths":1,"recoveries":2},"2020-03-12":{"cases":52,"deaths":2,"recoveries":2},"2020-03-13":{"cases":64,"deaths":5,"recoveries":2},"2020-03-14":{"cases":111,"deaths":8,"recoveries":2},"2020-03-15":{"cases":140,"deaths":11,"recoveries":2},"2020-03-16":{"cases":142,"deaths":12,"recoveries":2},"2020-03-17":{"cases":187,"deaths":12,"recoveries":5},"2020-03-18":{"cases":202,"deaths":19,"recoveries":5},"2020-03-19":{"cases":217,"deaths":17,"recoveries":8},"2020-03-20":{"cases":230,"deaths":18,"recoveries":8},"2020-03-21":{"cases":307,"deaths":19,"recoveries":13},"2020-03-22":{"cases":380,"deaths":25,"recoveries":17},"2020-03-23":{"cases":462,"deaths":33,"recoveries":17},"2020-03-24":{"cases":552,"deaths":35,"recoveries":20},"2020-03-25":{"cases":636,"deaths":38,"recoveries":26},"2020-03-26":{"cases":707,"deaths":45,"recoveries":28},"2020-03-27":{"cases":803,"deaths":54,"recoveries":31},"2020-03-28":{"cases":1075,"deaths":68,"recoveries":35},"2020-03-29":{"cases":1418,"deaths":71,"recoveries":42},"2020-03-30":{"cases":1546,"deaths":78,"recoveries":42},"2020-03-31":{"cases":2084,"deaths":88,"recoveries":49},"2020-04-01":{"cases":2311,"deaths":96,"recoveries":50},"2020-04-02":{"cases":2633,"deaths":107,"recoveries":51},"2020-04-03":{"cases":3018,"deaths":136,"recoveries":52},"2020-04-04":{"cases":3094,"deaths":144,"recoveries":57},"2020-04-05":{"cases":3246,"deaths":152,"recoveries":64},"2020-04-06":{"cases":3660,"deaths":163,"recoveries":73},"2020-04-07":{"cases":3764,"deaths":177,"recoveries":84},"2020-04-08":{"cases":3870,"deaths":182,"recoveries":96},"2020-04-09":{"cases":4076,"deaths":203,"recoveries":124},"2020-04-10":{"cases":4195,"deaths":221,"recoveries":140},"2020-04-11":{"cases":4428,"deaths":247,"recoveries":157},"2020-04-12":{"cases":4648,"deaths":297,"recoveries":197},"2020-04-13":{"cases":4932,"deaths":315,"recoveries":242},"2020-04-14":{"cases":5223,"deaths":335,"recoveries":295},"2020-04-15":{"cases":5453,"deaths":349,"recoveries":353},"2020-04-16":{"cases":5660,"deaths":362,"recoveries":435},"2020-04-17":{"cases":5878,"deaths":387,"recoveries":487},"2020-04-18":{"cases":6087,"deaths":397,"recoveries":516},"2020-04-19":{"cases":6259,"deaths":409,"recoveries":572},"2020-04-20":{"cases":6459,"deaths":428,"recoveries":613},"2020-04-21":{"cases":6599,"deaths":437,"recoveries":654},"2020-04-22":{"cases":6710,"deaths":446,"recoveries":693}}}