{"name":"Poland","type":"country","dates":{"2020-01-22":{"cases":0,"deaths":0,"recoveries":0},"2020-01-23":{"cases":0,"deaths":0,"recoveries":0},"2020-01-24":{"cases":0,"deaths":0,"recoveries":0},"2020-01-25":{"cases":0,"deaths":0,"recoveries":0},"2020-01-26":{"cases":0,"deaths":0,"recoveries":0},"2020-01-27":{"cases":0,"deaths":0,"recoveries":0},"2020-01-28":{"cases":0,"deaths":0,"recoveries":0},"2020-01-29":{"cases":0,"deaths":0,"recoveries":0},"2020-01-30":{"cases":0,"deaths":0,"recoveries":0},"2020-01-31":{"cases":0,"deaths":0,"recoveries":0},"2020-02-01":{"cases":0,"deaths":0,"recoveries":0},"2020-02-02":{"cases":0,"deaths":0,"recoveries":0},"2020-02-03":{"cases":0,"deaths":0,"recoveries":0},"2020-02-04":{"cases":0,"deaths":0,"recoveries":0},"2020-02-05":{"cases":0,"deaths":0,"recoveries":0},"2020-02-06":{"cases":0,"deaths":0,"recoveries":0},"2020-02-07":{"cases":0,"deaths":0,"recoveries":0},"2020-02-08":{"cases":0,"deaths":0,"recoveries":0},"2020-02-09":{"cases":0,"deaths":0,"recoveries":0},"2020-02-10":{"cases":0,"deaths":0,"recoveries":0},"2020-02-11":{"cases":0,"deaths":0,"recoveries":0},"2020-02-12":{"cases":0,"deaths":0,"recoveries":0},"2020-02-13":{"cases":0,"deaths":0,"recoveries":0},"2020-02-14":{"cases":0,"deaths":0,"recoveries":0},"2020-02-15":{"cases":0,"deaths":0,"recoveries":0},"2020-02-16":{"cases":0,"deaths":0,"recoveries":0},"2020-02-17":{"cases":0,"deaths":0,"recoveries":0},"2020-02-18":{"cases":0,"deaths":0,"recoveries":0},"2020-02-19":{"cases":0,"deaths":0,"recoveries":0},"2020-02-20":{"cases":0,"deaths":0,"recoveries":0},"2020-02-21":{"cases":0,"deaths":0,"recoveries":0},"2020-02-22":{"cases":0,"deaths":0,"recoveries":0},"2020-02-23":{"cases":0,"deaths":0,"recoveries":0},"2020-02-24":{"cases":0,"deaths":0,"recoveries":0},"2020-02-25":{"cases":0,"deaths":0,"recoveries":0},"2020-02-26":{"cases":0,"deaths":0,"recoveries":0},"2020-02-27":{"cases":0,"deaths":0,"recoveries":0},"2020-02-28":{"cases":0,"deaths":0,"recoveries":0},"2020-02-29":{"cases":0,"deaths":0,"recoveries":0},"2020-03-01":{"cases":0,"deaths":0,"recoveries":0},"2020-03-02":{"cases":0,"deaths":0,"recoveries":0},"2020-03-03":{"cases":0,"deaths":0,"recoveries":0},"2020-03-04":{"cases":1,"deaths":0,"recoveries":0},"2020-03-05":{"cases":1,"deaths":0,"recoveries":0},"2020-03-06":{"cases":5,"deaths":0,"recoveries":0},"2020-03-07":{"cases":5,"deaths":0,"recoveries":0},"2020-03-08":{"cases":11,"deaths":0,"recoveries":0},"2020-03-09":{"cases":16,"deaths":0,"recoveries":0},"2020-03-10":{"cases":22,"deaths":0,"recoveries":0},"2020-03-11":{"cases":31,"deaths":0,"recoveries":0},"2020-03-12":{"cases":49,"deaths":1,"recoveries":0},"2020-03-13":{"cases":68,"deaths":2,"recoveries":0},"2020-03-14":{"cases":103,"deaths":3,"recoveries":0},"2020-03-15":{"cases":119,"deaths":3,"recoveries":0},"2020-03-16":{"cases":177,"deaths":4,"recoveries":13},"2020-03-17":{"cases":238,"deaths":5,"recoveries":13},"2020-03-18":{"cases":251,"deaths":5,"recoveries":13},"2020-03-19":{"cases":355,"deaths":5,"recoveries":1},"2020-03-20":{"cases":425,"deaths":5,"recoveries":1},"2020-03-21":{"cases":536,"deaths":5,"recoveries":1},"2020-03-22":{"cases":634,"deaths":7,"recoveries":1},"2020-03-23":{"cases":749,"deaths":8,"recoveries":1},"2020-03-24":{"cases":901,"deaths":10,"recoveries":1},"2020-03-25":{"cases":1051,"deaths":14,"recoveries":7},"2020-03-26":{"cases":1221,"deaths":16,"recoveries":7},"2020-03-27":{"cases":1389,"deaths":16,"recoveries":7},"2020-03-28":{"cases":1638,"deaths":18,"recoveries":7},"2020-03-29":{"cases":1862,"deaths":22,"recoveries":7},"2020-03-30":{"cases":2055,"deaths":31,"recoveries":7},"2020-03-31":{"cases":2311,"deaths":33,"recoveries":7},"2020-04-01":{"cases":2554,"deaths":43,"recoveries":47},"2020-04-02":{"cases":2946,"deaths":57,"recoveries":56},"2020-04-03":{"cases":3383,"deaths":71,"recoveries":56},"2020-04-04":{"cases":3627,"deaths":79,"recoveries":116},"2020-04-05":{"cases":4102,"deaths":94,"recoveries":134},"2020-04-06":{"cases":4413,"deaths":107,"recoveries":162},"2020-04-07":{"cases":4848,"deaths":129,"recoveries":191},"2020-04-08":{"cases":5205,"deaths":159,"recoveries":222},"2020-04-09":{"cases":5575,"deaths":174,"recoveries":284},"2020-04-10":{"cases":5955,"deaths":181,"recoveries":318},"2020-04-11":{"cases":6356,"deaths":208,"recoveries":375},"2020-04-12":{"cases":6674,"deaths":232,"recoveries":439},"2020-04-13":{"cases":6934,"deaths":245,"recoveries":487},"2020-04-14":{"cases":7202,"deaths":263,"recoveries":618},"2020-04-15":{"cases":7582,"deaths":286,"recoveries":668},"2020-04-16":{"cases":7918,"deaths":314,"recoveries":774},"2020-04-17":{"cases":8379,"deaths":332,"recoveries":866},"2020-04-18":{"cases":8742,"deaths":347,"recoveries":981},"2020-04-19":{"cases":9287,"deaths":360,"recoveries":1040},"2020-04-20":{"cases":9593,"deaths":380,"recoveries":1133},"2020-04-21":{"cases":9856,"deaths":401,"recoveries":1297},"2020-04-22":{"cases":10169,"deaths":426,"recoveries":1513}}}