{"name":"Portugal","type":"country","dates":{"2020-01-22":{"cases":0,"deaths":0,"recoveries":0},"2020-01-23":{"cases":0,"deaths":0,"recoveries":0},"2020-01-24":{"cases":0,"deaths":0,"recoveries":0},"2020-01-25":{"cases":0,"deaths":0,"recoveries":0},"2020-01-26":{"cases":0,"deaths":0,"recoveries":0},"2020-01-27":{"cases":0,"deaths":0,"recoveries":0},"2020-01-28":{"cases":0,"deaths":0,"recoveries":0},"2020-01-29":{"cases":0,"deaths":0,"recoveries":0},"2020-01-30":{"cases":0,"deaths":0,"recoveries":0},"2020-01-31":{"cases":0,"deaths":0,"recoveries":0},"2020-02-01":{"cases":0,"deaths":0,"recoveries":0},"2020-02-02":{"cases":0,"deaths":0,"recoveries":0},"2020-02-03":{"cases":0,"deaths":0,"recoveries":0},"2020-02-04":{"cases":0,"deaths":0,"recoveries":0},"2020-02-05":{"cases":0,"deaths":0,"recoveries":0},"2020-02-06":{"cases":0,"deaths":0,"recoveries":0},"2020-02-07":{"cases":0,"deaths":0,"recoveries":0},"2020-02-08":{"cases":0,"deaths":0,"recoveries":0},"2020-02-09":{"cases":0,"deaths":0,"recoveries":0},"2020-02-10":{"cases":0,"deaths":0,"recoveries":0},"2020-02-11":{"cases":0,"deaths":0,"recoveries":0},"2020-02-12":{"cases":0,"deaths":0,"recoveries":0},"2020-02-13":{"cases":0,"deaths":0,"recoveries":0},"2020-02-14":{"cases":0,"deaths":0,"recoveries":0},"2020-02-15":{"cases":0,"deaths":0,"recoveries":0},"2020-02-16":{"cases":0,"deaths":0,"recoveries":0},"2020-02-17":{"cases":0,"deaths":0,"recoveries":0},"2020-02-18":{"cases":0,"deaths":0,"recoveries":0},"2020-02-19":{"cases":0,"deaths":0,"recoveries":0},"2020-02-20":{"cases":0,"deaths":0,"recoveries":0},"2020-02-21":{"cases":0,"deaths":0,"recoveries":0},"2020-02-22":{"cases":0,"deaths":0,"recoveries":0},"2020-02-23":{"cases":0,"deaths":0,"recoveries":0},"2020-02-24":{"cases":0,"deaths":0,"recoveries":0},"2020-02-25":{"cases":0,"deaths":0,"recoveries":0},"2020-02-26":{"cases":0,"deaths":0,"recoveries":0},"2020-02-27":{"cases":0,"deaths":0,"recoveries":0},"2020-02-28":{"cases":0,"deaths":0,"recoveries":0},"2020-02-29":{"cases":0,"deaths":0,"recoveries":0},"2020-03-01":{"cases":0,"deaths":0,"recoveries":0},"2020-03-02":{"cases":2,"deaths":0,"recoveries":0},"2020-03-03":{"cases":2,"deaths":0,"recoveries":0},"2020-03-04":{"cases":5,"deaths":0,"recoveries":0},"2020-03-05":{"cases":8,"deaths":0,"recoveries":0},"2020-03-06":{"cases":13,"deaths":0,"recoveries":0},"2020-03-07":{"cases":20,"deaths":0,"recoveries":0},"2020-03-08":{"cases":30,"deaths":0,"recoveries":0},"2020-03-09":{"cases":30,"deaths":0,"recoveries":0},"2020-03-10":{"cases":41,"deaths":0,"recoveries":0},"2020-03-11":{"cases":59,"deaths":0,"recoveries":0},"2020-03-12":{"cases":59,"deaths":0,"recoveries":0},"2020-03-13":{"cases":112,"deaths":0,"recoveries":1},"2020-03-14":{"cases":169,"deaths":0,"recoveries":2},"2020-03-15":{"cases":245,"deaths":0,"recoveries":2},"2020-03-16":{"cases":331,"deaths":0,"recoveries":3},"2020-03-17":{"cases":448,"deaths":1,"recoveries":3},"2020-03-18":{"cases":448,"deaths":2,"recoveries":3},"2020-03-19":{"cases":785,"deaths":3,"recoveries":3},"2020-03-20":{"cases":1020,"deaths":6,"recoveries":5},"2020-03-21":{"cases":1280,"deaths":12,"recoveries":5},"2020-03-22":{"cases":1600,"deaths":14,"recoveries":5},"2020-03-23":{"cases":2060,"deaths":23,"recoveries":5},"2020-03-24":{"cases":2362,"deaths":33,"recoveries":22},"2020-03-25":{"cases":2995,"deaths":43,"recoveries":22},"2020-03-26":{"cases":3544,"deaths":60,"recoveries":43},"2020-03-27":{"cases":4268,"deaths":76,"recoveries":43},"2020-03-28":{"cases":5170,"deaths":100,"recoveries":43},"2020-03-29":{"cases":5962,"deaths":119,"recoveries":43},"2020-03-30":{"cases":6408,"deaths":140,"recoveries":43},"2020-03-31":{"cases":7443,"deaths":160,"recoveries":43},"2020-04-01":{"cases":8251,"deaths":187,"recoveries":43},"2020-04-02":{"cases":9034,"deaths":209,"recoveries":68},"2020-04-03":{"cases":9886,"deaths":246,"recoveries":68},"2020-04-04":{"cases":10524,"deaths":266,"recoveries":75},"2020-04-05":{"cases":11278,"deaths":295,"recoveries":75},"2020-04-06":{"cases":11730,"deaths":311,"recoveries":140},"2020-04-07":{"cases":12442,"deaths":345,"recoveries":184},"2020-04-08":{"cases":13141,"deaths":380,"recoveries":196},"2020-04-09":{"cases":13956,"deaths":409,"recoveries":205},"2020-04-10":{"cases":15472,"deaths":435,"recoveries":233},"2020-04-11":{"cases":15987,"deaths":470,"recoveries":266},"2020-04-12":{"cases":16585,"deaths":504,"recoveries":277},"2020-04-13":{"cases":16934,"deaths":535,"recoveries":277},"2020-04-14":{"cases":17448,"deaths":567,"recoveries":347},"2020-04-15":{"cases":18091,"deaths":599,"recoveries":383},"2020-04-16":{"cases":18841,"deaths":629,"recoveries":493},"2020-04-17":{"cases":19022,"deaths":657,"recoveries":519},"2020-04-18":{"cases":19685,"deaths":687,"recoveries":610},"2020-04-19":{"cases":20206,"deaths":714,"recoveries":610},"2020-04-20":{"cases":20863,"deaths":735,"recoveries":610},"2020-04-21":{"cases":21379,"deaths":762,"recoveries":917},"2020-04-22":{"cases":21982,"deaths":785,"recoveries":1143}}}