{"name":"Qatar","type":"country","dates":{"2020-01-22":{"cases":0,"deaths":0,"recoveries":0},"2020-01-23":{"cases":0,"deaths":0,"recoveries":0},"2020-01-24":{"cases":0,"deaths":0,"recoveries":0},"2020-01-25":{"cases":0,"deaths":0,"recoveries":0},"2020-01-26":{"cases":0,"deaths":0,"recoveries":0},"2020-01-27":{"cases":0,"deaths":0,"recoveries":0},"2020-01-28":{"cases":0,"deaths":0,"recoveries":0},"2020-01-29":{"cases":0,"deaths":0,"recoveries":0},"2020-01-30":{"cases":0,"deaths":0,"recoveries":0},"2020-01-31":{"cases":0,"deaths":0,"recoveries":0},"2020-02-01":{"cases":0,"deaths":0,"recoveries":0},"2020-02-02":{"cases":0,"deaths":0,"recoveries":0},"2020-02-03":{"cases":0,"deaths":0,"recoveries":0},"2020-02-04":{"cases":0,"deaths":0,"recoveries":0},"2020-02-05":{"cases":0,"deaths":0,"recoveries":0},"2020-02-06":{"cases":0,"deaths":0,"recoveries":0},"2020-02-07":{"cases":0,"deaths":0,"recoveries":0},"2020-02-08":{"cases":0,"deaths":0,"recoveries":0},"2020-02-09":{"cases":0,"deaths":0,"recoveries":0},"2020-02-10":{"cases":0,"deaths":0,"recoveries":0},"2020-02-11":{"cases":0,"deaths":0,"recoveries":0},"2020-02-12":{"cases":0,"deaths":0,"recoveries":0},"2020-02-13":{"cases":0,"deaths":0,"recoveries":0},"2020-02-14":{"cases":0,"deaths":0,"recoveries":0},"2020-02-15":{"cases":0,"deaths":0,"recoveries":0},"2020-02-16":{"cases":0,"deaths":0,"recoveries":0},"2020-02-17":{"cases":0,"deaths":0,"recoveries":0},"2020-02-18":{"cases":0,"deaths":0,"recoveries":0},"2020-02-19":{"cases":0,"deaths":0,"recoveries":0},"2020-02-20":{"cases":0,"deaths":0,"recoveries":0},"2020-02-21":{"cases":0,"deaths":0,"recoveries":0},"2020-02-22":{"cases":0,"deaths":0,"recoveries":0},"2020-02-23":{"cases":0,"deaths":0,"recoveries":0},"2020-02-24":{"cases":0,"deaths":0,"recoveries":0},"2020-02-25":{"cases":0,"deaths":0,"recoveries":0},"2020-02-26":{"cases":0,"deaths":0,"recoveries":0},"2020-02-27":{"cases":0,"deaths":0,"recoveries":0},"2020-02-28":{"cases":0,"deaths":0,"recoveries":0},"2020-02-29":{"cases":1,"deaths":0,"recoveries":0},"2020-03-01":{"cases":3,"deaths":0,"recoveries":0},"2020-03-02":{"cases":3,"deaths":0,"recoveries":0},"2020-03-03":{"cases":7,"deaths":0,"recoveries":0},"2020-03-04":{"cases":8,"deaths":0,"recoveries":0},"2020-03-05":{"cases":8,"deaths":0,"recoveries":0},"2020-03-06":{"cases":8,"deaths":0,"recoveries":0},"2020-03-07":{"cases":8,"deaths":0,"recoveries":0},"2020-03-08":{"cases":15,"deaths":0,"recoveries":0},"2020-03-09":{"cases":18,"deaths":0,"recoveries":0},"2020-03-10":{"cases":24,"deaths":0,"recoveries":0},"2020-03-11":{"cases":262,"deaths":0,"recoveries":0},"2020-03-12":{"cases":262,"deaths":0,"recoveries":0},"2020-03-13":{"cases":320,"deaths":0,"recoveries":0},"2020-03-14":{"cases":337,"deaths":0,"recoveries":4},"2020-03-15":{"cases":401,"deaths":0,"recoveries":4},"2020-03-16":{"cases":439,"deaths":0,"recoveries":4},"2020-03-17":{"cases":439,"deaths":0,"recoveries":4},"2020-03-18":{"cases":452,"deaths":0,"recoveries":4},"2020-03-19":{"cases":460,"deaths":0,"recoveries":4},"2020-03-20":{"cases":470,"deaths":0,"recoveries":10},"2020-03-21":{"cases":481,"deaths":0,"recoveries":27},"2020-03-22":{"cases":494,"deaths":0,"recoveries":33},"2020-03-23":{"cases":501,"deaths":0,"recoveries":33},"2020-03-24":{"cases":526,"deaths":0,"recoveries":41},"2020-03-25":{"cases":537,"deaths":0,"recoveries":41},"2020-03-26":{"cases":549,"deaths":0,"recoveries":43},"2020-03-27":{"cases":562,"deaths":0,"recoveries":43},"2020-03-28":{"cases":590,"deaths":1,"recoveries":45},"2020-03-29":{"cases":634,"deaths":1,"recoveries":48},"2020-03-30":{"cases":693,"deaths":1,"recoveries":51},"2020-03-31":{"cases":781,"deaths":2,"recoveries":62},"2020-04-01":{"cases":835,"deaths":2,"recoveries":71},"2020-04-02":{"cases":949,"deaths":3,"recoveries":72},"2020-04-03":{"cases":1075,"deaths":3,"recoveries":93},"2020-04-04":{"cases":1325,"deaths":3,"recoveries":109},"2020-04-05":{"cases":1604,"deaths":4,"recoveries":123},"2020-04-06":{"cases":1832,"deaths":4,"recoveries":131},"2020-04-07":{"cases":2057,"deaths":6,"recoveries":150},"2020-04-08":{"cases":2210,"deaths":6,"recoveries":178},"2020-04-09":{"cases":2376,"deaths":6,"recoveries":206},"2020-04-10":{"cases":2512,"deaths":6,"recoveries":227},"2020-04-11":{"cases":2728,"deaths":6,"recoveries":247},"2020-04-12":{"cases":2979,"deaths":7,"recoveries":275},"2020-04-13":{"cases":3231,"deaths":7,"recoveries":334},"2020-04-14":{"cases":3428,"deaths":7,"recoveries":373},"2020-04-15":{"cases":3711,"deaths":7,"recoveries":406},"2020-04-16":{"cases":4103,"deaths":7,"recoveries":415},"2020-04-17":{"cases":4663,"deaths":7,"recoveries":464},"2020-04-18":{"cases":5008,"deaths":8,"recoveries":510},"2020-04-19":{"cases":5448,"deaths":8,"recoveries":518},"2020-04-20":{"cases":6015,"deaths":9,"recoveries":555},"2020-04-21":{"cases":6533,"deaths":9,"recoveries":614},"2020-04-22":{"cases":7141,"deaths":10,"recoveries":689}}}