{"name":"Quebec","country":"Canada","type":"region","dates":{"2020-01-22":{"cases":0,"deaths":0},"2020-01-23":{"cases":0,"deaths":0},"2020-01-24":{"cases":0,"deaths":0},"2020-01-25":{"cases":0,"deaths":0},"2020-01-26":{"cases":0,"deaths":0},"2020-01-27":{"cases":0,"deaths":0},"2020-01-28":{"cases":0,"deaths":0},"2020-01-29":{"cases":0,"deaths":0},"2020-01-30":{"cases":0,"deaths":0},"2020-01-31":{"cases":0,"deaths":0},"2020-02-01":{"cases":0,"deaths":0},"2020-02-02":{"cases":0,"deaths":0},"2020-02-03":{"cases":0,"deaths":0},"2020-02-04":{"cases":0,"deaths":0},"2020-02-05":{"cases":0,"deaths":0},"2020-02-06":{"cases":0,"deaths":0},"2020-02-07":{"cases":0,"deaths":0},"2020-02-08":{"cases":0,"deaths":0},"2020-02-09":{"cases":0,"deaths":0},"2020-02-10":{"cases":0,"deaths":0},"2020-02-11":{"cases":0,"deaths":0},"2020-02-12":{"cases":0,"deaths":0},"2020-02-13":{"cases":0,"deaths":0},"2020-02-14":{"cases":0,"deaths":0},"2020-02-15":{"cases":0,"deaths":0},"2020-02-16":{"cases":0,"deaths":0},"2020-02-17":{"cases":0,"deaths":0},"2020-02-18":{"cases":0,"deaths":0},"2020-02-19":{"cases":0,"deaths":0},"2020-02-20":{"cases":0,"deaths":0},"2020-02-21":{"cases":0,"deaths":0},"2020-02-22":{"cases":0,"deaths":0},"2020-02-23":{"cases":0,"deaths":0},"2020-02-24":{"cases":0,"deaths":0},"2020-02-25":{"cases":0,"deaths":0},"2020-02-26":{"cases":0,"deaths":0},"2020-02-27":{"cases":0,"deaths":0},"2020-02-28":{"cases":1,"deaths":0},"2020-02-29":{"cases":1,"deaths":0},"2020-03-01":{"cases":1,"deaths":0},"2020-03-02":{"cases":1,"deaths":0},"2020-03-03":{"cases":1,"deaths":0},"2020-03-04":{"cases":1,"deaths":0},"2020-03-05":{"cases":2,"deaths":0},"2020-03-06":{"cases":2,"deaths":0},"2020-03-07":{"cases":3,"deaths":0},"2020-03-08":{"cases":4,"deaths":0},"2020-03-09":{"cases":4,"deaths":0},"2020-03-10":{"cases":4,"deaths":0},"2020-03-11":{"cases":8,"deaths":0},"2020-03-12":{"cases":9,"deaths":0},"2020-03-13":{"cases":17,"deaths":0},"2020-03-14":{"cases":17,"deaths":0},"2020-03-15":{"cases":24,"deaths":0},"2020-03-16":{"cases":50,"deaths":0},"2020-03-17":{"cases":74,"deaths":0},"2020-03-18":{"cases":94,"deaths":0},"2020-03-19":{"cases":121,"deaths":1},"2020-03-20":{"cases":139,"deaths":1},"2020-03-21":{"cases":181,"deaths":5},"2020-03-22":{"cases":219,"deaths":4},"2020-03-23":{"cases":628,"deaths":4},"2020-03-24":{"cases":1013,"deaths":4},"2020-03-25":{"cases":1342,"deaths":6},"2020-03-26":{"cases":1632,"deaths":8},"2020-03-27":{"cases":2024,"deaths":18},"2020-03-28":{"cases":2498,"deaths":22},"2020-03-29":{"cases":2840,"deaths":22},"2020-03-30":{"cases":3430,"deaths":22},"2020-03-31":{"cases":4162,"deaths":31},"2020-04-01":{"cases":4611,"deaths":33},"2020-04-02":{"cases":5518,"deaths":36},"2020-04-03":{"cases":6101,"deaths":61},"2020-04-04":{"cases":6101,"deaths":61},"2020-04-05":{"cases":7944,"deaths":75},"2020-04-06":{"cases":8580,"deaths":121},"2020-04-07":{"cases":9340,"deaths":150},"2020-04-08":{"cases":10031,"deaths":175},"2020-04-09":{"cases":10912,"deaths":216},"2020-04-10":{"cases":11677,"deaths":241},"2020-04-11":{"cases":12292,"deaths":289},"2020-04-12":{"cases":12846,"deaths":328},"2020-04-13":{"cases":13557,"deaths":360},"2020-04-14":{"cases":14248,"deaths":435},"2020-04-15":{"cases":14860,"deaths":487},"2020-04-16":{"cases":15857,"deaths":630},"2020-04-17":{"cases":16798,"deaths":688},"2020-04-18":{"cases":17521,"deaths":688},"2020-04-19":{"cases":17950,"deaths":820},"2020-04-20":{"cases":19319,"deaths":939},"2020-04-21":{"cases":20126,"deaths":1044},"2020-04-22":{"cases":20965,"deaths":1134}}}