{"name":"Romania","type":"country","dates":{"2020-01-22":{"cases":0,"deaths":0,"recoveries":0},"2020-01-23":{"cases":0,"deaths":0,"recoveries":0},"2020-01-24":{"cases":0,"deaths":0,"recoveries":0},"2020-01-25":{"cases":0,"deaths":0,"recoveries":0},"2020-01-26":{"cases":0,"deaths":0,"recoveries":0},"2020-01-27":{"cases":0,"deaths":0,"recoveries":0},"2020-01-28":{"cases":0,"deaths":0,"recoveries":0},"2020-01-29":{"cases":0,"deaths":0,"recoveries":0},"2020-01-30":{"cases":0,"deaths":0,"recoveries":0},"2020-01-31":{"cases":0,"deaths":0,"recoveries":0},"2020-02-01":{"cases":0,"deaths":0,"recoveries":0},"2020-02-02":{"cases":0,"deaths":0,"recoveries":0},"2020-02-03":{"cases":0,"deaths":0,"recoveries":0},"2020-02-04":{"cases":0,"deaths":0,"recoveries":0},"2020-02-05":{"cases":0,"deaths":0,"recoveries":0},"2020-02-06":{"cases":0,"deaths":0,"recoveries":0},"2020-02-07":{"cases":0,"deaths":0,"recoveries":0},"2020-02-08":{"cases":0,"deaths":0,"recoveries":0},"2020-02-09":{"cases":0,"deaths":0,"recoveries":0},"2020-02-10":{"cases":0,"deaths":0,"recoveries":0},"2020-02-11":{"cases":0,"deaths":0,"recoveries":0},"2020-02-12":{"cases":0,"deaths":0,"recoveries":0},"2020-02-13":{"cases":0,"deaths":0,"recoveries":0},"2020-02-14":{"cases":0,"deaths":0,"recoveries":0},"2020-02-15":{"cases":0,"deaths":0,"recoveries":0},"2020-02-16":{"cases":0,"deaths":0,"recoveries":0},"2020-02-17":{"cases":0,"deaths":0,"recoveries":0},"2020-02-18":{"cases":0,"deaths":0,"recoveries":0},"2020-02-19":{"cases":0,"deaths":0,"recoveries":0},"2020-02-20":{"cases":0,"deaths":0,"recoveries":0},"2020-02-21":{"cases":0,"deaths":0,"recoveries":0},"2020-02-22":{"cases":0,"deaths":0,"recoveries":0},"2020-02-23":{"cases":0,"deaths":0,"recoveries":0},"2020-02-24":{"cases":0,"deaths":0,"recoveries":0},"2020-02-25":{"cases":0,"deaths":0,"recoveries":0},"2020-02-26":{"cases":1,"deaths":0,"recoveries":0},"2020-02-27":{"cases":1,"deaths":0,"recoveries":0},"2020-02-28":{"cases":3,"deaths":0,"recoveries":0},"2020-02-29":{"cases":3,"deaths":0,"recoveries":0},"2020-03-01":{"cases":3,"deaths":0,"recoveries":0},"2020-03-02":{"cases":3,"deaths":0,"recoveries":0},"2020-03-03":{"cases":3,"deaths":0,"recoveries":0},"2020-03-04":{"cases":4,"deaths":0,"recoveries":1},"2020-03-05":{"cases":6,"deaths":0,"recoveries":1},"2020-03-06":{"cases":9,"deaths":0,"recoveries":1},"2020-03-07":{"cases":9,"deaths":0,"recoveries":3},"2020-03-08":{"cases":15,"deaths":0,"recoveries":3},"2020-03-09":{"cases":15,"deaths":0,"recoveries":3},"2020-03-10":{"cases":25,"deaths":0,"recoveries":3},"2020-03-11":{"cases":45,"deaths":0,"recoveries":6},"2020-03-12":{"cases":49,"deaths":0,"recoveries":6},"2020-03-13":{"cases":89,"deaths":0,"recoveries":7},"2020-03-14":{"cases":123,"deaths":0,"recoveries":9},"2020-03-15":{"cases":131,"deaths":0,"recoveries":9},"2020-03-16":{"cases":158,"deaths":0,"recoveries":9},"2020-03-17":{"cases":184,"deaths":0,"recoveries":16},"2020-03-18":{"cases":260,"deaths":0,"recoveries":19},"2020-03-19":{"cases":277,"deaths":0,"recoveries":25},"2020-03-20":{"cases":308,"deaths":0,"recoveries":25},"2020-03-21":{"cases":367,"deaths":0,"recoveries":52},"2020-03-22":{"cases":433,"deaths":3,"recoveries":64},"2020-03-23":{"cases":576,"deaths":7,"recoveries":64},"2020-03-24":{"cases":794,"deaths":11,"recoveries":79},"2020-03-25":{"cases":906,"deaths":17,"recoveries":86},"2020-03-26":{"cases":1029,"deaths":23,"recoveries":94},"2020-03-27":{"cases":1292,"deaths":26,"recoveries":115},"2020-03-28":{"cases":1452,"deaths":37,"recoveries":139},"2020-03-29":{"cases":1815,"deaths":43,"recoveries":206},"2020-03-30":{"cases":2109,"deaths":65,"recoveries":209},"2020-03-31":{"cases":2245,"deaths":82,"recoveries":220},"2020-04-01":{"cases":2460,"deaths":92,"recoveries":252},"2020-04-02":{"cases":2738,"deaths":115,"recoveries":267},"2020-04-03":{"cases":3183,"deaths":133,"recoveries":283},"2020-04-04":{"cases":3613,"deaths":146,"recoveries":329},"2020-04-05":{"cases":3864,"deaths":151,"recoveries":374},"2020-04-06":{"cases":4057,"deaths":176,"recoveries":406},"2020-04-07":{"cases":4417,"deaths":197,"recoveries":460},"2020-04-08":{"cases":4761,"deaths":220,"recoveries":528},"2020-04-09":{"cases":5202,"deaths":248,"recoveries":647},"2020-04-10":{"cases":5467,"deaths":270,"recoveries":729},"2020-04-11":{"cases":5990,"deaths":291,"recoveries":758},"2020-04-12":{"cases":6300,"deaths":316,"recoveries":852},"2020-04-13":{"cases":6633,"deaths":331,"recoveries":914},"2020-04-14":{"cases":6879,"deaths":351,"recoveries":1051},"2020-04-15":{"cases":7216,"deaths":372,"recoveries":1217},"2020-04-16":{"cases":7707,"deaths":392,"recoveries":1357},"2020-04-17":{"cases":8067,"deaths":411,"recoveries":1508},"2020-04-18":{"cases":8418,"deaths":421,"recoveries":1730},"2020-04-19":{"cases":8746,"deaths":451,"recoveries":1892},"2020-04-20":{"cases":8936,"deaths":478,"recoveries":2017},"2020-04-21":{"cases":9242,"deaths":498,"recoveries":2153},"2020-04-22":{"cases":9710,"deaths":524,"recoveries":2406}}}