{"name":"Russia","type":"country","dates":{"2020-01-22":{"cases":0,"deaths":0,"recoveries":0},"2020-01-23":{"cases":0,"deaths":0,"recoveries":0},"2020-01-24":{"cases":0,"deaths":0,"recoveries":0},"2020-01-25":{"cases":0,"deaths":0,"recoveries":0},"2020-01-26":{"cases":0,"deaths":0,"recoveries":0},"2020-01-27":{"cases":0,"deaths":0,"recoveries":0},"2020-01-28":{"cases":0,"deaths":0,"recoveries":0},"2020-01-29":{"cases":0,"deaths":0,"recoveries":0},"2020-01-30":{"cases":0,"deaths":0,"recoveries":0},"2020-01-31":{"cases":2,"deaths":0,"recoveries":0},"2020-02-01":{"cases":2,"deaths":0,"recoveries":0},"2020-02-02":{"cases":2,"deaths":0,"recoveries":0},"2020-02-03":{"cases":2,"deaths":0,"recoveries":0},"2020-02-04":{"cases":2,"deaths":0,"recoveries":0},"2020-02-05":{"cases":2,"deaths":0,"recoveries":0},"2020-02-06":{"cases":2,"deaths":0,"recoveries":0},"2020-02-07":{"cases":2,"deaths":0,"recoveries":0},"2020-02-08":{"cases":2,"deaths":0,"recoveries":0},"2020-02-09":{"cases":2,"deaths":0,"recoveries":0},"2020-02-10":{"cases":2,"deaths":0,"recoveries":0},"2020-02-11":{"cases":2,"deaths":0,"recoveries":0},"2020-02-12":{"cases":2,"deaths":0,"recoveries":2},"2020-02-13":{"cases":2,"deaths":0,"recoveries":2},"2020-02-14":{"cases":2,"deaths":0,"recoveries":2},"2020-02-15":{"cases":2,"deaths":0,"recoveries":2},"2020-02-16":{"cases":2,"deaths":0,"recoveries":2},"2020-02-17":{"cases":2,"deaths":0,"recoveries":2},"2020-02-18":{"cases":2,"deaths":0,"recoveries":2},"2020-02-19":{"cases":2,"deaths":0,"recoveries":2},"2020-02-20":{"cases":2,"deaths":0,"recoveries":2},"2020-02-21":{"cases":2,"deaths":0,"recoveries":2},"2020-02-22":{"cases":2,"deaths":0,"recoveries":2},"2020-02-23":{"cases":2,"deaths":0,"recoveries":2},"2020-02-24":{"cases":2,"deaths":0,"recoveries":2},"2020-02-25":{"cases":2,"deaths":0,"recoveries":2},"2020-02-26":{"cases":2,"deaths":0,"recoveries":2},"2020-02-27":{"cases":2,"deaths":0,"recoveries":2},"2020-02-28":{"cases":2,"deaths":0,"recoveries":2},"2020-02-29":{"cases":2,"deaths":0,"recoveries":2},"2020-03-01":{"cases":2,"deaths":0,"recoveries":2},"2020-03-02":{"cases":3,"deaths":0,"recoveries":2},"2020-03-03":{"cases":3,"deaths":0,"recoveries":2},"2020-03-04":{"cases":3,"deaths":0,"recoveries":2},"2020-03-05":{"cases":4,"deaths":0,"recoveries":2},"2020-03-06":{"cases":13,"deaths":0,"recoveries":2},"2020-03-07":{"cases":13,"deaths":0,"recoveries":2},"2020-03-08":{"cases":17,"deaths":0,"recoveries":3},"2020-03-09":{"cases":17,"deaths":0,"recoveries":3},"2020-03-10":{"cases":20,"deaths":0,"recoveries":3},"2020-03-11":{"cases":20,"deaths":0,"recoveries":3},"2020-03-12":{"cases":28,"deaths":0,"recoveries":3},"2020-03-13":{"cases":45,"deaths":0,"recoveries":3},"2020-03-14":{"cases":59,"deaths":0,"recoveries":8},"2020-03-15":{"cases":63,"deaths":0,"recoveries":8},"2020-03-16":{"cases":90,"deaths":0,"recoveries":8},"2020-03-17":{"cases":114,"deaths":0,"recoveries":8},"2020-03-18":{"cases":147,"deaths":0,"recoveries":8},"2020-03-19":{"cases":199,"deaths":1,"recoveries":9},"2020-03-20":{"cases":253,"deaths":1,"recoveries":9},"2020-03-21":{"cases":306,"deaths":1,"recoveries":12},"2020-03-22":{"cases":367,"deaths":1,"recoveries":16},"2020-03-23":{"cases":438,"deaths":1,"recoveries":16},"2020-03-24":{"cases":495,"deaths":1,"recoveries":22},"2020-03-25":{"cases":658,"deaths":3,"recoveries":29},"2020-03-26":{"cases":840,"deaths":3,"recoveries":38},"2020-03-27":{"cases":1036,"deaths":4,"recoveries":45},"2020-03-28":{"cases":1264,"deaths":4,"recoveries":49},"2020-03-29":{"cases":1534,"deaths":8,"recoveries":64},"2020-03-30":{"cases":1836,"deaths":9,"recoveries":66},"2020-03-31":{"cases":2337,"deaths":17,"recoveries":121},"2020-04-01":{"cases":2777,"deaths":24,"recoveries":190},"2020-04-02":{"cases":3548,"deaths":30,"recoveries":235},"2020-04-03":{"cases":4149,"deaths":34,"recoveries":281},"2020-04-04":{"cases":4731,"deaths":43,"recoveries":333},"2020-04-05":{"cases":5389,"deaths":45,"recoveries":355},"2020-04-06":{"cases":6343,"deaths":47,"recoveries":406},"2020-04-07":{"cases":7497,"deaths":58,"recoveries":494},"2020-04-08":{"cases":8672,"deaths":63,"recoveries":580},"2020-04-09":{"cases":10131,"deaths":76,"recoveries":698},"2020-04-10":{"cases":11917,"deaths":94,"recoveries":795},"2020-04-11":{"cases":13584,"deaths":106,"recoveries":1045},"2020-04-12":{"cases":15770,"deaths":130,"recoveries":1291},"2020-04-13":{"cases":18328,"deaths":148,"recoveries":1470},"2020-04-14":{"cases":21102,"deaths":170,"recoveries":1694},"2020-04-15":{"cases":24490,"deaths":198,"recoveries":1986},"2020-04-16":{"cases":27938,"deaths":232,"recoveries":2304},"2020-04-17":{"cases":32008,"deaths":273,"recoveries":2590},"2020-04-18":{"cases":36793,"deaths":313,"recoveries":3057},"2020-04-19":{"cases":42853,"deaths":361,"recoveries":3291},"2020-04-20":{"cases":47121,"deaths":405,"recoveries":3446},"2020-04-21":{"cases":52763,"deaths":456,"recoveries":3873},"2020-04-22":{"cases":57999,"deaths":513,"recoveries":4420}}}