{"name":"San Marino","type":"country","dates":{"2020-01-22":{"cases":0,"deaths":0,"recoveries":0},"2020-01-23":{"cases":0,"deaths":0,"recoveries":0},"2020-01-24":{"cases":0,"deaths":0,"recoveries":0},"2020-01-25":{"cases":0,"deaths":0,"recoveries":0},"2020-01-26":{"cases":0,"deaths":0,"recoveries":0},"2020-01-27":{"cases":0,"deaths":0,"recoveries":0},"2020-01-28":{"cases":0,"deaths":0,"recoveries":0},"2020-01-29":{"cases":0,"deaths":0,"recoveries":0},"2020-01-30":{"cases":0,"deaths":0,"recoveries":0},"2020-01-31":{"cases":0,"deaths":0,"recoveries":0},"2020-02-01":{"cases":0,"deaths":0,"recoveries":0},"2020-02-02":{"cases":0,"deaths":0,"recoveries":0},"2020-02-03":{"cases":0,"deaths":0,"recoveries":0},"2020-02-04":{"cases":0,"deaths":0,"recoveries":0},"2020-02-05":{"cases":0,"deaths":0,"recoveries":0},"2020-02-06":{"cases":0,"deaths":0,"recoveries":0},"2020-02-07":{"cases":0,"deaths":0,"recoveries":0},"2020-02-08":{"cases":0,"deaths":0,"recoveries":0},"2020-02-09":{"cases":0,"deaths":0,"recoveries":0},"2020-02-10":{"cases":0,"deaths":0,"recoveries":0},"2020-02-11":{"cases":0,"deaths":0,"recoveries":0},"2020-02-12":{"cases":0,"deaths":0,"recoveries":0},"2020-02-13":{"cases":0,"deaths":0,"recoveries":0},"2020-02-14":{"cases":0,"deaths":0,"recoveries":0},"2020-02-15":{"cases":0,"deaths":0,"recoveries":0},"2020-02-16":{"cases":0,"deaths":0,"recoveries":0},"2020-02-17":{"cases":0,"deaths":0,"recoveries":0},"2020-02-18":{"cases":0,"deaths":0,"recoveries":0},"2020-02-19":{"cases":0,"deaths":0,"recoveries":0},"2020-02-20":{"cases":0,"deaths":0,"recoveries":0},"2020-02-21":{"cases":0,"deaths":0,"recoveries":0},"2020-02-22":{"cases":0,"deaths":0,"recoveries":0},"2020-02-23":{"cases":0,"deaths":0,"recoveries":0},"2020-02-24":{"cases":0,"deaths":0,"recoveries":0},"2020-02-25":{"cases":0,"deaths":0,"recoveries":0},"2020-02-26":{"cases":0,"deaths":0,"recoveries":0},"2020-02-27":{"cases":1,"deaths":0,"recoveries":0},"2020-02-28":{"cases":1,"deaths":0,"recoveries":0},"2020-02-29":{"cases":1,"deaths":0,"recoveries":0},"2020-03-01":{"cases":1,"deaths":0,"recoveries":0},"2020-03-02":{"cases":8,"deaths":0,"recoveries":0},"2020-03-03":{"cases":10,"deaths":1,"recoveries":0},"2020-03-04":{"cases":16,"deaths":1,"recoveries":0},"2020-03-05":{"cases":21,"deaths":1,"recoveries":0},"2020-03-06":{"cases":21,"deaths":1,"recoveries":0},"2020-03-07":{"cases":23,"deaths":1,"recoveries":0},"2020-03-08":{"cases":36,"deaths":1,"recoveries":0},"2020-03-09":{"cases":36,"deaths":1,"recoveries":0},"2020-03-10":{"cases":51,"deaths":2,"recoveries":0},"2020-03-11":{"cases":62,"deaths":2,"recoveries":0},"2020-03-12":{"cases":69,"deaths":3,"recoveries":0},"2020-03-13":{"cases":80,"deaths":5,"recoveries":0},"2020-03-14":{"cases":80,"deaths":5,"recoveries":4},"2020-03-15":{"cases":101,"deaths":5,"recoveries":4},"2020-03-16":{"cases":109,"deaths":7,"recoveries":4},"2020-03-17":{"cases":109,"deaths":7,"recoveries":4},"2020-03-18":{"cases":119,"deaths":11,"recoveries":4},"2020-03-19":{"cases":119,"deaths":11,"recoveries":4},"2020-03-20":{"cases":144,"deaths":14,"recoveries":4},"2020-03-21":{"cases":144,"deaths":20,"recoveries":4},"2020-03-22":{"cases":175,"deaths":20,"recoveries":4},"2020-03-23":{"cases":187,"deaths":20,"recoveries":4},"2020-03-24":{"cases":187,"deaths":21,"recoveries":4},"2020-03-25":{"cases":208,"deaths":21,"recoveries":4},"2020-03-26":{"cases":208,"deaths":21,"recoveries":4},"2020-03-27":{"cases":223,"deaths":21,"recoveries":4},"2020-03-28":{"cases":224,"deaths":22,"recoveries":6},"2020-03-29":{"cases":224,"deaths":22,"recoveries":6},"2020-03-30":{"cases":230,"deaths":25,"recoveries":13},"2020-03-31":{"cases":236,"deaths":26,"recoveries":13},"2020-04-01":{"cases":236,"deaths":26,"recoveries":13},"2020-04-02":{"cases":245,"deaths":30,"recoveries":21},"2020-04-03":{"cases":245,"deaths":30,"recoveries":21},"2020-04-04":{"cases":259,"deaths":32,"recoveries":27},"2020-04-05":{"cases":266,"deaths":32,"recoveries":35},"2020-04-06":{"cases":266,"deaths":32,"recoveries":35},"2020-04-07":{"cases":279,"deaths":34,"recoveries":40},"2020-04-08":{"cases":279,"deaths":34,"recoveries":40},"2020-04-09":{"cases":333,"deaths":34,"recoveries":49},"2020-04-10":{"cases":344,"deaths":34,"recoveries":50},"2020-04-11":{"cases":356,"deaths":35,"recoveries":53},"2020-04-12":{"cases":356,"deaths":35,"recoveries":53},"2020-04-13":{"cases":356,"deaths":35,"recoveries":53},"2020-04-14":{"cases":371,"deaths":36,"recoveries":53},"2020-04-15":{"cases":372,"deaths":36,"recoveries":53},"2020-04-16":{"cases":426,"deaths":38,"recoveries":55},"2020-04-17":{"cases":435,"deaths":39,"recoveries":57},"2020-04-18":{"cases":455,"deaths":39,"recoveries":60},"2020-04-19":{"cases":461,"deaths":39,"recoveries":60},"2020-04-20":{"cases":462,"deaths":39,"recoveries":61},"2020-04-21":{"cases":476,"deaths":40,"recoveries":62},"2020-04-22":{"cases":488,"deaths":40,"recoveries":62}}}