{"name":"Saudi Arabia","type":"country","dates":{"2020-01-22":{"cases":0,"deaths":0,"recoveries":0},"2020-01-23":{"cases":0,"deaths":0,"recoveries":0},"2020-01-24":{"cases":0,"deaths":0,"recoveries":0},"2020-01-25":{"cases":0,"deaths":0,"recoveries":0},"2020-01-26":{"cases":0,"deaths":0,"recoveries":0},"2020-01-27":{"cases":0,"deaths":0,"recoveries":0},"2020-01-28":{"cases":0,"deaths":0,"recoveries":0},"2020-01-29":{"cases":0,"deaths":0,"recoveries":0},"2020-01-30":{"cases":0,"deaths":0,"recoveries":0},"2020-01-31":{"cases":0,"deaths":0,"recoveries":0},"2020-02-01":{"cases":0,"deaths":0,"recoveries":0},"2020-02-02":{"cases":0,"deaths":0,"recoveries":0},"2020-02-03":{"cases":0,"deaths":0,"recoveries":0},"2020-02-04":{"cases":0,"deaths":0,"recoveries":0},"2020-02-05":{"cases":0,"deaths":0,"recoveries":0},"2020-02-06":{"cases":0,"deaths":0,"recoveries":0},"2020-02-07":{"cases":0,"deaths":0,"recoveries":0},"2020-02-08":{"cases":0,"deaths":0,"recoveries":0},"2020-02-09":{"cases":0,"deaths":0,"recoveries":0},"2020-02-10":{"cases":0,"deaths":0,"recoveries":0},"2020-02-11":{"cases":0,"deaths":0,"recoveries":0},"2020-02-12":{"cases":0,"deaths":0,"recoveries":0},"2020-02-13":{"cases":0,"deaths":0,"recoveries":0},"2020-02-14":{"cases":0,"deaths":0,"recoveries":0},"2020-02-15":{"cases":0,"deaths":0,"recoveries":0},"2020-02-16":{"cases":0,"deaths":0,"recoveries":0},"2020-02-17":{"cases":0,"deaths":0,"recoveries":0},"2020-02-18":{"cases":0,"deaths":0,"recoveries":0},"2020-02-19":{"cases":0,"deaths":0,"recoveries":0},"2020-02-20":{"cases":0,"deaths":0,"recoveries":0},"2020-02-21":{"cases":0,"deaths":0,"recoveries":0},"2020-02-22":{"cases":0,"deaths":0,"recoveries":0},"2020-02-23":{"cases":0,"deaths":0,"recoveries":0},"2020-02-24":{"cases":0,"deaths":0,"recoveries":0},"2020-02-25":{"cases":0,"deaths":0,"recoveries":0},"2020-02-26":{"cases":0,"deaths":0,"recoveries":0},"2020-02-27":{"cases":0,"deaths":0,"recoveries":0},"2020-02-28":{"cases":0,"deaths":0,"recoveries":0},"2020-02-29":{"cases":0,"deaths":0,"recoveries":0},"2020-03-01":{"cases":0,"deaths":0,"recoveries":0},"2020-03-02":{"cases":1,"deaths":0,"recoveries":0},"2020-03-03":{"cases":1,"deaths":0,"recoveries":0},"2020-03-04":{"cases":1,"deaths":0,"recoveries":0},"2020-03-05":{"cases":5,"deaths":0,"recoveries":0},"2020-03-06":{"cases":5,"deaths":0,"recoveries":0},"2020-03-07":{"cases":5,"deaths":0,"recoveries":0},"2020-03-08":{"cases":11,"deaths":0,"recoveries":0},"2020-03-09":{"cases":15,"deaths":0,"recoveries":0},"2020-03-10":{"cases":20,"deaths":0,"recoveries":1},"2020-03-11":{"cases":21,"deaths":0,"recoveries":1},"2020-03-12":{"cases":45,"deaths":0,"recoveries":1},"2020-03-13":{"cases":86,"deaths":0,"recoveries":1},"2020-03-14":{"cases":103,"deaths":0,"recoveries":1},"2020-03-15":{"cases":103,"deaths":0,"recoveries":1},"2020-03-16":{"cases":118,"deaths":0,"recoveries":2},"2020-03-17":{"cases":171,"deaths":0,"recoveries":6},"2020-03-18":{"cases":171,"deaths":0,"recoveries":6},"2020-03-19":{"cases":274,"deaths":0,"recoveries":6},"2020-03-20":{"cases":344,"deaths":0,"recoveries":8},"2020-03-21":{"cases":392,"deaths":0,"recoveries":16},"2020-03-22":{"cases":511,"deaths":0,"recoveries":16},"2020-03-23":{"cases":562,"deaths":0,"recoveries":16},"2020-03-24":{"cases":767,"deaths":1,"recoveries":28},"2020-03-25":{"cases":900,"deaths":2,"recoveries":29},"2020-03-26":{"cases":1012,"deaths":3,"recoveries":33},"2020-03-27":{"cases":1104,"deaths":3,"recoveries":35},"2020-03-28":{"cases":1203,"deaths":4,"recoveries":37},"2020-03-29":{"cases":1299,"deaths":8,"recoveries":66},"2020-03-30":{"cases":1453,"deaths":8,"recoveries":115},"2020-03-31":{"cases":1563,"deaths":10,"recoveries":165},"2020-04-01":{"cases":1720,"deaths":16,"recoveries":264},"2020-04-02":{"cases":1885,"deaths":21,"recoveries":328},"2020-04-03":{"cases":2039,"deaths":25,"recoveries":351},"2020-04-04":{"cases":2179,"deaths":29,"recoveries":420},"2020-04-05":{"cases":2402,"deaths":34,"recoveries":488},"2020-04-06":{"cases":2605,"deaths":38,"recoveries":551},"2020-04-07":{"cases":2795,"deaths":41,"recoveries":615},"2020-04-08":{"cases":2932,"deaths":41,"recoveries":631},"2020-04-09":{"cases":3287,"deaths":44,"recoveries":666},"2020-04-10":{"cases":3651,"deaths":47,"recoveries":685},"2020-04-11":{"cases":4033,"deaths":52,"recoveries":720},"2020-04-12":{"cases":4462,"deaths":59,"recoveries":761},"2020-04-13":{"cases":4934,"deaths":65,"recoveries":805},"2020-04-14":{"cases":5369,"deaths":73,"recoveries":889},"2020-04-15":{"cases":5862,"deaths":79,"recoveries":931},"2020-04-16":{"cases":6380,"deaths":83,"recoveries":990},"2020-04-17":{"cases":7142,"deaths":87,"recoveries":1049},"2020-04-18":{"cases":8274,"deaths":92,"recoveries":1329},"2020-04-19":{"cases":9362,"deaths":97,"recoveries":1398},"2020-04-20":{"cases":10484,"deaths":103,"recoveries":1490},"2020-04-21":{"cases":11631,"deaths":109,"recoveries":1640},"2020-04-22":{"cases":12772,"deaths":114,"recoveries":1812}}}