{"name":"Senegal","type":"country","dates":{"2020-01-22":{"cases":0,"deaths":0,"recoveries":0},"2020-01-23":{"cases":0,"deaths":0,"recoveries":0},"2020-01-24":{"cases":0,"deaths":0,"recoveries":0},"2020-01-25":{"cases":0,"deaths":0,"recoveries":0},"2020-01-26":{"cases":0,"deaths":0,"recoveries":0},"2020-01-27":{"cases":0,"deaths":0,"recoveries":0},"2020-01-28":{"cases":0,"deaths":0,"recoveries":0},"2020-01-29":{"cases":0,"deaths":0,"recoveries":0},"2020-01-30":{"cases":0,"deaths":0,"recoveries":0},"2020-01-31":{"cases":0,"deaths":0,"recoveries":0},"2020-02-01":{"cases":0,"deaths":0,"recoveries":0},"2020-02-02":{"cases":0,"deaths":0,"recoveries":0},"2020-02-03":{"cases":0,"deaths":0,"recoveries":0},"2020-02-04":{"cases":0,"deaths":0,"recoveries":0},"2020-02-05":{"cases":0,"deaths":0,"recoveries":0},"2020-02-06":{"cases":0,"deaths":0,"recoveries":0},"2020-02-07":{"cases":0,"deaths":0,"recoveries":0},"2020-02-08":{"cases":0,"deaths":0,"recoveries":0},"2020-02-09":{"cases":0,"deaths":0,"recoveries":0},"2020-02-10":{"cases":0,"deaths":0,"recoveries":0},"2020-02-11":{"cases":0,"deaths":0,"recoveries":0},"2020-02-12":{"cases":0,"deaths":0,"recoveries":0},"2020-02-13":{"cases":0,"deaths":0,"recoveries":0},"2020-02-14":{"cases":0,"deaths":0,"recoveries":0},"2020-02-15":{"cases":0,"deaths":0,"recoveries":0},"2020-02-16":{"cases":0,"deaths":0,"recoveries":0},"2020-02-17":{"cases":0,"deaths":0,"recoveries":0},"2020-02-18":{"cases":0,"deaths":0,"recoveries":0},"2020-02-19":{"cases":0,"deaths":0,"recoveries":0},"2020-02-20":{"cases":0,"deaths":0,"recoveries":0},"2020-02-21":{"cases":0,"deaths":0,"recoveries":0},"2020-02-22":{"cases":0,"deaths":0,"recoveries":0},"2020-02-23":{"cases":0,"deaths":0,"recoveries":0},"2020-02-24":{"cases":0,"deaths":0,"recoveries":0},"2020-02-25":{"cases":0,"deaths":0,"recoveries":0},"2020-02-26":{"cases":0,"deaths":0,"recoveries":0},"2020-02-27":{"cases":0,"deaths":0,"recoveries":0},"2020-02-28":{"cases":0,"deaths":0,"recoveries":0},"2020-02-29":{"cases":0,"deaths":0,"recoveries":0},"2020-03-01":{"cases":0,"deaths":0,"recoveries":0},"2020-03-02":{"cases":1,"deaths":0,"recoveries":0},"2020-03-03":{"cases":2,"deaths":0,"recoveries":0},"2020-03-04":{"cases":4,"deaths":0,"recoveries":0},"2020-03-05":{"cases":4,"deaths":0,"recoveries":0},"2020-03-06":{"cases":4,"deaths":0,"recoveries":0},"2020-03-07":{"cases":4,"deaths":0,"recoveries":0},"2020-03-08":{"cases":4,"deaths":0,"recoveries":1},"2020-03-09":{"cases":4,"deaths":0,"recoveries":1},"2020-03-10":{"cases":4,"deaths":0,"recoveries":1},"2020-03-11":{"cases":4,"deaths":0,"recoveries":1},"2020-03-12":{"cases":4,"deaths":0,"recoveries":1},"2020-03-13":{"cases":10,"deaths":0,"recoveries":1},"2020-03-14":{"cases":10,"deaths":0,"recoveries":1},"2020-03-15":{"cases":24,"deaths":0,"recoveries":1},"2020-03-16":{"cases":24,"deaths":0,"recoveries":2},"2020-03-17":{"cases":26,"deaths":0,"recoveries":2},"2020-03-18":{"cases":31,"deaths":0,"recoveries":2},"2020-03-19":{"cases":31,"deaths":0,"recoveries":2},"2020-03-20":{"cases":38,"deaths":0,"recoveries":2},"2020-03-21":{"cases":47,"deaths":0,"recoveries":5},"2020-03-22":{"cases":67,"deaths":0,"recoveries":5},"2020-03-23":{"cases":79,"deaths":0,"recoveries":5},"2020-03-24":{"cases":86,"deaths":0,"recoveries":8},"2020-03-25":{"cases":99,"deaths":0,"recoveries":9},"2020-03-26":{"cases":105,"deaths":0,"recoveries":9},"2020-03-27":{"cases":119,"deaths":0,"recoveries":11},"2020-03-28":{"cases":130,"deaths":0,"recoveries":18},"2020-03-29":{"cases":142,"deaths":0,"recoveries":27},"2020-03-30":{"cases":162,"deaths":0,"recoveries":27},"2020-03-31":{"cases":175,"deaths":0,"recoveries":40},"2020-04-01":{"cases":190,"deaths":1,"recoveries":45},"2020-04-02":{"cases":195,"deaths":1,"recoveries":55},"2020-04-03":{"cases":207,"deaths":1,"recoveries":66},"2020-04-04":{"cases":219,"deaths":2,"recoveries":72},"2020-04-05":{"cases":222,"deaths":2,"recoveries":82},"2020-04-06":{"cases":226,"deaths":2,"recoveries":92},"2020-04-07":{"cases":237,"deaths":2,"recoveries":105},"2020-04-08":{"cases":244,"deaths":2,"recoveries":113},"2020-04-09":{"cases":250,"deaths":2,"recoveries":123},"2020-04-10":{"cases":265,"deaths":2,"recoveries":137},"2020-04-11":{"cases":278,"deaths":2,"recoveries":152},"2020-04-12":{"cases":280,"deaths":2,"recoveries":171},"2020-04-13":{"cases":291,"deaths":2,"recoveries":178},"2020-04-14":{"cases":299,"deaths":2,"recoveries":183},"2020-04-15":{"cases":314,"deaths":2,"recoveries":190},"2020-04-16":{"cases":335,"deaths":2,"recoveries":194},"2020-04-17":{"cases":342,"deaths":2,"recoveries":198},"2020-04-18":{"cases":350,"deaths":3,"recoveries":211},"2020-04-19":{"cases":367,"deaths":3,"recoveries":220},"2020-04-20":{"cases":377,"deaths":5,"recoveries":235},"2020-04-21":{"cases":412,"deaths":5,"recoveries":242},"2020-04-22":{"cases":442,"deaths":6,"recoveries":253}}}