{"name":"Serbia","type":"country","dates":{"2020-01-22":{"cases":0,"deaths":0,"recoveries":0},"2020-01-23":{"cases":0,"deaths":0,"recoveries":0},"2020-01-24":{"cases":0,"deaths":0,"recoveries":0},"2020-01-25":{"cases":0,"deaths":0,"recoveries":0},"2020-01-26":{"cases":0,"deaths":0,"recoveries":0},"2020-01-27":{"cases":0,"deaths":0,"recoveries":0},"2020-01-28":{"cases":0,"deaths":0,"recoveries":0},"2020-01-29":{"cases":0,"deaths":0,"recoveries":0},"2020-01-30":{"cases":0,"deaths":0,"recoveries":0},"2020-01-31":{"cases":0,"deaths":0,"recoveries":0},"2020-02-01":{"cases":0,"deaths":0,"recoveries":0},"2020-02-02":{"cases":0,"deaths":0,"recoveries":0},"2020-02-03":{"cases":0,"deaths":0,"recoveries":0},"2020-02-04":{"cases":0,"deaths":0,"recoveries":0},"2020-02-05":{"cases":0,"deaths":0,"recoveries":0},"2020-02-06":{"cases":0,"deaths":0,"recoveries":0},"2020-02-07":{"cases":0,"deaths":0,"recoveries":0},"2020-02-08":{"cases":0,"deaths":0,"recoveries":0},"2020-02-09":{"cases":0,"deaths":0,"recoveries":0},"2020-02-10":{"cases":0,"deaths":0,"recoveries":0},"2020-02-11":{"cases":0,"deaths":0,"recoveries":0},"2020-02-12":{"cases":0,"deaths":0,"recoveries":0},"2020-02-13":{"cases":0,"deaths":0,"recoveries":0},"2020-02-14":{"cases":0,"deaths":0,"recoveries":0},"2020-02-15":{"cases":0,"deaths":0,"recoveries":0},"2020-02-16":{"cases":0,"deaths":0,"recoveries":0},"2020-02-17":{"cases":0,"deaths":0,"recoveries":0},"2020-02-18":{"cases":0,"deaths":0,"recoveries":0},"2020-02-19":{"cases":0,"deaths":0,"recoveries":0},"2020-02-20":{"cases":0,"deaths":0,"recoveries":0},"2020-02-21":{"cases":0,"deaths":0,"recoveries":0},"2020-02-22":{"cases":0,"deaths":0,"recoveries":0},"2020-02-23":{"cases":0,"deaths":0,"recoveries":0},"2020-02-24":{"cases":0,"deaths":0,"recoveries":0},"2020-02-25":{"cases":0,"deaths":0,"recoveries":0},"2020-02-26":{"cases":0,"deaths":0,"recoveries":0},"2020-02-27":{"cases":0,"deaths":0,"recoveries":0},"2020-02-28":{"cases":0,"deaths":0,"recoveries":0},"2020-02-29":{"cases":0,"deaths":0,"recoveries":0},"2020-03-01":{"cases":0,"deaths":0,"recoveries":0},"2020-03-02":{"cases":0,"deaths":0,"recoveries":0},"2020-03-03":{"cases":0,"deaths":0,"recoveries":0},"2020-03-04":{"cases":0,"deaths":0,"recoveries":0},"2020-03-05":{"cases":0,"deaths":0,"recoveries":0},"2020-03-06":{"cases":1,"deaths":0,"recoveries":0},"2020-03-07":{"cases":1,"deaths":0,"recoveries":0},"2020-03-08":{"cases":1,"deaths":0,"recoveries":0},"2020-03-09":{"cases":1,"deaths":0,"recoveries":0},"2020-03-10":{"cases":5,"deaths":0,"recoveries":0},"2020-03-11":{"cases":12,"deaths":0,"recoveries":0},"2020-03-12":{"cases":19,"deaths":0,"recoveries":0},"2020-03-13":{"cases":35,"deaths":0,"recoveries":0},"2020-03-14":{"cases":46,"deaths":0,"recoveries":0},"2020-03-15":{"cases":48,"deaths":0,"recoveries":0},"2020-03-16":{"cases":55,"deaths":0,"recoveries":1},"2020-03-17":{"cases":65,"deaths":0,"recoveries":1},"2020-03-18":{"cases":83,"deaths":0,"recoveries":1},"2020-03-19":{"cases":103,"deaths":0,"recoveries":1},"2020-03-20":{"cases":135,"deaths":1,"recoveries":1},"2020-03-21":{"cases":171,"deaths":1,"recoveries":1},"2020-03-22":{"cases":222,"deaths":2,"recoveries":1},"2020-03-23":{"cases":249,"deaths":3,"recoveries":1},"2020-03-24":{"cases":303,"deaths":3,"recoveries":15},"2020-03-25":{"cases":384,"deaths":4,"recoveries":15},"2020-03-26":{"cases":384,"deaths":1,"recoveries":0},"2020-03-27":{"cases":457,"deaths":1,"recoveries":0},"2020-03-28":{"cases":659,"deaths":10,"recoveries":0},"2020-03-29":{"cases":741,"deaths":13,"recoveries":0},"2020-03-30":{"cases":785,"deaths":16,"recoveries":0},"2020-03-31":{"cases":900,"deaths":16,"recoveries":0},"2020-04-01":{"cases":1060,"deaths":28,"recoveries":0},"2020-04-02":{"cases":1171,"deaths":31,"recoveries":0},"2020-04-03":{"cases":1476,"deaths":39,"recoveries":0},"2020-04-04":{"cases":1624,"deaths":44,"recoveries":0},"2020-04-05":{"cases":1908,"deaths":51,"recoveries":0},"2020-04-06":{"cases":2200,"deaths":58,"recoveries":0},"2020-04-07":{"cases":2447,"deaths":61,"recoveries":0},"2020-04-08":{"cases":2666,"deaths":65,"recoveries":0},"2020-04-09":{"cases":2867,"deaths":66,"recoveries":0},"2020-04-10":{"cases":3105,"deaths":71,"recoveries":0},"2020-04-11":{"cases":3380,"deaths":74,"recoveries":0},"2020-04-12":{"cases":3630,"deaths":80,"recoveries":0},"2020-04-13":{"cases":4054,"deaths":85,"recoveries":0},"2020-04-14":{"cases":4465,"deaths":94,"recoveries":0},"2020-04-15":{"cases":4873,"deaths":99,"recoveries":0},"2020-04-16":{"cases":5318,"deaths":103,"recoveries":0},"2020-04-17":{"cases":5690,"deaths":110,"recoveries":534},"2020-04-18":{"cases":5994,"deaths":117,"recoveries":637},"2020-04-19":{"cases":6318,"deaths":122,"recoveries":753},"2020-04-20":{"cases":6630,"deaths":125,"recoveries":870},"2020-04-21":{"cases":6630,"deaths":125,"recoveries":870},"2020-04-22":{"cases":6630,"deaths":125,"recoveries":870}}}