{"name":"Shaanxi","country":"China","type":"region","dates":{"2020-01-22":{"cases":0,"deaths":0,"recoveries":0},"2020-01-23":{"cases":3,"deaths":0,"recoveries":0},"2020-01-24":{"cases":5,"deaths":0,"recoveries":0},"2020-01-25":{"cases":15,"deaths":0,"recoveries":0},"2020-01-26":{"cases":22,"deaths":0,"recoveries":0},"2020-01-27":{"cases":35,"deaths":0,"recoveries":0},"2020-01-28":{"cases":46,"deaths":0,"recoveries":0},"2020-01-29":{"cases":56,"deaths":0,"recoveries":0},"2020-01-30":{"cases":63,"deaths":0,"recoveries":0},"2020-01-31":{"cases":87,"deaths":0,"recoveries":0},"2020-02-01":{"cases":101,"deaths":0,"recoveries":0},"2020-02-02":{"cases":116,"deaths":0,"recoveries":0},"2020-02-03":{"cases":128,"deaths":0,"recoveries":0},"2020-02-04":{"cases":142,"deaths":0,"recoveries":2},"2020-02-05":{"cases":165,"deaths":0,"recoveries":6},"2020-02-06":{"cases":173,"deaths":0,"recoveries":9},"2020-02-07":{"cases":184,"deaths":0,"recoveries":17},"2020-02-08":{"cases":195,"deaths":0,"recoveries":20},"2020-02-09":{"cases":208,"deaths":0,"recoveries":25},"2020-02-10":{"cases":213,"deaths":0,"recoveries":30},"2020-02-11":{"cases":219,"deaths":0,"recoveries":32},"2020-02-12":{"cases":225,"deaths":0,"recoveries":43},"2020-02-13":{"cases":229,"deaths":0,"recoveries":46},"2020-02-14":{"cases":230,"deaths":0,"recoveries":54},"2020-02-15":{"cases":232,"deaths":0,"recoveries":60},"2020-02-16":{"cases":236,"deaths":0,"recoveries":71},"2020-02-17":{"cases":240,"deaths":0,"recoveries":79},"2020-02-18":{"cases":240,"deaths":0,"recoveries":89},"2020-02-19":{"cases":242,"deaths":0,"recoveries":102},"2020-02-20":{"cases":245,"deaths":1,"recoveries":118},"2020-02-21":{"cases":245,"deaths":1,"recoveries":134},"2020-02-22":{"cases":245,"deaths":1,"recoveries":149},"2020-02-23":{"cases":245,"deaths":1,"recoveries":163},"2020-02-24":{"cases":245,"deaths":1,"recoveries":173},"2020-02-25":{"cases":245,"deaths":1,"recoveries":186},"2020-02-26":{"cases":245,"deaths":1,"recoveries":192},"2020-02-27":{"cases":245,"deaths":1,"recoveries":195},"2020-02-28":{"cases":245,"deaths":1,"recoveries":199},"2020-02-29":{"cases":245,"deaths":1,"recoveries":207},"2020-03-01":{"cases":245,"deaths":1,"recoveries":208},"2020-03-02":{"cases":245,"deaths":1,"recoveries":216},"2020-03-03":{"cases":245,"deaths":1,"recoveries":216},"2020-03-04":{"cases":245,"deaths":1,"recoveries":223},"2020-03-05":{"cases":245,"deaths":1,"recoveries":224},"2020-03-06":{"cases":245,"deaths":1,"recoveries":226},"2020-03-07":{"cases":245,"deaths":1,"recoveries":226},"2020-03-08":{"cases":245,"deaths":1,"recoveries":227},"2020-03-09":{"cases":245,"deaths":1,"recoveries":227},"2020-03-10":{"cases":245,"deaths":1,"recoveries":227},"2020-03-11":{"cases":245,"deaths":1,"recoveries":232},"2020-03-12":{"cases":245,"deaths":2,"recoveries":232},"2020-03-13":{"cases":245,"deaths":2,"recoveries":232},"2020-03-14":{"cases":245,"deaths":2,"recoveries":232},"2020-03-15":{"cases":245,"deaths":2,"recoveries":232},"2020-03-16":{"cases":245,"deaths":2,"recoveries":233},"2020-03-17":{"cases":246,"deaths":3,"recoveries":236},"2020-03-18":{"cases":246,"deaths":3,"recoveries":237},"2020-03-19":{"cases":246,"deaths":3,"recoveries":237},"2020-03-20":{"cases":247,"deaths":3,"recoveries":237},"2020-03-21":{"cases":248,"deaths":3,"recoveries":239},"2020-03-22":{"cases":248,"deaths":3,"recoveries":239},"2020-03-23":{"cases":248,"deaths":3,"recoveries":239},"2020-03-24":{"cases":249,"deaths":3,"recoveries":240},"2020-03-25":{"cases":250,"deaths":3,"recoveries":240},"2020-03-26":{"cases":253,"deaths":3,"recoveries":242},"2020-03-27":{"cases":253,"deaths":3,"recoveries":242},"2020-03-28":{"cases":253,"deaths":3,"recoveries":242},"2020-03-29":{"cases":253,"deaths":3,"recoveries":242},"2020-03-30":{"cases":253,"deaths":3,"recoveries":242},"2020-03-31":{"cases":253,"deaths":3,"recoveries":242},"2020-04-01":{"cases":255,"deaths":3,"recoveries":242},"2020-04-02":{"cases":255,"deaths":3,"recoveries":242},"2020-04-03":{"cases":255,"deaths":3,"recoveries":244},"2020-04-04":{"cases":256,"deaths":3,"recoveries":245},"2020-04-05":{"cases":256,"deaths":3,"recoveries":245},"2020-04-06":{"cases":256,"deaths":3,"recoveries":246},"2020-04-07":{"cases":256,"deaths":3,"recoveries":246},"2020-04-08":{"cases":256,"deaths":3,"recoveries":246},"2020-04-09":{"cases":256,"deaths":3,"recoveries":246},"2020-04-10":{"cases":256,"deaths":3,"recoveries":246},"2020-04-11":{"cases":256,"deaths":3,"recoveries":248},"2020-04-12":{"cases":256,"deaths":3,"recoveries":248},"2020-04-13":{"cases":256,"deaths":3,"recoveries":248},"2020-04-14":{"cases":256,"deaths":3,"recoveries":248},"2020-04-15":{"cases":256,"deaths":3,"recoveries":251},"2020-04-16":{"cases":256,"deaths":3,"recoveries":251},"2020-04-17":{"cases":256,"deaths":3,"recoveries":252},"2020-04-18":{"cases":256,"deaths":3,"recoveries":252},"2020-04-19":{"cases":256,"deaths":3,"recoveries":252},"2020-04-20":{"cases":256,"deaths":3,"recoveries":252},"2020-04-21":{"cases":277,"deaths":3,"recoveries":253},"2020-04-22":{"cases":279,"deaths":3,"recoveries":253}}}