{"name":"Shanxi","country":"China","type":"region","dates":{"2020-01-22":{"cases":1,"deaths":0,"recoveries":0},"2020-01-23":{"cases":1,"deaths":0,"recoveries":0},"2020-01-24":{"cases":1,"deaths":0,"recoveries":0},"2020-01-25":{"cases":6,"deaths":0,"recoveries":0},"2020-01-26":{"cases":9,"deaths":0,"recoveries":0},"2020-01-27":{"cases":13,"deaths":0,"recoveries":0},"2020-01-28":{"cases":27,"deaths":0,"recoveries":0},"2020-01-29":{"cases":27,"deaths":0,"recoveries":1},"2020-01-30":{"cases":35,"deaths":0,"recoveries":1},"2020-01-31":{"cases":39,"deaths":0,"recoveries":1},"2020-02-01":{"cases":47,"deaths":0,"recoveries":1},"2020-02-02":{"cases":66,"deaths":0,"recoveries":3},"2020-02-03":{"cases":74,"deaths":0,"recoveries":2},"2020-02-04":{"cases":81,"deaths":0,"recoveries":4},"2020-02-05":{"cases":81,"deaths":0,"recoveries":5},"2020-02-06":{"cases":96,"deaths":0,"recoveries":12},"2020-02-07":{"cases":104,"deaths":0,"recoveries":15},"2020-02-08":{"cases":115,"deaths":0,"recoveries":21},"2020-02-09":{"cases":119,"deaths":0,"recoveries":25},"2020-02-10":{"cases":119,"deaths":0,"recoveries":25},"2020-02-11":{"cases":124,"deaths":0,"recoveries":30},"2020-02-12":{"cases":126,"deaths":0,"recoveries":33},"2020-02-13":{"cases":126,"deaths":0,"recoveries":36},"2020-02-14":{"cases":127,"deaths":0,"recoveries":38},"2020-02-15":{"cases":128,"deaths":0,"recoveries":46},"2020-02-16":{"cases":129,"deaths":0,"recoveries":50},"2020-02-17":{"cases":130,"deaths":0,"recoveries":53},"2020-02-18":{"cases":131,"deaths":0,"recoveries":61},"2020-02-19":{"cases":131,"deaths":0,"recoveries":68},"2020-02-20":{"cases":132,"deaths":0,"recoveries":76},"2020-02-21":{"cases":132,"deaths":0,"recoveries":78},"2020-02-22":{"cases":132,"deaths":0,"recoveries":81},"2020-02-23":{"cases":132,"deaths":0,"recoveries":88},"2020-02-24":{"cases":133,"deaths":0,"recoveries":94},"2020-02-25":{"cases":133,"deaths":0,"recoveries":98},"2020-02-26":{"cases":133,"deaths":0,"recoveries":104},"2020-02-27":{"cases":133,"deaths":0,"recoveries":107},"2020-02-28":{"cases":133,"deaths":0,"recoveries":112},"2020-02-29":{"cases":133,"deaths":0,"recoveries":114},"2020-03-01":{"cases":133,"deaths":0,"recoveries":116},"2020-03-02":{"cases":133,"deaths":0,"recoveries":119},"2020-03-03":{"cases":133,"deaths":0,"recoveries":124},"2020-03-04":{"cases":133,"deaths":0,"recoveries":124},"2020-03-05":{"cases":133,"deaths":0,"recoveries":126},"2020-03-06":{"cases":133,"deaths":0,"recoveries":126},"2020-03-07":{"cases":133,"deaths":0,"recoveries":126},"2020-03-08":{"cases":133,"deaths":0,"recoveries":126},"2020-03-09":{"cases":133,"deaths":0,"recoveries":127},"2020-03-10":{"cases":133,"deaths":0,"recoveries":131},"2020-03-11":{"cases":133,"deaths":0,"recoveries":131},"2020-03-12":{"cases":133,"deaths":0,"recoveries":132},"2020-03-13":{"cases":133,"deaths":0,"recoveries":133},"2020-03-14":{"cases":133,"deaths":0,"recoveries":133},"2020-03-15":{"cases":133,"deaths":0,"recoveries":133},"2020-03-16":{"cases":133,"deaths":0,"recoveries":133},"2020-03-17":{"cases":133,"deaths":0,"recoveries":133},"2020-03-18":{"cases":133,"deaths":0,"recoveries":133},"2020-03-19":{"cases":133,"deaths":0,"recoveries":133},"2020-03-20":{"cases":133,"deaths":0,"recoveries":133},"2020-03-21":{"cases":133,"deaths":0,"recoveries":133},"2020-03-22":{"cases":133,"deaths":0,"recoveries":133},"2020-03-23":{"cases":134,"deaths":0,"recoveries":133},"2020-03-24":{"cases":134,"deaths":0,"recoveries":133},"2020-03-25":{"cases":134,"deaths":0,"recoveries":133},"2020-03-26":{"cases":135,"deaths":0,"recoveries":133},"2020-03-27":{"cases":135,"deaths":0,"recoveries":133},"2020-03-28":{"cases":135,"deaths":0,"recoveries":133},"2020-03-29":{"cases":136,"deaths":0,"recoveries":133},"2020-03-30":{"cases":136,"deaths":0,"recoveries":133},"2020-03-31":{"cases":136,"deaths":0,"recoveries":133},"2020-04-01":{"cases":137,"deaths":0,"recoveries":133},"2020-04-02":{"cases":137,"deaths":0,"recoveries":133},"2020-04-03":{"cases":137,"deaths":0,"recoveries":133},"2020-04-04":{"cases":137,"deaths":0,"recoveries":133},"2020-04-05":{"cases":138,"deaths":0,"recoveries":133},"2020-04-06":{"cases":138,"deaths":0,"recoveries":133},"2020-04-07":{"cases":138,"deaths":0,"recoveries":133},"2020-04-08":{"cases":163,"deaths":0,"recoveries":134},"2020-04-09":{"cases":166,"deaths":0,"recoveries":134},"2020-04-10":{"cases":168,"deaths":0,"recoveries":134},"2020-04-11":{"cases":172,"deaths":0,"recoveries":135},"2020-04-12":{"cases":172,"deaths":0,"recoveries":135},"2020-04-13":{"cases":173,"deaths":0,"recoveries":135},"2020-04-14":{"cases":173,"deaths":0,"recoveries":135},"2020-04-15":{"cases":186,"deaths":0,"recoveries":135},"2020-04-16":{"cases":194,"deaths":0,"recoveries":135},"2020-04-17":{"cases":197,"deaths":0,"recoveries":135},"2020-04-18":{"cases":197,"deaths":0,"recoveries":135},"2020-04-19":{"cases":197,"deaths":0,"recoveries":135},"2020-04-20":{"cases":197,"deaths":0,"recoveries":135},"2020-04-21":{"cases":197,"deaths":0,"recoveries":140},"2020-04-22":{"cases":197,"deaths":0,"recoveries":140}}}