{"name":"Shanghai","country":"China","type":"region","dates":{"2020-01-22":{"cases":9,"deaths":0,"recoveries":0},"2020-01-23":{"cases":16,"deaths":0,"recoveries":0},"2020-01-24":{"cases":20,"deaths":0,"recoveries":1},"2020-01-25":{"cases":33,"deaths":0,"recoveries":1},"2020-01-26":{"cases":40,"deaths":1,"recoveries":1},"2020-01-27":{"cases":53,"deaths":1,"recoveries":3},"2020-01-28":{"cases":66,"deaths":1,"recoveries":4},"2020-01-29":{"cases":96,"deaths":1,"recoveries":5},"2020-01-30":{"cases":112,"deaths":1,"recoveries":5},"2020-01-31":{"cases":135,"deaths":1,"recoveries":9},"2020-02-01":{"cases":169,"deaths":1,"recoveries":10},"2020-02-02":{"cases":182,"deaths":1,"recoveries":10},"2020-02-03":{"cases":203,"deaths":1,"recoveries":10},"2020-02-04":{"cases":219,"deaths":1,"recoveries":12},"2020-02-05":{"cases":243,"deaths":1,"recoveries":15},"2020-02-06":{"cases":257,"deaths":1,"recoveries":25},"2020-02-07":{"cases":277,"deaths":1,"recoveries":30},"2020-02-08":{"cases":286,"deaths":1,"recoveries":41},"2020-02-09":{"cases":293,"deaths":1,"recoveries":44},"2020-02-10":{"cases":299,"deaths":1,"recoveries":48},"2020-02-11":{"cases":303,"deaths":1,"recoveries":52},"2020-02-12":{"cases":311,"deaths":1,"recoveries":57},"2020-02-13":{"cases":315,"deaths":1,"recoveries":62},"2020-02-14":{"cases":318,"deaths":1,"recoveries":90},"2020-02-15":{"cases":326,"deaths":1,"recoveries":124},"2020-02-16":{"cases":328,"deaths":1,"recoveries":140},"2020-02-17":{"cases":333,"deaths":1,"recoveries":161},"2020-02-18":{"cases":333,"deaths":1,"recoveries":177},"2020-02-19":{"cases":333,"deaths":2,"recoveries":186},"2020-02-20":{"cases":334,"deaths":2,"recoveries":199},"2020-02-21":{"cases":334,"deaths":2,"recoveries":211},"2020-02-22":{"cases":335,"deaths":3,"recoveries":227},"2020-02-23":{"cases":335,"deaths":3,"recoveries":249},"2020-02-24":{"cases":335,"deaths":3,"recoveries":261},"2020-02-25":{"cases":336,"deaths":3,"recoveries":268},"2020-02-26":{"cases":337,"deaths":3,"recoveries":272},"2020-02-27":{"cases":337,"deaths":3,"recoveries":276},"2020-02-28":{"cases":337,"deaths":3,"recoveries":279},"2020-02-29":{"cases":337,"deaths":3,"recoveries":287},"2020-03-01":{"cases":337,"deaths":3,"recoveries":290},"2020-03-02":{"cases":337,"deaths":3,"recoveries":292},"2020-03-03":{"cases":338,"deaths":3,"recoveries":294},"2020-03-04":{"cases":338,"deaths":3,"recoveries":298},"2020-03-05":{"cases":339,"deaths":3,"recoveries":303},"2020-03-06":{"cases":342,"deaths":3,"recoveries":306},"2020-03-07":{"cases":342,"deaths":3,"recoveries":313},"2020-03-08":{"cases":342,"deaths":3,"recoveries":314},"2020-03-09":{"cases":342,"deaths":3,"recoveries":315},"2020-03-10":{"cases":344,"deaths":3,"recoveries":319},"2020-03-11":{"cases":344,"deaths":3,"recoveries":320},"2020-03-12":{"cases":344,"deaths":3,"recoveries":321},"2020-03-13":{"cases":346,"deaths":3,"recoveries":324},"2020-03-14":{"cases":353,"deaths":3,"recoveries":324},"2020-03-15":{"cases":353,"deaths":3,"recoveries":324},"2020-03-16":{"cases":355,"deaths":3,"recoveries":325},"2020-03-17":{"cases":358,"deaths":3,"recoveries":325},"2020-03-18":{"cases":361,"deaths":3,"recoveries":326},"2020-03-19":{"cases":363,"deaths":3,"recoveries":326},"2020-03-20":{"cases":371,"deaths":3,"recoveries":326},"2020-03-21":{"cases":380,"deaths":3,"recoveries":327},"2020-03-22":{"cases":404,"deaths":4,"recoveries":328},"2020-03-23":{"cases":404,"deaths":4,"recoveries":329},"2020-03-24":{"cases":414,"deaths":4,"recoveries":330},"2020-03-25":{"cases":433,"deaths":5,"recoveries":330},"2020-03-26":{"cases":451,"deaths":5,"recoveries":331},"2020-03-27":{"cases":468,"deaths":5,"recoveries":334},"2020-03-28":{"cases":485,"deaths":5,"recoveries":334},"2020-03-29":{"cases":492,"deaths":5,"recoveries":334},"2020-03-30":{"cases":498,"deaths":5,"recoveries":338},"2020-03-31":{"cases":509,"deaths":5,"recoveries":341},"2020-04-01":{"cases":516,"deaths":6,"recoveries":341},"2020-04-02":{"cases":522,"deaths":6,"recoveries":343},"2020-04-03":{"cases":526,"deaths":6,"recoveries":348},"2020-04-04":{"cases":529,"deaths":6,"recoveries":356},"2020-04-05":{"cases":531,"deaths":6,"recoveries":383},"2020-04-06":{"cases":536,"deaths":6,"recoveries":389},"2020-04-07":{"cases":538,"deaths":6,"recoveries":406},"2020-04-08":{"cases":543,"deaths":7,"recoveries":418},"2020-04-09":{"cases":552,"deaths":7,"recoveries":422},"2020-04-10":{"cases":555,"deaths":7,"recoveries":435},"2020-04-11":{"cases":555,"deaths":7,"recoveries":438},"2020-04-12":{"cases":607,"deaths":7,"recoveries":446},"2020-04-13":{"cases":618,"deaths":7,"recoveries":446},"2020-04-14":{"cases":618,"deaths":7,"recoveries":468},"2020-04-15":{"cases":622,"deaths":7,"recoveries":485},"2020-04-16":{"cases":628,"deaths":7,"recoveries":489},"2020-04-17":{"cases":628,"deaths":7,"recoveries":512},"2020-04-18":{"cases":628,"deaths":7,"recoveries":512},"2020-04-19":{"cases":635,"deaths":7,"recoveries":521},"2020-04-20":{"cases":638,"deaths":7,"recoveries":530},"2020-04-21":{"cases":638,"deaths":7,"recoveries":530},"2020-04-22":{"cases":639,"deaths":7,"recoveries":534}}}