{"name":"Shandong","country":"China","type":"region","dates":{"2020-01-22":{"cases":2,"deaths":0,"recoveries":0},"2020-01-23":{"cases":6,"deaths":0,"recoveries":0},"2020-01-24":{"cases":15,"deaths":0,"recoveries":0},"2020-01-25":{"cases":27,"deaths":0,"recoveries":0},"2020-01-26":{"cases":46,"deaths":0,"recoveries":0},"2020-01-27":{"cases":75,"deaths":0,"recoveries":0},"2020-01-28":{"cases":95,"deaths":0,"recoveries":0},"2020-01-29":{"cases":130,"deaths":0,"recoveries":1},"2020-01-30":{"cases":158,"deaths":0,"recoveries":1},"2020-01-31":{"cases":184,"deaths":0,"recoveries":2},"2020-02-01":{"cases":206,"deaths":0,"recoveries":3},"2020-02-02":{"cases":230,"deaths":0,"recoveries":6},"2020-02-03":{"cases":259,"deaths":0,"recoveries":7},"2020-02-04":{"cases":275,"deaths":0,"recoveries":11},"2020-02-05":{"cases":307,"deaths":0,"recoveries":15},"2020-02-06":{"cases":347,"deaths":0,"recoveries":27},"2020-02-07":{"cases":386,"deaths":0,"recoveries":37},"2020-02-08":{"cases":416,"deaths":0,"recoveries":44},"2020-02-09":{"cases":444,"deaths":1,"recoveries":63},"2020-02-10":{"cases":466,"deaths":1,"recoveries":66},"2020-02-11":{"cases":487,"deaths":1,"recoveries":80},"2020-02-12":{"cases":497,"deaths":2,"recoveries":92},"2020-02-13":{"cases":509,"deaths":2,"recoveries":105},"2020-02-14":{"cases":523,"deaths":2,"recoveries":136},"2020-02-15":{"cases":532,"deaths":2,"recoveries":156},"2020-02-16":{"cases":537,"deaths":2,"recoveries":173},"2020-02-17":{"cases":541,"deaths":2,"recoveries":191},"2020-02-18":{"cases":543,"deaths":3,"recoveries":211},"2020-02-19":{"cases":544,"deaths":3,"recoveries":231},"2020-02-20":{"cases":546,"deaths":4,"recoveries":254},"2020-02-21":{"cases":749,"deaths":4,"recoveries":281},"2020-02-22":{"cases":750,"deaths":4,"recoveries":302},"2020-02-23":{"cases":754,"deaths":4,"recoveries":321},"2020-02-24":{"cases":755,"deaths":5,"recoveries":343},"2020-02-25":{"cases":756,"deaths":6,"recoveries":355},"2020-02-26":{"cases":756,"deaths":6,"recoveries":377},"2020-02-27":{"cases":756,"deaths":6,"recoveries":387},"2020-02-28":{"cases":756,"deaths":6,"recoveries":405},"2020-02-29":{"cases":756,"deaths":6,"recoveries":421},"2020-03-01":{"cases":758,"deaths":6,"recoveries":443},"2020-03-02":{"cases":758,"deaths":6,"recoveries":460},"2020-03-03":{"cases":758,"deaths":6,"recoveries":511},"2020-03-04":{"cases":758,"deaths":6,"recoveries":516},"2020-03-05":{"cases":758,"deaths":6,"recoveries":578},"2020-03-06":{"cases":758,"deaths":6,"recoveries":618},"2020-03-07":{"cases":758,"deaths":6,"recoveries":627},"2020-03-08":{"cases":758,"deaths":6,"recoveries":642},"2020-03-09":{"cases":758,"deaths":6,"recoveries":700},"2020-03-10":{"cases":758,"deaths":6,"recoveries":719},"2020-03-11":{"cases":760,"deaths":6,"recoveries":726},"2020-03-12":{"cases":760,"deaths":6,"recoveries":734},"2020-03-13":{"cases":760,"deaths":7,"recoveries":739},"2020-03-14":{"cases":760,"deaths":7,"recoveries":741},"2020-03-15":{"cases":760,"deaths":7,"recoveries":741},"2020-03-16":{"cases":760,"deaths":7,"recoveries":746},"2020-03-17":{"cases":761,"deaths":7,"recoveries":746},"2020-03-18":{"cases":761,"deaths":7,"recoveries":746},"2020-03-19":{"cases":761,"deaths":7,"recoveries":747},"2020-03-20":{"cases":762,"deaths":7,"recoveries":748},"2020-03-21":{"cases":764,"deaths":7,"recoveries":749},"2020-03-22":{"cases":767,"deaths":7,"recoveries":750},"2020-03-23":{"cases":768,"deaths":7,"recoveries":751},"2020-03-24":{"cases":768,"deaths":7,"recoveries":752},"2020-03-25":{"cases":769,"deaths":7,"recoveries":752},"2020-03-26":{"cases":771,"deaths":7,"recoveries":752},"2020-03-27":{"cases":772,"deaths":7,"recoveries":752},"2020-03-28":{"cases":772,"deaths":7,"recoveries":752},"2020-03-29":{"cases":772,"deaths":7,"recoveries":752},"2020-03-30":{"cases":773,"deaths":7,"recoveries":753},"2020-03-31":{"cases":774,"deaths":7,"recoveries":753},"2020-04-01":{"cases":774,"deaths":7,"recoveries":753},"2020-04-02":{"cases":775,"deaths":7,"recoveries":753},"2020-04-03":{"cases":778,"deaths":7,"recoveries":754},"2020-04-04":{"cases":778,"deaths":7,"recoveries":755},"2020-04-05":{"cases":779,"deaths":7,"recoveries":755},"2020-04-06":{"cases":780,"deaths":7,"recoveries":755},"2020-04-07":{"cases":781,"deaths":7,"recoveries":755},"2020-04-08":{"cases":783,"deaths":7,"recoveries":755},"2020-04-09":{"cases":783,"deaths":7,"recoveries":756},"2020-04-10":{"cases":783,"deaths":7,"recoveries":756},"2020-04-11":{"cases":784,"deaths":7,"recoveries":757},"2020-04-12":{"cases":784,"deaths":7,"recoveries":757},"2020-04-13":{"cases":784,"deaths":7,"recoveries":758},"2020-04-14":{"cases":784,"deaths":7,"recoveries":759},"2020-04-15":{"cases":784,"deaths":7,"recoveries":761},"2020-04-16":{"cases":784,"deaths":7,"recoveries":761},"2020-04-17":{"cases":787,"deaths":7,"recoveries":761},"2020-04-18":{"cases":787,"deaths":7,"recoveries":765},"2020-04-19":{"cases":787,"deaths":7,"recoveries":765},"2020-04-20":{"cases":787,"deaths":7,"recoveries":765},"2020-04-21":{"cases":787,"deaths":7,"recoveries":765},"2020-04-22":{"cases":787,"deaths":7,"recoveries":766}}}