{"name":"Sichuan","country":"China","type":"region","dates":{"2020-01-22":{"cases":5,"deaths":0,"recoveries":0},"2020-01-23":{"cases":8,"deaths":0,"recoveries":0},"2020-01-24":{"cases":15,"deaths":0,"recoveries":0},"2020-01-25":{"cases":28,"deaths":0,"recoveries":0},"2020-01-26":{"cases":44,"deaths":0,"recoveries":0},"2020-01-27":{"cases":69,"deaths":0,"recoveries":0},"2020-01-28":{"cases":90,"deaths":0,"recoveries":0},"2020-01-29":{"cases":108,"deaths":1,"recoveries":1},"2020-01-30":{"cases":142,"deaths":1,"recoveries":1},"2020-01-31":{"cases":177,"deaths":1,"recoveries":1},"2020-02-01":{"cases":207,"deaths":1,"recoveries":3},"2020-02-02":{"cases":231,"deaths":1,"recoveries":11},"2020-02-03":{"cases":254,"deaths":1,"recoveries":14},"2020-02-04":{"cases":282,"deaths":1,"recoveries":14},"2020-02-05":{"cases":301,"deaths":1,"recoveries":24},"2020-02-06":{"cases":321,"deaths":1,"recoveries":31},"2020-02-07":{"cases":344,"deaths":1,"recoveries":42},"2020-02-08":{"cases":364,"deaths":1,"recoveries":60},"2020-02-09":{"cases":386,"deaths":1,"recoveries":71},"2020-02-10":{"cases":405,"deaths":1,"recoveries":80},"2020-02-11":{"cases":417,"deaths":1,"recoveries":85},"2020-02-12":{"cases":436,"deaths":1,"recoveries":92},"2020-02-13":{"cases":451,"deaths":1,"recoveries":104},"2020-02-14":{"cases":463,"deaths":1,"recoveries":114},"2020-02-15":{"cases":470,"deaths":1,"recoveries":119},"2020-02-16":{"cases":481,"deaths":3,"recoveries":131},"2020-02-17":{"cases":495,"deaths":3,"recoveries":156},"2020-02-18":{"cases":508,"deaths":3,"recoveries":169},"2020-02-19":{"cases":514,"deaths":3,"recoveries":188},"2020-02-20":{"cases":520,"deaths":3,"recoveries":217},"2020-02-21":{"cases":525,"deaths":3,"recoveries":231},"2020-02-22":{"cases":526,"deaths":3,"recoveries":250},"2020-02-23":{"cases":526,"deaths":3,"recoveries":261},"2020-02-24":{"cases":527,"deaths":3,"recoveries":276},"2020-02-25":{"cases":529,"deaths":3,"recoveries":289},"2020-02-26":{"cases":531,"deaths":3,"recoveries":307},"2020-02-27":{"cases":534,"deaths":3,"recoveries":321},"2020-02-28":{"cases":538,"deaths":3,"recoveries":338},"2020-02-29":{"cases":538,"deaths":3,"recoveries":351},"2020-03-01":{"cases":538,"deaths":3,"recoveries":365},"2020-03-02":{"cases":538,"deaths":3,"recoveries":386},"2020-03-03":{"cases":538,"deaths":3,"recoveries":394},"2020-03-04":{"cases":538,"deaths":3,"recoveries":406},"2020-03-05":{"cases":539,"deaths":3,"recoveries":425},"2020-03-06":{"cases":539,"deaths":3,"recoveries":442},"2020-03-07":{"cases":539,"deaths":3,"recoveries":454},"2020-03-08":{"cases":539,"deaths":3,"recoveries":464},"2020-03-09":{"cases":539,"deaths":3,"recoveries":466},"2020-03-10":{"cases":539,"deaths":3,"recoveries":478},"2020-03-11":{"cases":539,"deaths":3,"recoveries":488},"2020-03-12":{"cases":539,"deaths":3,"recoveries":498},"2020-03-13":{"cases":539,"deaths":3,"recoveries":503},"2020-03-14":{"cases":539,"deaths":3,"recoveries":511},"2020-03-15":{"cases":539,"deaths":3,"recoveries":516},"2020-03-16":{"cases":539,"deaths":3,"recoveries":516},"2020-03-17":{"cases":540,"deaths":3,"recoveries":520},"2020-03-18":{"cases":540,"deaths":3,"recoveries":525},"2020-03-19":{"cases":540,"deaths":3,"recoveries":536},"2020-03-20":{"cases":541,"deaths":3,"recoveries":536},"2020-03-21":{"cases":542,"deaths":3,"recoveries":536},"2020-03-22":{"cases":543,"deaths":3,"recoveries":536},"2020-03-23":{"cases":543,"deaths":3,"recoveries":536},"2020-03-24":{"cases":545,"deaths":3,"recoveries":536},"2020-03-25":{"cases":547,"deaths":3,"recoveries":536},"2020-03-26":{"cases":547,"deaths":3,"recoveries":536},"2020-03-27":{"cases":548,"deaths":3,"recoveries":536},"2020-03-28":{"cases":548,"deaths":3,"recoveries":536},"2020-03-29":{"cases":550,"deaths":3,"recoveries":536},"2020-03-30":{"cases":550,"deaths":3,"recoveries":536},"2020-03-31":{"cases":550,"deaths":3,"recoveries":536},"2020-04-01":{"cases":552,"deaths":3,"recoveries":537},"2020-04-02":{"cases":554,"deaths":3,"recoveries":537},"2020-04-03":{"cases":555,"deaths":3,"recoveries":537},"2020-04-04":{"cases":557,"deaths":3,"recoveries":538},"2020-04-05":{"cases":558,"deaths":3,"recoveries":539},"2020-04-06":{"cases":559,"deaths":3,"recoveries":540},"2020-04-07":{"cases":560,"deaths":3,"recoveries":541},"2020-04-08":{"cases":560,"deaths":3,"recoveries":541},"2020-04-09":{"cases":560,"deaths":3,"recoveries":541},"2020-04-10":{"cases":560,"deaths":3,"recoveries":546},"2020-04-11":{"cases":560,"deaths":3,"recoveries":547},"2020-04-12":{"cases":560,"deaths":3,"recoveries":547},"2020-04-13":{"cases":560,"deaths":3,"recoveries":548},"2020-04-14":{"cases":560,"deaths":3,"recoveries":548},"2020-04-15":{"cases":560,"deaths":3,"recoveries":550},"2020-04-16":{"cases":560,"deaths":3,"recoveries":552},"2020-04-17":{"cases":560,"deaths":3,"recoveries":552},"2020-04-18":{"cases":561,"deaths":3,"recoveries":553},"2020-04-19":{"cases":561,"deaths":3,"recoveries":554},"2020-04-20":{"cases":561,"deaths":3,"recoveries":554},"2020-04-21":{"cases":561,"deaths":3,"recoveries":554},"2020-04-22":{"cases":561,"deaths":3,"recoveries":556}}}