{"name":"Singapore","type":"country","dates":{"2020-01-22":{"cases":0,"deaths":0,"recoveries":0},"2020-01-23":{"cases":1,"deaths":0,"recoveries":0},"2020-01-24":{"cases":3,"deaths":0,"recoveries":0},"2020-01-25":{"cases":3,"deaths":0,"recoveries":0},"2020-01-26":{"cases":4,"deaths":0,"recoveries":0},"2020-01-27":{"cases":5,"deaths":0,"recoveries":0},"2020-01-28":{"cases":7,"deaths":0,"recoveries":0},"2020-01-29":{"cases":7,"deaths":0,"recoveries":0},"2020-01-30":{"cases":10,"deaths":0,"recoveries":0},"2020-01-31":{"cases":13,"deaths":0,"recoveries":0},"2020-02-01":{"cases":16,"deaths":0,"recoveries":0},"2020-02-02":{"cases":18,"deaths":0,"recoveries":0},"2020-02-03":{"cases":18,"deaths":0,"recoveries":0},"2020-02-04":{"cases":24,"deaths":0,"recoveries":0},"2020-02-05":{"cases":28,"deaths":0,"recoveries":0},"2020-02-06":{"cases":28,"deaths":0,"recoveries":0},"2020-02-07":{"cases":30,"deaths":0,"recoveries":0},"2020-02-08":{"cases":33,"deaths":0,"recoveries":2},"2020-02-09":{"cases":40,"deaths":0,"recoveries":2},"2020-02-10":{"cases":45,"deaths":0,"recoveries":2},"2020-02-11":{"cases":47,"deaths":0,"recoveries":9},"2020-02-12":{"cases":50,"deaths":0,"recoveries":15},"2020-02-13":{"cases":58,"deaths":0,"recoveries":15},"2020-02-14":{"cases":67,"deaths":0,"recoveries":17},"2020-02-15":{"cases":72,"deaths":0,"recoveries":18},"2020-02-16":{"cases":75,"deaths":0,"recoveries":18},"2020-02-17":{"cases":77,"deaths":0,"recoveries":24},"2020-02-18":{"cases":81,"deaths":0,"recoveries":29},"2020-02-19":{"cases":84,"deaths":0,"recoveries":34},"2020-02-20":{"cases":84,"deaths":0,"recoveries":34},"2020-02-21":{"cases":85,"deaths":0,"recoveries":37},"2020-02-22":{"cases":85,"deaths":0,"recoveries":37},"2020-02-23":{"cases":89,"deaths":0,"recoveries":51},"2020-02-24":{"cases":89,"deaths":0,"recoveries":51},"2020-02-25":{"cases":91,"deaths":0,"recoveries":53},"2020-02-26":{"cases":93,"deaths":0,"recoveries":62},"2020-02-27":{"cases":93,"deaths":0,"recoveries":62},"2020-02-28":{"cases":93,"deaths":0,"recoveries":62},"2020-02-29":{"cases":102,"deaths":0,"recoveries":72},"2020-03-01":{"cases":106,"deaths":0,"recoveries":72},"2020-03-02":{"cases":108,"deaths":0,"recoveries":78},"2020-03-03":{"cases":110,"deaths":0,"recoveries":78},"2020-03-04":{"cases":110,"deaths":0,"recoveries":78},"2020-03-05":{"cases":117,"deaths":0,"recoveries":78},"2020-03-06":{"cases":130,"deaths":0,"recoveries":78},"2020-03-07":{"cases":138,"deaths":0,"recoveries":78},"2020-03-08":{"cases":150,"deaths":0,"recoveries":78},"2020-03-09":{"cases":150,"deaths":0,"recoveries":78},"2020-03-10":{"cases":160,"deaths":0,"recoveries":78},"2020-03-11":{"cases":178,"deaths":0,"recoveries":96},"2020-03-12":{"cases":178,"deaths":0,"recoveries":96},"2020-03-13":{"cases":200,"deaths":0,"recoveries":97},"2020-03-14":{"cases":212,"deaths":0,"recoveries":105},"2020-03-15":{"cases":226,"deaths":0,"recoveries":105},"2020-03-16":{"cases":243,"deaths":0,"recoveries":109},"2020-03-17":{"cases":266,"deaths":0,"recoveries":114},"2020-03-18":{"cases":313,"deaths":0,"recoveries":114},"2020-03-19":{"cases":345,"deaths":0,"recoveries":114},"2020-03-20":{"cases":385,"deaths":0,"recoveries":124},"2020-03-21":{"cases":432,"deaths":2,"recoveries":140},"2020-03-22":{"cases":455,"deaths":2,"recoveries":144},"2020-03-23":{"cases":509,"deaths":2,"recoveries":144},"2020-03-24":{"cases":558,"deaths":2,"recoveries":156},"2020-03-25":{"cases":631,"deaths":2,"recoveries":160},"2020-03-26":{"cases":683,"deaths":2,"recoveries":172},"2020-03-27":{"cases":732,"deaths":2,"recoveries":183},"2020-03-28":{"cases":802,"deaths":2,"recoveries":198},"2020-03-29":{"cases":844,"deaths":3,"recoveries":212},"2020-03-30":{"cases":879,"deaths":3,"recoveries":228},"2020-03-31":{"cases":926,"deaths":3,"recoveries":240},"2020-04-01":{"cases":1000,"deaths":3,"recoveries":245},"2020-04-02":{"cases":1049,"deaths":4,"recoveries":266},"2020-04-03":{"cases":1114,"deaths":5,"recoveries":282},"2020-04-04":{"cases":1189,"deaths":6,"recoveries":297},"2020-04-05":{"cases":1309,"deaths":6,"recoveries":320},"2020-04-06":{"cases":1375,"deaths":6,"recoveries":344},"2020-04-07":{"cases":1481,"deaths":6,"recoveries":377},"2020-04-08":{"cases":1623,"deaths":6,"recoveries":406},"2020-04-09":{"cases":1910,"deaths":6,"recoveries":460},"2020-04-10":{"cases":2108,"deaths":7,"recoveries":492},"2020-04-11":{"cases":2299,"deaths":8,"recoveries":528},"2020-04-12":{"cases":2532,"deaths":8,"recoveries":560},"2020-04-13":{"cases":2918,"deaths":9,"recoveries":586},"2020-04-14":{"cases":3252,"deaths":10,"recoveries":611},"2020-04-15":{"cases":3699,"deaths":10,"recoveries":652},"2020-04-16":{"cases":4427,"deaths":10,"recoveries":683},"2020-04-17":{"cases":5050,"deaths":11,"recoveries":708},"2020-04-18":{"cases":5992,"deaths":11,"recoveries":740},"2020-04-19":{"cases":6588,"deaths":11,"recoveries":768},"2020-04-20":{"cases":8014,"deaths":11,"recoveries":801},"2020-04-21":{"cases":9125,"deaths":11,"recoveries":839},"2020-04-22":{"cases":10141,"deaths":12,"recoveries":896}}}