{"name":"Slovakia","type":"country","dates":{"2020-01-22":{"cases":0,"deaths":0,"recoveries":0},"2020-01-23":{"cases":0,"deaths":0,"recoveries":0},"2020-01-24":{"cases":0,"deaths":0,"recoveries":0},"2020-01-25":{"cases":0,"deaths":0,"recoveries":0},"2020-01-26":{"cases":0,"deaths":0,"recoveries":0},"2020-01-27":{"cases":0,"deaths":0,"recoveries":0},"2020-01-28":{"cases":0,"deaths":0,"recoveries":0},"2020-01-29":{"cases":0,"deaths":0,"recoveries":0},"2020-01-30":{"cases":0,"deaths":0,"recoveries":0},"2020-01-31":{"cases":0,"deaths":0,"recoveries":0},"2020-02-01":{"cases":0,"deaths":0,"recoveries":0},"2020-02-02":{"cases":0,"deaths":0,"recoveries":0},"2020-02-03":{"cases":0,"deaths":0,"recoveries":0},"2020-02-04":{"cases":0,"deaths":0,"recoveries":0},"2020-02-05":{"cases":0,"deaths":0,"recoveries":0},"2020-02-06":{"cases":0,"deaths":0,"recoveries":0},"2020-02-07":{"cases":0,"deaths":0,"recoveries":0},"2020-02-08":{"cases":0,"deaths":0,"recoveries":0},"2020-02-09":{"cases":0,"deaths":0,"recoveries":0},"2020-02-10":{"cases":0,"deaths":0,"recoveries":0},"2020-02-11":{"cases":0,"deaths":0,"recoveries":0},"2020-02-12":{"cases":0,"deaths":0,"recoveries":0},"2020-02-13":{"cases":0,"deaths":0,"recoveries":0},"2020-02-14":{"cases":0,"deaths":0,"recoveries":0},"2020-02-15":{"cases":0,"deaths":0,"recoveries":0},"2020-02-16":{"cases":0,"deaths":0,"recoveries":0},"2020-02-17":{"cases":0,"deaths":0,"recoveries":0},"2020-02-18":{"cases":0,"deaths":0,"recoveries":0},"2020-02-19":{"cases":0,"deaths":0,"recoveries":0},"2020-02-20":{"cases":0,"deaths":0,"recoveries":0},"2020-02-21":{"cases":0,"deaths":0,"recoveries":0},"2020-02-22":{"cases":0,"deaths":0,"recoveries":0},"2020-02-23":{"cases":0,"deaths":0,"recoveries":0},"2020-02-24":{"cases":0,"deaths":0,"recoveries":0},"2020-02-25":{"cases":0,"deaths":0,"recoveries":0},"2020-02-26":{"cases":0,"deaths":0,"recoveries":0},"2020-02-27":{"cases":0,"deaths":0,"recoveries":0},"2020-02-28":{"cases":0,"deaths":0,"recoveries":0},"2020-02-29":{"cases":0,"deaths":0,"recoveries":0},"2020-03-01":{"cases":0,"deaths":0,"recoveries":0},"2020-03-02":{"cases":0,"deaths":0,"recoveries":0},"2020-03-03":{"cases":0,"deaths":0,"recoveries":0},"2020-03-04":{"cases":0,"deaths":0,"recoveries":0},"2020-03-05":{"cases":0,"deaths":0,"recoveries":0},"2020-03-06":{"cases":1,"deaths":0,"recoveries":0},"2020-03-07":{"cases":1,"deaths":0,"recoveries":0},"2020-03-08":{"cases":3,"deaths":0,"recoveries":0},"2020-03-09":{"cases":3,"deaths":0,"recoveries":0},"2020-03-10":{"cases":7,"deaths":0,"recoveries":0},"2020-03-11":{"cases":10,"deaths":0,"recoveries":0},"2020-03-12":{"cases":16,"deaths":0,"recoveries":0},"2020-03-13":{"cases":32,"deaths":0,"recoveries":0},"2020-03-14":{"cases":44,"deaths":0,"recoveries":0},"2020-03-15":{"cases":54,"deaths":0,"recoveries":0},"2020-03-16":{"cases":63,"deaths":0,"recoveries":0},"2020-03-17":{"cases":72,"deaths":0,"recoveries":0},"2020-03-18":{"cases":105,"deaths":1,"recoveries":0},"2020-03-19":{"cases":123,"deaths":1,"recoveries":0},"2020-03-20":{"cases":137,"deaths":1,"recoveries":0},"2020-03-21":{"cases":178,"deaths":1,"recoveries":0},"2020-03-22":{"cases":185,"deaths":0,"recoveries":7},"2020-03-23":{"cases":186,"deaths":0,"recoveries":7},"2020-03-24":{"cases":204,"deaths":0,"recoveries":7},"2020-03-25":{"cases":216,"deaths":0,"recoveries":7},"2020-03-26":{"cases":226,"deaths":0,"recoveries":2},"2020-03-27":{"cases":269,"deaths":0,"recoveries":2},"2020-03-28":{"cases":292,"deaths":0,"recoveries":2},"2020-03-29":{"cases":314,"deaths":0,"recoveries":2},"2020-03-30":{"cases":336,"deaths":0,"recoveries":7},"2020-03-31":{"cases":363,"deaths":0,"recoveries":3},"2020-04-01":{"cases":400,"deaths":1,"recoveries":3},"2020-04-02":{"cases":426,"deaths":1,"recoveries":5},"2020-04-03":{"cases":450,"deaths":1,"recoveries":10},"2020-04-04":{"cases":471,"deaths":1,"recoveries":10},"2020-04-05":{"cases":485,"deaths":1,"recoveries":10},"2020-04-06":{"cases":534,"deaths":2,"recoveries":8},"2020-04-07":{"cases":581,"deaths":2,"recoveries":13},"2020-04-08":{"cases":682,"deaths":2,"recoveries":16},"2020-04-09":{"cases":701,"deaths":2,"recoveries":23},"2020-04-10":{"cases":715,"deaths":2,"recoveries":23},"2020-04-11":{"cases":728,"deaths":2,"recoveries":23},"2020-04-12":{"cases":742,"deaths":2,"recoveries":23},"2020-04-13":{"cases":769,"deaths":2,"recoveries":107},"2020-04-14":{"cases":835,"deaths":2,"recoveries":113},"2020-04-15":{"cases":863,"deaths":6,"recoveries":151},"2020-04-16":{"cases":977,"deaths":8,"recoveries":167},"2020-04-17":{"cases":1049,"deaths":9,"recoveries":175},"2020-04-18":{"cases":1089,"deaths":11,"recoveries":213},"2020-04-19":{"cases":1161,"deaths":12,"recoveries":229},"2020-04-20":{"cases":1173,"deaths":13,"recoveries":251},"2020-04-21":{"cases":1199,"deaths":14,"recoveries":258},"2020-04-22":{"cases":1244,"deaths":14,"recoveries":284}}}