{"name":"Slovenia","type":"country","dates":{"2020-01-22":{"cases":0,"deaths":0,"recoveries":0},"2020-01-23":{"cases":0,"deaths":0,"recoveries":0},"2020-01-24":{"cases":0,"deaths":0,"recoveries":0},"2020-01-25":{"cases":0,"deaths":0,"recoveries":0},"2020-01-26":{"cases":0,"deaths":0,"recoveries":0},"2020-01-27":{"cases":0,"deaths":0,"recoveries":0},"2020-01-28":{"cases":0,"deaths":0,"recoveries":0},"2020-01-29":{"cases":0,"deaths":0,"recoveries":0},"2020-01-30":{"cases":0,"deaths":0,"recoveries":0},"2020-01-31":{"cases":0,"deaths":0,"recoveries":0},"2020-02-01":{"cases":0,"deaths":0,"recoveries":0},"2020-02-02":{"cases":0,"deaths":0,"recoveries":0},"2020-02-03":{"cases":0,"deaths":0,"recoveries":0},"2020-02-04":{"cases":0,"deaths":0,"recoveries":0},"2020-02-05":{"cases":0,"deaths":0,"recoveries":0},"2020-02-06":{"cases":0,"deaths":0,"recoveries":0},"2020-02-07":{"cases":0,"deaths":0,"recoveries":0},"2020-02-08":{"cases":0,"deaths":0,"recoveries":0},"2020-02-09":{"cases":0,"deaths":0,"recoveries":0},"2020-02-10":{"cases":0,"deaths":0,"recoveries":0},"2020-02-11":{"cases":0,"deaths":0,"recoveries":0},"2020-02-12":{"cases":0,"deaths":0,"recoveries":0},"2020-02-13":{"cases":0,"deaths":0,"recoveries":0},"2020-02-14":{"cases":0,"deaths":0,"recoveries":0},"2020-02-15":{"cases":0,"deaths":0,"recoveries":0},"2020-02-16":{"cases":0,"deaths":0,"recoveries":0},"2020-02-17":{"cases":0,"deaths":0,"recoveries":0},"2020-02-18":{"cases":0,"deaths":0,"recoveries":0},"2020-02-19":{"cases":0,"deaths":0,"recoveries":0},"2020-02-20":{"cases":0,"deaths":0,"recoveries":0},"2020-02-21":{"cases":0,"deaths":0,"recoveries":0},"2020-02-22":{"cases":0,"deaths":0,"recoveries":0},"2020-02-23":{"cases":0,"deaths":0,"recoveries":0},"2020-02-24":{"cases":0,"deaths":0,"recoveries":0},"2020-02-25":{"cases":0,"deaths":0,"recoveries":0},"2020-02-26":{"cases":0,"deaths":0,"recoveries":0},"2020-02-27":{"cases":0,"deaths":0,"recoveries":0},"2020-02-28":{"cases":0,"deaths":0,"recoveries":0},"2020-02-29":{"cases":0,"deaths":0,"recoveries":0},"2020-03-01":{"cases":0,"deaths":0,"recoveries":0},"2020-03-02":{"cases":0,"deaths":0,"recoveries":0},"2020-03-03":{"cases":0,"deaths":0,"recoveries":0},"2020-03-04":{"cases":0,"deaths":0,"recoveries":0},"2020-03-05":{"cases":2,"deaths":0,"recoveries":0},"2020-03-06":{"cases":7,"deaths":0,"recoveries":0},"2020-03-07":{"cases":7,"deaths":0,"recoveries":0},"2020-03-08":{"cases":16,"deaths":0,"recoveries":0},"2020-03-09":{"cases":16,"deaths":0,"recoveries":0},"2020-03-10":{"cases":31,"deaths":0,"recoveries":0},"2020-03-11":{"cases":57,"deaths":0,"recoveries":0},"2020-03-12":{"cases":89,"deaths":0,"recoveries":0},"2020-03-13":{"cases":141,"deaths":0,"recoveries":0},"2020-03-14":{"cases":181,"deaths":1,"recoveries":0},"2020-03-15":{"cases":219,"deaths":1,"recoveries":0},"2020-03-16":{"cases":253,"deaths":1,"recoveries":0},"2020-03-17":{"cases":275,"deaths":1,"recoveries":0},"2020-03-18":{"cases":275,"deaths":1,"recoveries":0},"2020-03-19":{"cases":286,"deaths":1,"recoveries":0},"2020-03-20":{"cases":341,"deaths":1,"recoveries":0},"2020-03-21":{"cases":383,"deaths":1,"recoveries":0},"2020-03-22":{"cases":414,"deaths":2,"recoveries":0},"2020-03-23":{"cases":442,"deaths":3,"recoveries":0},"2020-03-24":{"cases":480,"deaths":4,"recoveries":0},"2020-03-25":{"cases":528,"deaths":5,"recoveries":10},"2020-03-26":{"cases":562,"deaths":6,"recoveries":10},"2020-03-27":{"cases":632,"deaths":9,"recoveries":10},"2020-03-28":{"cases":684,"deaths":9,"recoveries":10},"2020-03-29":{"cases":730,"deaths":11,"recoveries":10},"2020-03-30":{"cases":756,"deaths":11,"recoveries":10},"2020-03-31":{"cases":802,"deaths":15,"recoveries":10},"2020-04-01":{"cases":841,"deaths":15,"recoveries":10},"2020-04-02":{"cases":897,"deaths":17,"recoveries":70},"2020-04-03":{"cases":934,"deaths":20,"recoveries":70},"2020-04-04":{"cases":977,"deaths":22,"recoveries":79},"2020-04-05":{"cases":997,"deaths":28,"recoveries":79},"2020-04-06":{"cases":1021,"deaths":30,"recoveries":102},"2020-04-07":{"cases":1059,"deaths":36,"recoveries":102},"2020-04-08":{"cases":1091,"deaths":40,"recoveries":120},"2020-04-09":{"cases":1124,"deaths":43,"recoveries":128},"2020-04-10":{"cases":1160,"deaths":45,"recoveries":137},"2020-04-11":{"cases":1188,"deaths":50,"recoveries":148},"2020-04-12":{"cases":1205,"deaths":53,"recoveries":150},"2020-04-13":{"cases":1212,"deaths":55,"recoveries":152},"2020-04-14":{"cases":1220,"deaths":56,"recoveries":152},"2020-04-15":{"cases":1248,"deaths":61,"recoveries":165},"2020-04-16":{"cases":1268,"deaths":61,"recoveries":174},"2020-04-17":{"cases":1304,"deaths":66,"recoveries":174},"2020-04-18":{"cases":1317,"deaths":70,"recoveries":190},"2020-04-19":{"cases":1330,"deaths":74,"recoveries":192},"2020-04-20":{"cases":1335,"deaths":77,"recoveries":193},"2020-04-21":{"cases":1344,"deaths":77,"recoveries":197},"2020-04-22":{"cases":1353,"deaths":79,"recoveries":205}}}