{"name":"South Australia","country":"Australia","type":"region","dates":{"2020-01-22":{"cases":0,"deaths":0,"recoveries":0},"2020-01-23":{"cases":0,"deaths":0,"recoveries":0},"2020-01-24":{"cases":0,"deaths":0,"recoveries":0},"2020-01-25":{"cases":0,"deaths":0,"recoveries":0},"2020-01-26":{"cases":0,"deaths":0,"recoveries":0},"2020-01-27":{"cases":0,"deaths":0,"recoveries":0},"2020-01-28":{"cases":0,"deaths":0,"recoveries":0},"2020-01-29":{"cases":0,"deaths":0,"recoveries":0},"2020-01-30":{"cases":0,"deaths":0,"recoveries":0},"2020-01-31":{"cases":0,"deaths":0,"recoveries":0},"2020-02-01":{"cases":1,"deaths":0,"recoveries":0},"2020-02-02":{"cases":2,"deaths":0,"recoveries":0},"2020-02-03":{"cases":2,"deaths":0,"recoveries":0},"2020-02-04":{"cases":2,"deaths":0,"recoveries":0},"2020-02-05":{"cases":2,"deaths":0,"recoveries":0},"2020-02-06":{"cases":2,"deaths":0,"recoveries":0},"2020-02-07":{"cases":2,"deaths":0,"recoveries":0},"2020-02-08":{"cases":2,"deaths":0,"recoveries":0},"2020-02-09":{"cases":2,"deaths":0,"recoveries":0},"2020-02-10":{"cases":2,"deaths":0,"recoveries":0},"2020-02-11":{"cases":2,"deaths":0,"recoveries":0},"2020-02-12":{"cases":2,"deaths":0,"recoveries":0},"2020-02-13":{"cases":2,"deaths":0,"recoveries":0},"2020-02-14":{"cases":2,"deaths":0,"recoveries":0},"2020-02-15":{"cases":2,"deaths":0,"recoveries":0},"2020-02-16":{"cases":2,"deaths":0,"recoveries":0},"2020-02-17":{"cases":2,"deaths":0,"recoveries":2},"2020-02-18":{"cases":2,"deaths":0,"recoveries":2},"2020-02-19":{"cases":2,"deaths":0,"recoveries":2},"2020-02-20":{"cases":2,"deaths":0,"recoveries":2},"2020-02-21":{"cases":2,"deaths":0,"recoveries":2},"2020-02-22":{"cases":2,"deaths":0,"recoveries":2},"2020-02-23":{"cases":2,"deaths":0,"recoveries":2},"2020-02-24":{"cases":2,"deaths":0,"recoveries":2},"2020-02-25":{"cases":2,"deaths":0,"recoveries":2},"2020-02-26":{"cases":2,"deaths":0,"recoveries":2},"2020-02-27":{"cases":2,"deaths":0,"recoveries":2},"2020-02-28":{"cases":2,"deaths":0,"recoveries":2},"2020-02-29":{"cases":3,"deaths":0,"recoveries":2},"2020-03-01":{"cases":3,"deaths":0,"recoveries":2},"2020-03-02":{"cases":3,"deaths":0,"recoveries":2},"2020-03-03":{"cases":3,"deaths":0,"recoveries":2},"2020-03-04":{"cases":5,"deaths":0,"recoveries":2},"2020-03-05":{"cases":5,"deaths":0,"recoveries":2},"2020-03-06":{"cases":7,"deaths":0,"recoveries":2},"2020-03-07":{"cases":7,"deaths":0,"recoveries":2},"2020-03-08":{"cases":7,"deaths":0,"recoveries":2},"2020-03-09":{"cases":7,"deaths":0,"recoveries":2},"2020-03-10":{"cases":7,"deaths":0,"recoveries":2},"2020-03-11":{"cases":9,"deaths":0,"recoveries":2},"2020-03-12":{"cases":9,"deaths":0,"recoveries":2},"2020-03-13":{"cases":16,"deaths":0,"recoveries":3},"2020-03-14":{"cases":19,"deaths":0,"recoveries":3},"2020-03-15":{"cases":20,"deaths":0,"recoveries":3},"2020-03-16":{"cases":29,"deaths":0,"recoveries":3},"2020-03-17":{"cases":29,"deaths":0,"recoveries":3},"2020-03-18":{"cases":37,"deaths":0,"recoveries":3},"2020-03-19":{"cases":42,"deaths":0,"recoveries":3},"2020-03-20":{"cases":50,"deaths":0,"recoveries":3},"2020-03-21":{"cases":67,"deaths":0,"recoveries":3},"2020-03-22":{"cases":100,"deaths":0,"recoveries":3},"2020-03-23":{"cases":134,"deaths":0,"recoveries":3},"2020-03-24":{"cases":170,"deaths":0,"recoveries":3},"2020-03-25":{"cases":170,"deaths":0,"recoveries":6},"2020-03-26":{"cases":235,"deaths":0,"recoveries":6},"2020-03-27":{"cases":257,"deaths":0,"recoveries":6},"2020-03-28":{"cases":287,"deaths":0,"recoveries":6},"2020-03-29":{"cases":299,"deaths":0,"recoveries":6},"2020-03-30":{"cases":305,"deaths":0,"recoveries":6},"2020-03-31":{"cases":337,"deaths":0,"recoveries":6},"2020-04-01":{"cases":367,"deaths":0,"recoveries":6},"2020-04-02":{"cases":367,"deaths":0,"recoveries":6},"2020-04-03":{"cases":396,"deaths":0,"recoveries":46},"2020-04-04":{"cases":407,"deaths":0,"recoveries":46},"2020-04-05":{"cases":407,"deaths":0,"recoveries":46},"2020-04-06":{"cases":411,"deaths":0,"recoveries":53},"2020-04-07":{"cases":411,"deaths":1,"recoveries":53},"2020-04-08":{"cases":415,"deaths":2,"recoveries":53},"2020-04-09":{"cases":420,"deaths":3,"recoveries":120},"2020-04-10":{"cases":428,"deaths":3,"recoveries":179},"2020-04-11":{"cases":429,"deaths":3,"recoveries":179},"2020-04-12":{"cases":429,"deaths":4,"recoveries":179},"2020-04-13":{"cases":429,"deaths":4,"recoveries":179},"2020-04-14":{"cases":433,"deaths":4,"recoveries":240},"2020-04-15":{"cases":433,"deaths":4,"recoveries":240},"2020-04-16":{"cases":433,"deaths":4,"recoveries":279},"2020-04-17":{"cases":435,"deaths":4,"recoveries":331},"2020-04-18":{"cases":435,"deaths":4,"recoveries":331},"2020-04-19":{"cases":435,"deaths":4,"recoveries":331},"2020-04-20":{"cases":435,"deaths":4,"recoveries":331},"2020-04-21":{"cases":435,"deaths":4,"recoveries":331},"2020-04-22":{"cases":435,"deaths":4,"recoveries":331}}}