{"name":"South Africa","type":"country","dates":{"2020-01-22":{"cases":0,"deaths":0,"recoveries":0},"2020-01-23":{"cases":0,"deaths":0,"recoveries":0},"2020-01-24":{"cases":0,"deaths":0,"recoveries":0},"2020-01-25":{"cases":0,"deaths":0,"recoveries":0},"2020-01-26":{"cases":0,"deaths":0,"recoveries":0},"2020-01-27":{"cases":0,"deaths":0,"recoveries":0},"2020-01-28":{"cases":0,"deaths":0,"recoveries":0},"2020-01-29":{"cases":0,"deaths":0,"recoveries":0},"2020-01-30":{"cases":0,"deaths":0,"recoveries":0},"2020-01-31":{"cases":0,"deaths":0,"recoveries":0},"2020-02-01":{"cases":0,"deaths":0,"recoveries":0},"2020-02-02":{"cases":0,"deaths":0,"recoveries":0},"2020-02-03":{"cases":0,"deaths":0,"recoveries":0},"2020-02-04":{"cases":0,"deaths":0,"recoveries":0},"2020-02-05":{"cases":0,"deaths":0,"recoveries":0},"2020-02-06":{"cases":0,"deaths":0,"recoveries":0},"2020-02-07":{"cases":0,"deaths":0,"recoveries":0},"2020-02-08":{"cases":0,"deaths":0,"recoveries":0},"2020-02-09":{"cases":0,"deaths":0,"recoveries":0},"2020-02-10":{"cases":0,"deaths":0,"recoveries":0},"2020-02-11":{"cases":0,"deaths":0,"recoveries":0},"2020-02-12":{"cases":0,"deaths":0,"recoveries":0},"2020-02-13":{"cases":0,"deaths":0,"recoveries":0},"2020-02-14":{"cases":0,"deaths":0,"recoveries":0},"2020-02-15":{"cases":0,"deaths":0,"recoveries":0},"2020-02-16":{"cases":0,"deaths":0,"recoveries":0},"2020-02-17":{"cases":0,"deaths":0,"recoveries":0},"2020-02-18":{"cases":0,"deaths":0,"recoveries":0},"2020-02-19":{"cases":0,"deaths":0,"recoveries":0},"2020-02-20":{"cases":0,"deaths":0,"recoveries":0},"2020-02-21":{"cases":0,"deaths":0,"recoveries":0},"2020-02-22":{"cases":0,"deaths":0,"recoveries":0},"2020-02-23":{"cases":0,"deaths":0,"recoveries":0},"2020-02-24":{"cases":0,"deaths":0,"recoveries":0},"2020-02-25":{"cases":0,"deaths":0,"recoveries":0},"2020-02-26":{"cases":0,"deaths":0,"recoveries":0},"2020-02-27":{"cases":0,"deaths":0,"recoveries":0},"2020-02-28":{"cases":0,"deaths":0,"recoveries":0},"2020-02-29":{"cases":0,"deaths":0,"recoveries":0},"2020-03-01":{"cases":0,"deaths":0,"recoveries":0},"2020-03-02":{"cases":0,"deaths":0,"recoveries":0},"2020-03-03":{"cases":0,"deaths":0,"recoveries":0},"2020-03-04":{"cases":0,"deaths":0,"recoveries":0},"2020-03-05":{"cases":1,"deaths":0,"recoveries":0},"2020-03-06":{"cases":1,"deaths":0,"recoveries":0},"2020-03-07":{"cases":1,"deaths":0,"recoveries":0},"2020-03-08":{"cases":3,"deaths":0,"recoveries":0},"2020-03-09":{"cases":3,"deaths":0,"recoveries":0},"2020-03-10":{"cases":7,"deaths":0,"recoveries":0},"2020-03-11":{"cases":13,"deaths":0,"recoveries":0},"2020-03-12":{"cases":17,"deaths":0,"recoveries":0},"2020-03-13":{"cases":24,"deaths":0,"recoveries":0},"2020-03-14":{"cases":38,"deaths":0,"recoveries":0},"2020-03-15":{"cases":51,"deaths":0,"recoveries":0},"2020-03-16":{"cases":62,"deaths":0,"recoveries":0},"2020-03-17":{"cases":62,"deaths":0,"recoveries":0},"2020-03-18":{"cases":116,"deaths":0,"recoveries":0},"2020-03-19":{"cases":150,"deaths":0,"recoveries":0},"2020-03-20":{"cases":202,"deaths":0,"recoveries":0},"2020-03-21":{"cases":240,"deaths":0,"recoveries":0},"2020-03-22":{"cases":274,"deaths":0,"recoveries":0},"2020-03-23":{"cases":402,"deaths":0,"recoveries":0},"2020-03-24":{"cases":554,"deaths":0,"recoveries":4},"2020-03-25":{"cases":709,"deaths":0,"recoveries":12},"2020-03-26":{"cases":927,"deaths":0,"recoveries":12},"2020-03-27":{"cases":1170,"deaths":1,"recoveries":31},"2020-03-28":{"cases":1187,"deaths":1,"recoveries":31},"2020-03-29":{"cases":1280,"deaths":2,"recoveries":31},"2020-03-30":{"cases":1326,"deaths":3,"recoveries":31},"2020-03-31":{"cases":1353,"deaths":5,"recoveries":31},"2020-04-01":{"cases":1380,"deaths":5,"recoveries":50},"2020-04-02":{"cases":1462,"deaths":5,"recoveries":50},"2020-04-03":{"cases":1505,"deaths":9,"recoveries":95},"2020-04-04":{"cases":1585,"deaths":9,"recoveries":95},"2020-04-05":{"cases":1655,"deaths":11,"recoveries":95},"2020-04-06":{"cases":1686,"deaths":12,"recoveries":95},"2020-04-07":{"cases":1749,"deaths":13,"recoveries":95},"2020-04-08":{"cases":1845,"deaths":18,"recoveries":95},"2020-04-09":{"cases":1934,"deaths":18,"recoveries":95},"2020-04-10":{"cases":2003,"deaths":24,"recoveries":410},"2020-04-11":{"cases":2028,"deaths":25,"recoveries":410},"2020-04-12":{"cases":2173,"deaths":25,"recoveries":410},"2020-04-13":{"cases":2272,"deaths":27,"recoveries":410},"2020-04-14":{"cases":2415,"deaths":27,"recoveries":410},"2020-04-15":{"cases":2506,"deaths":34,"recoveries":410},"2020-04-16":{"cases":2605,"deaths":48,"recoveries":903},"2020-04-17":{"cases":2783,"deaths":50,"recoveries":903},"2020-04-18":{"cases":3034,"deaths":52,"recoveries":903},"2020-04-19":{"cases":3158,"deaths":54,"recoveries":903},"2020-04-20":{"cases":3300,"deaths":58,"recoveries":1055},"2020-04-21":{"cases":3465,"deaths":58,"recoveries":1055},"2020-04-22":{"cases":3635,"deaths":65,"recoveries":1055}}}