{"name":"Spain","type":"country","dates":{"2020-01-22":{"cases":0,"deaths":0,"recoveries":0},"2020-01-23":{"cases":0,"deaths":0,"recoveries":0},"2020-01-24":{"cases":0,"deaths":0,"recoveries":0},"2020-01-25":{"cases":0,"deaths":0,"recoveries":0},"2020-01-26":{"cases":0,"deaths":0,"recoveries":0},"2020-01-27":{"cases":0,"deaths":0,"recoveries":0},"2020-01-28":{"cases":0,"deaths":0,"recoveries":0},"2020-01-29":{"cases":0,"deaths":0,"recoveries":0},"2020-01-30":{"cases":0,"deaths":0,"recoveries":0},"2020-01-31":{"cases":0,"deaths":0,"recoveries":0},"2020-02-01":{"cases":1,"deaths":0,"recoveries":0},"2020-02-02":{"cases":1,"deaths":0,"recoveries":0},"2020-02-03":{"cases":1,"deaths":0,"recoveries":0},"2020-02-04":{"cases":1,"deaths":0,"recoveries":0},"2020-02-05":{"cases":1,"deaths":0,"recoveries":0},"2020-02-06":{"cases":1,"deaths":0,"recoveries":0},"2020-02-07":{"cases":1,"deaths":0,"recoveries":0},"2020-02-08":{"cases":1,"deaths":0,"recoveries":0},"2020-02-09":{"cases":2,"deaths":0,"recoveries":0},"2020-02-10":{"cases":2,"deaths":0,"recoveries":0},"2020-02-11":{"cases":2,"deaths":0,"recoveries":0},"2020-02-12":{"cases":2,"deaths":0,"recoveries":0},"2020-02-13":{"cases":2,"deaths":0,"recoveries":0},"2020-02-14":{"cases":2,"deaths":0,"recoveries":0},"2020-02-15":{"cases":2,"deaths":0,"recoveries":2},"2020-02-16":{"cases":2,"deaths":0,"recoveries":2},"2020-02-17":{"cases":2,"deaths":0,"recoveries":2},"2020-02-18":{"cases":2,"deaths":0,"recoveries":2},"2020-02-19":{"cases":2,"deaths":0,"recoveries":2},"2020-02-20":{"cases":2,"deaths":0,"recoveries":2},"2020-02-21":{"cases":2,"deaths":0,"recoveries":2},"2020-02-22":{"cases":2,"deaths":0,"recoveries":2},"2020-02-23":{"cases":2,"deaths":0,"recoveries":2},"2020-02-24":{"cases":2,"deaths":0,"recoveries":2},"2020-02-25":{"cases":6,"deaths":0,"recoveries":2},"2020-02-26":{"cases":13,"deaths":0,"recoveries":2},"2020-02-27":{"cases":15,"deaths":0,"recoveries":2},"2020-02-28":{"cases":32,"deaths":0,"recoveries":2},"2020-02-29":{"cases":45,"deaths":0,"recoveries":2},"2020-03-01":{"cases":84,"deaths":0,"recoveries":2},"2020-03-02":{"cases":120,"deaths":0,"recoveries":2},"2020-03-03":{"cases":165,"deaths":1,"recoveries":2},"2020-03-04":{"cases":222,"deaths":2,"recoveries":2},"2020-03-05":{"cases":259,"deaths":3,"recoveries":2},"2020-03-06":{"cases":400,"deaths":5,"recoveries":2},"2020-03-07":{"cases":500,"deaths":10,"recoveries":30},"2020-03-08":{"cases":673,"deaths":17,"recoveries":30},"2020-03-09":{"cases":1073,"deaths":28,"recoveries":32},"2020-03-10":{"cases":1695,"deaths":35,"recoveries":32},"2020-03-11":{"cases":2277,"deaths":54,"recoveries":183},"2020-03-12":{"cases":2277,"deaths":55,"recoveries":183},"2020-03-13":{"cases":5232,"deaths":133,"recoveries":193},"2020-03-14":{"cases":6391,"deaths":195,"recoveries":517},"2020-03-15":{"cases":7798,"deaths":289,"recoveries":517},"2020-03-16":{"cases":9942,"deaths":342,"recoveries":530},"2020-03-17":{"cases":11748,"deaths":533,"recoveries":1028},"2020-03-18":{"cases":13910,"deaths":623,"recoveries":1081},"2020-03-19":{"cases":17963,"deaths":830,"recoveries":1107},"2020-03-20":{"cases":20410,"deaths":1043,"recoveries":1588},"2020-03-21":{"cases":25374,"deaths":1375,"recoveries":2125},"2020-03-22":{"cases":28768,"deaths":1772,"recoveries":2575},"2020-03-23":{"cases":35136,"deaths":2311,"recoveries":2575},"2020-03-24":{"cases":39885,"deaths":2808,"recoveries":3794},"2020-03-25":{"cases":49515,"deaths":3647,"recoveries":5367},"2020-03-26":{"cases":57786,"deaths":4365,"recoveries":7015},"2020-03-27":{"cases":65719,"deaths":5138,"recoveries":9357},"2020-03-28":{"cases":73235,"deaths":5982,"recoveries":12285},"2020-03-29":{"cases":80110,"deaths":6803,"recoveries":14709},"2020-03-30":{"cases":87956,"deaths":7716,"recoveries":16780},"2020-03-31":{"cases":95923,"deaths":8464,"recoveries":19259},"2020-04-01":{"cases":104118,"deaths":9387,"recoveries":22647},"2020-04-02":{"cases":112065,"deaths":10348,"recoveries":26743},"2020-04-03":{"cases":119199,"deaths":11198,"recoveries":30513},"2020-04-04":{"cases":126168,"deaths":11947,"recoveries":34219},"2020-04-05":{"cases":131646,"deaths":12641,"recoveries":38080},"2020-04-06":{"cases":136675,"deaths":13341,"recoveries":40437},"2020-04-07":{"cases":141942,"deaths":14045,"recoveries":43208},"2020-04-08":{"cases":148220,"deaths":14792,"recoveries":48021},"2020-04-09":{"cases":153222,"deaths":15447,"recoveries":52165},"2020-04-10":{"cases":158273,"deaths":16081,"recoveries":55668},"2020-04-11":{"cases":163027,"deaths":16606,"recoveries":59109},"2020-04-12":{"cases":166831,"deaths":17209,"recoveries":62391},"2020-04-13":{"cases":170099,"deaths":17756,"recoveries":64727},"2020-04-14":{"cases":172541,"deaths":18056,"recoveries":67504},"2020-04-15":{"cases":177644,"deaths":18708,"recoveries":70853},"2020-04-16":{"cases":184948,"deaths":19315,"recoveries":74797},"2020-04-17":{"cases":190839,"deaths":20002,"recoveries":74797},"2020-04-18":{"cases":191726,"deaths":20043,"recoveries":74797},"2020-04-19":{"cases":198674,"deaths":20453,"recoveries":77357},"2020-04-20":{"cases":200210,"deaths":20852,"recoveries":80587},"2020-04-21":{"cases":204178,"deaths":21282,"recoveries":82514},"2020-04-22":{"cases":208389,"deaths":21717,"recoveries":85915}}}