{"name":"Sri Lanka","type":"country","dates":{"2020-01-22":{"cases":0,"deaths":0,"recoveries":0},"2020-01-23":{"cases":0,"deaths":0,"recoveries":0},"2020-01-24":{"cases":0,"deaths":0,"recoveries":0},"2020-01-25":{"cases":0,"deaths":0,"recoveries":0},"2020-01-26":{"cases":0,"deaths":0,"recoveries":0},"2020-01-27":{"cases":1,"deaths":0,"recoveries":0},"2020-01-28":{"cases":1,"deaths":0,"recoveries":0},"2020-01-29":{"cases":1,"deaths":0,"recoveries":0},"2020-01-30":{"cases":1,"deaths":0,"recoveries":0},"2020-01-31":{"cases":1,"deaths":0,"recoveries":0},"2020-02-01":{"cases":1,"deaths":0,"recoveries":0},"2020-02-02":{"cases":1,"deaths":0,"recoveries":0},"2020-02-03":{"cases":1,"deaths":0,"recoveries":0},"2020-02-04":{"cases":1,"deaths":0,"recoveries":0},"2020-02-05":{"cases":1,"deaths":0,"recoveries":0},"2020-02-06":{"cases":1,"deaths":0,"recoveries":0},"2020-02-07":{"cases":1,"deaths":0,"recoveries":0},"2020-02-08":{"cases":1,"deaths":0,"recoveries":1},"2020-02-09":{"cases":1,"deaths":0,"recoveries":1},"2020-02-10":{"cases":1,"deaths":0,"recoveries":1},"2020-02-11":{"cases":1,"deaths":0,"recoveries":1},"2020-02-12":{"cases":1,"deaths":0,"recoveries":1},"2020-02-13":{"cases":1,"deaths":0,"recoveries":1},"2020-02-14":{"cases":1,"deaths":0,"recoveries":1},"2020-02-15":{"cases":1,"deaths":0,"recoveries":1},"2020-02-16":{"cases":1,"deaths":0,"recoveries":1},"2020-02-17":{"cases":1,"deaths":0,"recoveries":1},"2020-02-18":{"cases":1,"deaths":0,"recoveries":1},"2020-02-19":{"cases":1,"deaths":0,"recoveries":1},"2020-02-20":{"cases":1,"deaths":0,"recoveries":1},"2020-02-21":{"cases":1,"deaths":0,"recoveries":1},"2020-02-22":{"cases":1,"deaths":0,"recoveries":1},"2020-02-23":{"cases":1,"deaths":0,"recoveries":1},"2020-02-24":{"cases":1,"deaths":0,"recoveries":1},"2020-02-25":{"cases":1,"deaths":0,"recoveries":1},"2020-02-26":{"cases":1,"deaths":0,"recoveries":1},"2020-02-27":{"cases":1,"deaths":0,"recoveries":1},"2020-02-28":{"cases":1,"deaths":0,"recoveries":1},"2020-02-29":{"cases":1,"deaths":0,"recoveries":1},"2020-03-01":{"cases":1,"deaths":0,"recoveries":1},"2020-03-02":{"cases":1,"deaths":0,"recoveries":1},"2020-03-03":{"cases":1,"deaths":0,"recoveries":1},"2020-03-04":{"cases":1,"deaths":0,"recoveries":1},"2020-03-05":{"cases":1,"deaths":0,"recoveries":1},"2020-03-06":{"cases":1,"deaths":0,"recoveries":1},"2020-03-07":{"cases":1,"deaths":0,"recoveries":1},"2020-03-08":{"cases":1,"deaths":0,"recoveries":1},"2020-03-09":{"cases":1,"deaths":0,"recoveries":1},"2020-03-10":{"cases":1,"deaths":0,"recoveries":1},"2020-03-11":{"cases":2,"deaths":0,"recoveries":1},"2020-03-12":{"cases":2,"deaths":0,"recoveries":1},"2020-03-13":{"cases":6,"deaths":0,"recoveries":1},"2020-03-14":{"cases":10,"deaths":0,"recoveries":1},"2020-03-15":{"cases":18,"deaths":0,"recoveries":1},"2020-03-16":{"cases":28,"deaths":0,"recoveries":1},"2020-03-17":{"cases":44,"deaths":0,"recoveries":1},"2020-03-18":{"cases":51,"deaths":0,"recoveries":1},"2020-03-19":{"cases":60,"deaths":0,"recoveries":3},"2020-03-20":{"cases":73,"deaths":0,"recoveries":3},"2020-03-21":{"cases":77,"deaths":0,"recoveries":1},"2020-03-22":{"cases":82,"deaths":0,"recoveries":3},"2020-03-23":{"cases":97,"deaths":0,"recoveries":3},"2020-03-24":{"cases":102,"deaths":0,"recoveries":2},"2020-03-25":{"cases":102,"deaths":0,"recoveries":3},"2020-03-26":{"cases":106,"deaths":0,"recoveries":7},"2020-03-27":{"cases":106,"deaths":0,"recoveries":7},"2020-03-28":{"cases":113,"deaths":1,"recoveries":9},"2020-03-29":{"cases":117,"deaths":1,"recoveries":11},"2020-03-30":{"cases":122,"deaths":2,"recoveries":15},"2020-03-31":{"cases":143,"deaths":2,"recoveries":17},"2020-04-01":{"cases":146,"deaths":3,"recoveries":21},"2020-04-02":{"cases":151,"deaths":4,"recoveries":21},"2020-04-03":{"cases":159,"deaths":4,"recoveries":24},"2020-04-04":{"cases":166,"deaths":5,"recoveries":27},"2020-04-05":{"cases":176,"deaths":5,"recoveries":33},"2020-04-06":{"cases":178,"deaths":5,"recoveries":38},"2020-04-07":{"cases":185,"deaths":6,"recoveries":42},"2020-04-08":{"cases":189,"deaths":7,"recoveries":44},"2020-04-09":{"cases":190,"deaths":7,"recoveries":49},"2020-04-10":{"cases":190,"deaths":7,"recoveries":54},"2020-04-11":{"cases":198,"deaths":7,"recoveries":54},"2020-04-12":{"cases":210,"deaths":7,"recoveries":56},"2020-04-13":{"cases":217,"deaths":7,"recoveries":56},"2020-04-14":{"cases":233,"deaths":7,"recoveries":61},"2020-04-15":{"cases":238,"deaths":7,"recoveries":63},"2020-04-16":{"cases":238,"deaths":7,"recoveries":68},"2020-04-17":{"cases":244,"deaths":7,"recoveries":77},"2020-04-18":{"cases":254,"deaths":7,"recoveries":86},"2020-04-19":{"cases":271,"deaths":7,"recoveries":96},"2020-04-20":{"cases":304,"deaths":7,"recoveries":98},"2020-04-21":{"cases":310,"deaths":7,"recoveries":102},"2020-04-22":{"cases":330,"deaths":7,"recoveries":105}}}