{"name":"Sweden","type":"country","dates":{"2020-01-22":{"cases":0,"deaths":0,"recoveries":0},"2020-01-23":{"cases":0,"deaths":0,"recoveries":0},"2020-01-24":{"cases":0,"deaths":0,"recoveries":0},"2020-01-25":{"cases":0,"deaths":0,"recoveries":0},"2020-01-26":{"cases":0,"deaths":0,"recoveries":0},"2020-01-27":{"cases":0,"deaths":0,"recoveries":0},"2020-01-28":{"cases":0,"deaths":0,"recoveries":0},"2020-01-29":{"cases":0,"deaths":0,"recoveries":0},"2020-01-30":{"cases":0,"deaths":0,"recoveries":0},"2020-01-31":{"cases":1,"deaths":0,"recoveries":0},"2020-02-01":{"cases":1,"deaths":0,"recoveries":0},"2020-02-02":{"cases":1,"deaths":0,"recoveries":0},"2020-02-03":{"cases":1,"deaths":0,"recoveries":0},"2020-02-04":{"cases":1,"deaths":0,"recoveries":0},"2020-02-05":{"cases":1,"deaths":0,"recoveries":0},"2020-02-06":{"cases":1,"deaths":0,"recoveries":0},"2020-02-07":{"cases":1,"deaths":0,"recoveries":0},"2020-02-08":{"cases":1,"deaths":0,"recoveries":0},"2020-02-09":{"cases":1,"deaths":0,"recoveries":0},"2020-02-10":{"cases":1,"deaths":0,"recoveries":0},"2020-02-11":{"cases":1,"deaths":0,"recoveries":0},"2020-02-12":{"cases":1,"deaths":0,"recoveries":0},"2020-02-13":{"cases":1,"deaths":0,"recoveries":0},"2020-02-14":{"cases":1,"deaths":0,"recoveries":0},"2020-02-15":{"cases":1,"deaths":0,"recoveries":0},"2020-02-16":{"cases":1,"deaths":0,"recoveries":0},"2020-02-17":{"cases":1,"deaths":0,"recoveries":0},"2020-02-18":{"cases":1,"deaths":0,"recoveries":0},"2020-02-19":{"cases":1,"deaths":0,"recoveries":0},"2020-02-20":{"cases":1,"deaths":0,"recoveries":0},"2020-02-21":{"cases":1,"deaths":0,"recoveries":0},"2020-02-22":{"cases":1,"deaths":0,"recoveries":0},"2020-02-23":{"cases":1,"deaths":0,"recoveries":0},"2020-02-24":{"cases":1,"deaths":0,"recoveries":0},"2020-02-25":{"cases":1,"deaths":0,"recoveries":0},"2020-02-26":{"cases":2,"deaths":0,"recoveries":0},"2020-02-27":{"cases":7,"deaths":0,"recoveries":0},"2020-02-28":{"cases":7,"deaths":0,"recoveries":0},"2020-02-29":{"cases":12,"deaths":0,"recoveries":0},"2020-03-01":{"cases":14,"deaths":0,"recoveries":0},"2020-03-02":{"cases":15,"deaths":0,"recoveries":0},"2020-03-03":{"cases":21,"deaths":0,"recoveries":0},"2020-03-04":{"cases":35,"deaths":0,"recoveries":0},"2020-03-05":{"cases":94,"deaths":0,"recoveries":0},"2020-03-06":{"cases":101,"deaths":0,"recoveries":0},"2020-03-07":{"cases":161,"deaths":0,"recoveries":0},"2020-03-08":{"cases":203,"deaths":0,"recoveries":0},"2020-03-09":{"cases":248,"deaths":0,"recoveries":1},"2020-03-10":{"cases":355,"deaths":0,"recoveries":1},"2020-03-11":{"cases":500,"deaths":1,"recoveries":1},"2020-03-12":{"cases":599,"deaths":1,"recoveries":1},"2020-03-13":{"cases":814,"deaths":1,"recoveries":1},"2020-03-14":{"cases":961,"deaths":2,"recoveries":1},"2020-03-15":{"cases":1022,"deaths":3,"recoveries":1},"2020-03-16":{"cases":1103,"deaths":6,"recoveries":1},"2020-03-17":{"cases":1190,"deaths":7,"recoveries":1},"2020-03-18":{"cases":1279,"deaths":10,"recoveries":1},"2020-03-19":{"cases":1439,"deaths":11,"recoveries":16},"2020-03-20":{"cases":1639,"deaths":16,"recoveries":16},"2020-03-21":{"cases":1763,"deaths":20,"recoveries":16},"2020-03-22":{"cases":1934,"deaths":21,"recoveries":16},"2020-03-23":{"cases":2046,"deaths":25,"recoveries":16},"2020-03-24":{"cases":2286,"deaths":36,"recoveries":16},"2020-03-25":{"cases":2526,"deaths":62,"recoveries":16},"2020-03-26":{"cases":2840,"deaths":77,"recoveries":16},"2020-03-27":{"cases":3069,"deaths":105,"recoveries":16},"2020-03-28":{"cases":3447,"deaths":105,"recoveries":16},"2020-03-29":{"cases":3700,"deaths":110,"recoveries":16},"2020-03-30":{"cases":4028,"deaths":146,"recoveries":16},"2020-03-31":{"cases":4435,"deaths":180,"recoveries":16},"2020-04-01":{"cases":4947,"deaths":239,"recoveries":103},"2020-04-02":{"cases":5568,"deaths":308,"recoveries":103},"2020-04-03":{"cases":6131,"deaths":358,"recoveries":205},"2020-04-04":{"cases":6443,"deaths":373,"recoveries":205},"2020-04-05":{"cases":6830,"deaths":401,"recoveries":205},"2020-04-06":{"cases":7206,"deaths":477,"recoveries":205},"2020-04-07":{"cases":7693,"deaths":591,"recoveries":205},"2020-04-08":{"cases":8419,"deaths":687,"recoveries":205},"2020-04-09":{"cases":9141,"deaths":793,"recoveries":205},"2020-04-10":{"cases":9685,"deaths":870,"recoveries":381},"2020-04-11":{"cases":10151,"deaths":887,"recoveries":381},"2020-04-12":{"cases":10483,"deaths":899,"recoveries":381},"2020-04-13":{"cases":10948,"deaths":919,"recoveries":381},"2020-04-14":{"cases":11445,"deaths":1033,"recoveries":381},"2020-04-15":{"cases":11927,"deaths":1203,"recoveries":381},"2020-04-16":{"cases":12540,"deaths":1333,"recoveries":550},"2020-04-17":{"cases":13216,"deaths":1400,"recoveries":550},"2020-04-18":{"cases":13822,"deaths":1511,"recoveries":550},"2020-04-19":{"cases":14385,"deaths":1540,"recoveries":550},"2020-04-20":{"cases":14777,"deaths":1580,"recoveries":550},"2020-04-21":{"cases":15322,"deaths":1765,"recoveries":550},"2020-04-22":{"cases":16004,"deaths":1937,"recoveries":550}}}