{"name":"Switzerland","type":"country","dates":{"2020-01-22":{"cases":0,"deaths":0,"recoveries":0},"2020-01-23":{"cases":0,"deaths":0,"recoveries":0},"2020-01-24":{"cases":0,"deaths":0,"recoveries":0},"2020-01-25":{"cases":0,"deaths":0,"recoveries":0},"2020-01-26":{"cases":0,"deaths":0,"recoveries":0},"2020-01-27":{"cases":0,"deaths":0,"recoveries":0},"2020-01-28":{"cases":0,"deaths":0,"recoveries":0},"2020-01-29":{"cases":0,"deaths":0,"recoveries":0},"2020-01-30":{"cases":0,"deaths":0,"recoveries":0},"2020-01-31":{"cases":0,"deaths":0,"recoveries":0},"2020-02-01":{"cases":0,"deaths":0,"recoveries":0},"2020-02-02":{"cases":0,"deaths":0,"recoveries":0},"2020-02-03":{"cases":0,"deaths":0,"recoveries":0},"2020-02-04":{"cases":0,"deaths":0,"recoveries":0},"2020-02-05":{"cases":0,"deaths":0,"recoveries":0},"2020-02-06":{"cases":0,"deaths":0,"recoveries":0},"2020-02-07":{"cases":0,"deaths":0,"recoveries":0},"2020-02-08":{"cases":0,"deaths":0,"recoveries":0},"2020-02-09":{"cases":0,"deaths":0,"recoveries":0},"2020-02-10":{"cases":0,"deaths":0,"recoveries":0},"2020-02-11":{"cases":0,"deaths":0,"recoveries":0},"2020-02-12":{"cases":0,"deaths":0,"recoveries":0},"2020-02-13":{"cases":0,"deaths":0,"recoveries":0},"2020-02-14":{"cases":0,"deaths":0,"recoveries":0},"2020-02-15":{"cases":0,"deaths":0,"recoveries":0},"2020-02-16":{"cases":0,"deaths":0,"recoveries":0},"2020-02-17":{"cases":0,"deaths":0,"recoveries":0},"2020-02-18":{"cases":0,"deaths":0,"recoveries":0},"2020-02-19":{"cases":0,"deaths":0,"recoveries":0},"2020-02-20":{"cases":0,"deaths":0,"recoveries":0},"2020-02-21":{"cases":0,"deaths":0,"recoveries":0},"2020-02-22":{"cases":0,"deaths":0,"recoveries":0},"2020-02-23":{"cases":0,"deaths":0,"recoveries":0},"2020-02-24":{"cases":0,"deaths":0,"recoveries":0},"2020-02-25":{"cases":1,"deaths":0,"recoveries":0},"2020-02-26":{"cases":1,"deaths":0,"recoveries":0},"2020-02-27":{"cases":8,"deaths":0,"recoveries":0},"2020-02-28":{"cases":8,"deaths":0,"recoveries":0},"2020-02-29":{"cases":18,"deaths":0,"recoveries":0},"2020-03-01":{"cases":27,"deaths":0,"recoveries":0},"2020-03-02":{"cases":42,"deaths":0,"recoveries":0},"2020-03-03":{"cases":56,"deaths":0,"recoveries":2},"2020-03-04":{"cases":90,"deaths":0,"recoveries":3},"2020-03-05":{"cases":114,"deaths":1,"recoveries":3},"2020-03-06":{"cases":214,"deaths":1,"recoveries":3},"2020-03-07":{"cases":268,"deaths":1,"recoveries":3},"2020-03-08":{"cases":337,"deaths":2,"recoveries":3},"2020-03-09":{"cases":374,"deaths":2,"recoveries":3},"2020-03-10":{"cases":491,"deaths":3,"recoveries":3},"2020-03-11":{"cases":652,"deaths":4,"recoveries":4},"2020-03-12":{"cases":652,"deaths":4,"recoveries":4},"2020-03-13":{"cases":1139,"deaths":11,"recoveries":4},"2020-03-14":{"cases":1359,"deaths":13,"recoveries":4},"2020-03-15":{"cases":2200,"deaths":14,"recoveries":4},"2020-03-16":{"cases":2200,"deaths":14,"recoveries":4},"2020-03-17":{"cases":2700,"deaths":27,"recoveries":4},"2020-03-18":{"cases":3028,"deaths":28,"recoveries":15},"2020-03-19":{"cases":4075,"deaths":41,"recoveries":15},"2020-03-20":{"cases":5294,"deaths":54,"recoveries":15},"2020-03-21":{"cases":6575,"deaths":75,"recoveries":15},"2020-03-22":{"cases":7474,"deaths":98,"recoveries":131},"2020-03-23":{"cases":8795,"deaths":120,"recoveries":131},"2020-03-24":{"cases":9877,"deaths":122,"recoveries":131},"2020-03-25":{"cases":10897,"deaths":153,"recoveries":131},"2020-03-26":{"cases":11811,"deaths":191,"recoveries":131},"2020-03-27":{"cases":12928,"deaths":231,"recoveries":1530},"2020-03-28":{"cases":14076,"deaths":264,"recoveries":1530},"2020-03-29":{"cases":14829,"deaths":300,"recoveries":1595},"2020-03-30":{"cases":15922,"deaths":359,"recoveries":1823},"2020-03-31":{"cases":16605,"deaths":433,"recoveries":1823},"2020-04-01":{"cases":17768,"deaths":488,"recoveries":2967},"2020-04-02":{"cases":18827,"deaths":536,"recoveries":4013},"2020-04-03":{"cases":19606,"deaths":591,"recoveries":4846},"2020-04-04":{"cases":20505,"deaths":666,"recoveries":6415},"2020-04-05":{"cases":21100,"deaths":715,"recoveries":6415},"2020-04-06":{"cases":21657,"deaths":765,"recoveries":8056},"2020-04-07":{"cases":22253,"deaths":821,"recoveries":8704},"2020-04-08":{"cases":23280,"deaths":895,"recoveries":9800},"2020-04-09":{"cases":24051,"deaths":948,"recoveries":10600},"2020-04-10":{"cases":24551,"deaths":1002,"recoveries":11100},"2020-04-11":{"cases":25107,"deaths":1036,"recoveries":12100},"2020-04-12":{"cases":25415,"deaths":1106,"recoveries":12700},"2020-04-13":{"cases":25688,"deaths":1138,"recoveries":13700},"2020-04-14":{"cases":25936,"deaths":1174,"recoveries":13700},"2020-04-15":{"cases":26336,"deaths":1239,"recoveries":15400},"2020-04-16":{"cases":26732,"deaths":1281,"recoveries":15900},"2020-04-17":{"cases":27078,"deaths":1327,"recoveries":16400},"2020-04-18":{"cases":27404,"deaths":1368,"recoveries":17100},"2020-04-19":{"cases":27740,"deaths":1393,"recoveries":17800},"2020-04-20":{"cases":27944,"deaths":1429,"recoveries":18600},"2020-04-21":{"cases":28063,"deaths":1478,"recoveries":19400},"2020-04-22":{"cases":28268,"deaths":1509,"recoveries":19900}}}