{"name":"Taiwan*","type":"country","dates":{"2020-01-22":{"cases":1,"deaths":0,"recoveries":0},"2020-01-23":{"cases":1,"deaths":0,"recoveries":0},"2020-01-24":{"cases":3,"deaths":0,"recoveries":0},"2020-01-25":{"cases":3,"deaths":0,"recoveries":0},"2020-01-26":{"cases":4,"deaths":0,"recoveries":0},"2020-01-27":{"cases":5,"deaths":0,"recoveries":0},"2020-01-28":{"cases":8,"deaths":0,"recoveries":0},"2020-01-29":{"cases":8,"deaths":0,"recoveries":0},"2020-01-30":{"cases":9,"deaths":0,"recoveries":0},"2020-01-31":{"cases":10,"deaths":0,"recoveries":0},"2020-02-01":{"cases":10,"deaths":0,"recoveries":0},"2020-02-02":{"cases":10,"deaths":0,"recoveries":0},"2020-02-03":{"cases":10,"deaths":0,"recoveries":0},"2020-02-04":{"cases":11,"deaths":0,"recoveries":0},"2020-02-05":{"cases":11,"deaths":0,"recoveries":0},"2020-02-06":{"cases":16,"deaths":0,"recoveries":1},"2020-02-07":{"cases":16,"deaths":0,"recoveries":1},"2020-02-08":{"cases":17,"deaths":0,"recoveries":1},"2020-02-09":{"cases":18,"deaths":0,"recoveries":1},"2020-02-10":{"cases":18,"deaths":0,"recoveries":1},"2020-02-11":{"cases":18,"deaths":0,"recoveries":1},"2020-02-12":{"cases":18,"deaths":0,"recoveries":1},"2020-02-13":{"cases":18,"deaths":0,"recoveries":1},"2020-02-14":{"cases":18,"deaths":0,"recoveries":2},"2020-02-15":{"cases":18,"deaths":0,"recoveries":2},"2020-02-16":{"cases":20,"deaths":1,"recoveries":2},"2020-02-17":{"cases":22,"deaths":1,"recoveries":2},"2020-02-18":{"cases":22,"deaths":1,"recoveries":2},"2020-02-19":{"cases":23,"deaths":1,"recoveries":2},"2020-02-20":{"cases":24,"deaths":1,"recoveries":2},"2020-02-21":{"cases":26,"deaths":1,"recoveries":2},"2020-02-22":{"cases":26,"deaths":1,"recoveries":2},"2020-02-23":{"cases":28,"deaths":1,"recoveries":2},"2020-02-24":{"cases":30,"deaths":1,"recoveries":5},"2020-02-25":{"cases":31,"deaths":1,"recoveries":5},"2020-02-26":{"cases":32,"deaths":1,"recoveries":5},"2020-02-27":{"cases":32,"deaths":1,"recoveries":5},"2020-02-28":{"cases":34,"deaths":1,"recoveries":6},"2020-02-29":{"cases":39,"deaths":1,"recoveries":9},"2020-03-01":{"cases":40,"deaths":1,"recoveries":9},"2020-03-02":{"cases":41,"deaths":1,"recoveries":12},"2020-03-03":{"cases":42,"deaths":1,"recoveries":12},"2020-03-04":{"cases":42,"deaths":1,"recoveries":12},"2020-03-05":{"cases":44,"deaths":1,"recoveries":12},"2020-03-06":{"cases":45,"deaths":1,"recoveries":12},"2020-03-07":{"cases":45,"deaths":1,"recoveries":12},"2020-03-08":{"cases":45,"deaths":1,"recoveries":13},"2020-03-09":{"cases":45,"deaths":1,"recoveries":15},"2020-03-10":{"cases":47,"deaths":1,"recoveries":17},"2020-03-11":{"cases":48,"deaths":1,"recoveries":17},"2020-03-12":{"cases":49,"deaths":1,"recoveries":20},"2020-03-13":{"cases":50,"deaths":1,"recoveries":20},"2020-03-14":{"cases":53,"deaths":1,"recoveries":20},"2020-03-15":{"cases":59,"deaths":1,"recoveries":20},"2020-03-16":{"cases":67,"deaths":1,"recoveries":20},"2020-03-17":{"cases":77,"deaths":1,"recoveries":22},"2020-03-18":{"cases":100,"deaths":1,"recoveries":22},"2020-03-19":{"cases":108,"deaths":1,"recoveries":26},"2020-03-20":{"cases":135,"deaths":2,"recoveries":26},"2020-03-21":{"cases":153,"deaths":2,"recoveries":28},"2020-03-22":{"cases":169,"deaths":2,"recoveries":28},"2020-03-23":{"cases":195,"deaths":2,"recoveries":28},"2020-03-24":{"cases":215,"deaths":2,"recoveries":29},"2020-03-25":{"cases":235,"deaths":2,"recoveries":29},"2020-03-26":{"cases":252,"deaths":2,"recoveries":29},"2020-03-27":{"cases":267,"deaths":2,"recoveries":29},"2020-03-28":{"cases":283,"deaths":2,"recoveries":30},"2020-03-29":{"cases":298,"deaths":2,"recoveries":30},"2020-03-30":{"cases":306,"deaths":5,"recoveries":39},"2020-03-31":{"cases":322,"deaths":5,"recoveries":39},"2020-04-01":{"cases":329,"deaths":5,"recoveries":39},"2020-04-02":{"cases":339,"deaths":5,"recoveries":45},"2020-04-03":{"cases":348,"deaths":5,"recoveries":50},"2020-04-04":{"cases":355,"deaths":5,"recoveries":50},"2020-04-05":{"cases":363,"deaths":5,"recoveries":50},"2020-04-06":{"cases":373,"deaths":5,"recoveries":57},"2020-04-07":{"cases":376,"deaths":5,"recoveries":57},"2020-04-08":{"cases":379,"deaths":5,"recoveries":61},"2020-04-09":{"cases":380,"deaths":5,"recoveries":67},"2020-04-10":{"cases":382,"deaths":6,"recoveries":91},"2020-04-11":{"cases":385,"deaths":6,"recoveries":99},"2020-04-12":{"cases":388,"deaths":6,"recoveries":109},"2020-04-13":{"cases":393,"deaths":6,"recoveries":109},"2020-04-14":{"cases":393,"deaths":6,"recoveries":124},"2020-04-15":{"cases":395,"deaths":6,"recoveries":124},"2020-04-16":{"cases":395,"deaths":6,"recoveries":155},"2020-04-17":{"cases":395,"deaths":6,"recoveries":166},"2020-04-18":{"cases":398,"deaths":6,"recoveries":178},"2020-04-19":{"cases":420,"deaths":6,"recoveries":189},"2020-04-20":{"cases":422,"deaths":6,"recoveries":203},"2020-04-21":{"cases":425,"deaths":6,"recoveries":217},"2020-04-22":{"cases":426,"deaths":6,"recoveries":236}}}