{"name":"Thailand","type":"country","dates":{"2020-01-22":{"cases":2,"deaths":0,"recoveries":0},"2020-01-23":{"cases":3,"deaths":0,"recoveries":0},"2020-01-24":{"cases":5,"deaths":0,"recoveries":0},"2020-01-25":{"cases":7,"deaths":0,"recoveries":0},"2020-01-26":{"cases":8,"deaths":0,"recoveries":2},"2020-01-27":{"cases":8,"deaths":0,"recoveries":2},"2020-01-28":{"cases":14,"deaths":0,"recoveries":5},"2020-01-29":{"cases":14,"deaths":0,"recoveries":5},"2020-01-30":{"cases":14,"deaths":0,"recoveries":5},"2020-01-31":{"cases":19,"deaths":0,"recoveries":5},"2020-02-01":{"cases":19,"deaths":0,"recoveries":5},"2020-02-02":{"cases":19,"deaths":0,"recoveries":5},"2020-02-03":{"cases":19,"deaths":0,"recoveries":5},"2020-02-04":{"cases":25,"deaths":0,"recoveries":5},"2020-02-05":{"cases":25,"deaths":0,"recoveries":5},"2020-02-06":{"cases":25,"deaths":0,"recoveries":5},"2020-02-07":{"cases":25,"deaths":0,"recoveries":5},"2020-02-08":{"cases":32,"deaths":0,"recoveries":10},"2020-02-09":{"cases":32,"deaths":0,"recoveries":10},"2020-02-10":{"cases":32,"deaths":0,"recoveries":10},"2020-02-11":{"cases":33,"deaths":0,"recoveries":10},"2020-02-12":{"cases":33,"deaths":0,"recoveries":10},"2020-02-13":{"cases":33,"deaths":0,"recoveries":12},"2020-02-14":{"cases":33,"deaths":0,"recoveries":12},"2020-02-15":{"cases":33,"deaths":0,"recoveries":12},"2020-02-16":{"cases":34,"deaths":0,"recoveries":14},"2020-02-17":{"cases":35,"deaths":0,"recoveries":15},"2020-02-18":{"cases":35,"deaths":0,"recoveries":15},"2020-02-19":{"cases":35,"deaths":0,"recoveries":15},"2020-02-20":{"cases":35,"deaths":0,"recoveries":15},"2020-02-21":{"cases":35,"deaths":0,"recoveries":17},"2020-02-22":{"cases":35,"deaths":0,"recoveries":17},"2020-02-23":{"cases":35,"deaths":0,"recoveries":21},"2020-02-24":{"cases":35,"deaths":0,"recoveries":21},"2020-02-25":{"cases":37,"deaths":0,"recoveries":22},"2020-02-26":{"cases":40,"deaths":0,"recoveries":22},"2020-02-27":{"cases":40,"deaths":0,"recoveries":22},"2020-02-28":{"cases":41,"deaths":0,"recoveries":28},"2020-02-29":{"cases":42,"deaths":0,"recoveries":28},"2020-03-01":{"cases":42,"deaths":1,"recoveries":28},"2020-03-02":{"cases":43,"deaths":1,"recoveries":31},"2020-03-03":{"cases":43,"deaths":1,"recoveries":31},"2020-03-04":{"cases":43,"deaths":1,"recoveries":31},"2020-03-05":{"cases":47,"deaths":1,"recoveries":31},"2020-03-06":{"cases":48,"deaths":1,"recoveries":31},"2020-03-07":{"cases":50,"deaths":1,"recoveries":31},"2020-03-08":{"cases":50,"deaths":1,"recoveries":31},"2020-03-09":{"cases":50,"deaths":1,"recoveries":31},"2020-03-10":{"cases":53,"deaths":1,"recoveries":33},"2020-03-11":{"cases":59,"deaths":1,"recoveries":34},"2020-03-12":{"cases":70,"deaths":1,"recoveries":34},"2020-03-13":{"cases":75,"deaths":1,"recoveries":35},"2020-03-14":{"cases":82,"deaths":1,"recoveries":35},"2020-03-15":{"cases":114,"deaths":1,"recoveries":35},"2020-03-16":{"cases":147,"deaths":1,"recoveries":35},"2020-03-17":{"cases":177,"deaths":1,"recoveries":41},"2020-03-18":{"cases":212,"deaths":1,"recoveries":42},"2020-03-19":{"cases":272,"deaths":1,"recoveries":42},"2020-03-20":{"cases":322,"deaths":1,"recoveries":42},"2020-03-21":{"cases":411,"deaths":1,"recoveries":42},"2020-03-22":{"cases":599,"deaths":1,"recoveries":44},"2020-03-23":{"cases":721,"deaths":1,"recoveries":44},"2020-03-24":{"cases":827,"deaths":4,"recoveries":52},"2020-03-25":{"cases":934,"deaths":4,"recoveries":70},"2020-03-26":{"cases":1045,"deaths":4,"recoveries":88},"2020-03-27":{"cases":1136,"deaths":5,"recoveries":97},"2020-03-28":{"cases":1245,"deaths":6,"recoveries":97},"2020-03-29":{"cases":1388,"deaths":7,"recoveries":97},"2020-03-30":{"cases":1524,"deaths":9,"recoveries":229},"2020-03-31":{"cases":1651,"deaths":10,"recoveries":342},"2020-04-01":{"cases":1771,"deaths":12,"recoveries":505},"2020-04-02":{"cases":1875,"deaths":15,"recoveries":505},"2020-04-03":{"cases":1978,"deaths":19,"recoveries":612},"2020-04-04":{"cases":2067,"deaths":20,"recoveries":674},"2020-04-05":{"cases":2169,"deaths":23,"recoveries":793},"2020-04-06":{"cases":2220,"deaths":26,"recoveries":793},"2020-04-07":{"cases":2258,"deaths":27,"recoveries":888},"2020-04-08":{"cases":2369,"deaths":30,"recoveries":888},"2020-04-09":{"cases":2423,"deaths":32,"recoveries":940},"2020-04-10":{"cases":2473,"deaths":33,"recoveries":1013},"2020-04-11":{"cases":2518,"deaths":35,"recoveries":1135},"2020-04-12":{"cases":2551,"deaths":38,"recoveries":1218},"2020-04-13":{"cases":2579,"deaths":40,"recoveries":1288},"2020-04-14":{"cases":2613,"deaths":41,"recoveries":1405},"2020-04-15":{"cases":2643,"deaths":43,"recoveries":1497},"2020-04-16":{"cases":2672,"deaths":46,"recoveries":1593},"2020-04-17":{"cases":2700,"deaths":47,"recoveries":1689},"2020-04-18":{"cases":2733,"deaths":47,"recoveries":1787},"2020-04-19":{"cases":2765,"deaths":47,"recoveries":1928},"2020-04-20":{"cases":2792,"deaths":47,"recoveries":1999},"2020-04-21":{"cases":2811,"deaths":48,"recoveries":2108},"2020-04-22":{"cases":2826,"deaths":49,"recoveries":2352}}}