{"name":"Tianjin","country":"China","type":"region","dates":{"2020-01-22":{"cases":4,"deaths":0,"recoveries":0},"2020-01-23":{"cases":4,"deaths":0,"recoveries":0},"2020-01-24":{"cases":8,"deaths":0,"recoveries":0},"2020-01-25":{"cases":10,"deaths":0,"recoveries":0},"2020-01-26":{"cases":14,"deaths":0,"recoveries":0},"2020-01-27":{"cases":23,"deaths":0,"recoveries":0},"2020-01-28":{"cases":24,"deaths":0,"recoveries":0},"2020-01-29":{"cases":27,"deaths":0,"recoveries":0},"2020-01-30":{"cases":31,"deaths":0,"recoveries":0},"2020-01-31":{"cases":32,"deaths":0,"recoveries":0},"2020-02-01":{"cases":41,"deaths":0,"recoveries":0},"2020-02-02":{"cases":48,"deaths":0,"recoveries":1},"2020-02-03":{"cases":60,"deaths":0,"recoveries":1},"2020-02-04":{"cases":67,"deaths":0,"recoveries":2},"2020-02-05":{"cases":69,"deaths":1,"recoveries":2},"2020-02-06":{"cases":79,"deaths":1,"recoveries":2},"2020-02-07":{"cases":81,"deaths":1,"recoveries":2},"2020-02-08":{"cases":88,"deaths":1,"recoveries":4},"2020-02-09":{"cases":91,"deaths":1,"recoveries":4},"2020-02-10":{"cases":95,"deaths":1,"recoveries":8},"2020-02-11":{"cases":106,"deaths":2,"recoveries":10},"2020-02-12":{"cases":112,"deaths":2,"recoveries":11},"2020-02-13":{"cases":119,"deaths":3,"recoveries":21},"2020-02-14":{"cases":120,"deaths":3,"recoveries":31},"2020-02-15":{"cases":122,"deaths":3,"recoveries":37},"2020-02-16":{"cases":124,"deaths":3,"recoveries":45},"2020-02-17":{"cases":125,"deaths":3,"recoveries":46},"2020-02-18":{"cases":128,"deaths":3,"recoveries":48},"2020-02-19":{"cases":130,"deaths":3,"recoveries":54},"2020-02-20":{"cases":131,"deaths":3,"recoveries":59},"2020-02-21":{"cases":132,"deaths":3,"recoveries":62},"2020-02-22":{"cases":135,"deaths":3,"recoveries":65},"2020-02-23":{"cases":135,"deaths":3,"recoveries":81},"2020-02-24":{"cases":135,"deaths":3,"recoveries":87},"2020-02-25":{"cases":135,"deaths":3,"recoveries":91},"2020-02-26":{"cases":135,"deaths":3,"recoveries":96},"2020-02-27":{"cases":136,"deaths":3,"recoveries":102},"2020-02-28":{"cases":136,"deaths":3,"recoveries":102},"2020-02-29":{"cases":136,"deaths":3,"recoveries":109},"2020-03-01":{"cases":136,"deaths":3,"recoveries":111},"2020-03-02":{"cases":136,"deaths":3,"recoveries":111},"2020-03-03":{"cases":136,"deaths":3,"recoveries":124},"2020-03-04":{"cases":136,"deaths":3,"recoveries":124},"2020-03-05":{"cases":136,"deaths":3,"recoveries":128},"2020-03-06":{"cases":136,"deaths":3,"recoveries":128},"2020-03-07":{"cases":136,"deaths":3,"recoveries":128},"2020-03-08":{"cases":136,"deaths":3,"recoveries":128},"2020-03-09":{"cases":136,"deaths":3,"recoveries":130},"2020-03-10":{"cases":136,"deaths":3,"recoveries":131},"2020-03-11":{"cases":136,"deaths":3,"recoveries":131},"2020-03-12":{"cases":136,"deaths":3,"recoveries":132},"2020-03-13":{"cases":136,"deaths":3,"recoveries":132},"2020-03-14":{"cases":136,"deaths":3,"recoveries":132},"2020-03-15":{"cases":136,"deaths":3,"recoveries":133},"2020-03-16":{"cases":136,"deaths":3,"recoveries":133},"2020-03-17":{"cases":136,"deaths":3,"recoveries":133},"2020-03-18":{"cases":136,"deaths":3,"recoveries":133},"2020-03-19":{"cases":137,"deaths":3,"recoveries":133},"2020-03-20":{"cases":137,"deaths":3,"recoveries":133},"2020-03-21":{"cases":137,"deaths":3,"recoveries":133},"2020-03-22":{"cases":137,"deaths":3,"recoveries":133},"2020-03-23":{"cases":141,"deaths":3,"recoveries":133},"2020-03-24":{"cases":145,"deaths":3,"recoveries":133},"2020-03-25":{"cases":145,"deaths":3,"recoveries":133},"2020-03-26":{"cases":151,"deaths":3,"recoveries":133},"2020-03-27":{"cases":155,"deaths":3,"recoveries":133},"2020-03-28":{"cases":161,"deaths":3,"recoveries":133},"2020-03-29":{"cases":166,"deaths":3,"recoveries":133},"2020-03-30":{"cases":174,"deaths":3,"recoveries":133},"2020-03-31":{"cases":174,"deaths":3,"recoveries":135},"2020-04-01":{"cases":176,"deaths":3,"recoveries":135},"2020-04-02":{"cases":176,"deaths":3,"recoveries":135},"2020-04-03":{"cases":180,"deaths":3,"recoveries":140},"2020-04-04":{"cases":180,"deaths":3,"recoveries":144},"2020-04-05":{"cases":180,"deaths":3,"recoveries":144},"2020-04-06":{"cases":180,"deaths":3,"recoveries":144},"2020-04-07":{"cases":180,"deaths":3,"recoveries":151},"2020-04-08":{"cases":180,"deaths":3,"recoveries":152},"2020-04-09":{"cases":182,"deaths":3,"recoveries":152},"2020-04-10":{"cases":183,"deaths":3,"recoveries":158},"2020-04-11":{"cases":183,"deaths":3,"recoveries":161},"2020-04-12":{"cases":183,"deaths":3,"recoveries":161},"2020-04-13":{"cases":184,"deaths":3,"recoveries":164},"2020-04-14":{"cases":185,"deaths":3,"recoveries":168},"2020-04-15":{"cases":185,"deaths":3,"recoveries":171},"2020-04-16":{"cases":186,"deaths":3,"recoveries":172},"2020-04-17":{"cases":189,"deaths":3,"recoveries":173},"2020-04-18":{"cases":189,"deaths":3,"recoveries":173},"2020-04-19":{"cases":189,"deaths":3,"recoveries":174},"2020-04-20":{"cases":189,"deaths":3,"recoveries":174},"2020-04-21":{"cases":189,"deaths":3,"recoveries":176},"2020-04-22":{"cases":189,"deaths":3,"recoveries":176}}}