{"name":"Tunisia","type":"country","dates":{"2020-01-22":{"cases":0,"deaths":0,"recoveries":0},"2020-01-23":{"cases":0,"deaths":0,"recoveries":0},"2020-01-24":{"cases":0,"deaths":0,"recoveries":0},"2020-01-25":{"cases":0,"deaths":0,"recoveries":0},"2020-01-26":{"cases":0,"deaths":0,"recoveries":0},"2020-01-27":{"cases":0,"deaths":0,"recoveries":0},"2020-01-28":{"cases":0,"deaths":0,"recoveries":0},"2020-01-29":{"cases":0,"deaths":0,"recoveries":0},"2020-01-30":{"cases":0,"deaths":0,"recoveries":0},"2020-01-31":{"cases":0,"deaths":0,"recoveries":0},"2020-02-01":{"cases":0,"deaths":0,"recoveries":0},"2020-02-02":{"cases":0,"deaths":0,"recoveries":0},"2020-02-03":{"cases":0,"deaths":0,"recoveries":0},"2020-02-04":{"cases":0,"deaths":0,"recoveries":0},"2020-02-05":{"cases":0,"deaths":0,"recoveries":0},"2020-02-06":{"cases":0,"deaths":0,"recoveries":0},"2020-02-07":{"cases":0,"deaths":0,"recoveries":0},"2020-02-08":{"cases":0,"deaths":0,"recoveries":0},"2020-02-09":{"cases":0,"deaths":0,"recoveries":0},"2020-02-10":{"cases":0,"deaths":0,"recoveries":0},"2020-02-11":{"cases":0,"deaths":0,"recoveries":0},"2020-02-12":{"cases":0,"deaths":0,"recoveries":0},"2020-02-13":{"cases":0,"deaths":0,"recoveries":0},"2020-02-14":{"cases":0,"deaths":0,"recoveries":0},"2020-02-15":{"cases":0,"deaths":0,"recoveries":0},"2020-02-16":{"cases":0,"deaths":0,"recoveries":0},"2020-02-17":{"cases":0,"deaths":0,"recoveries":0},"2020-02-18":{"cases":0,"deaths":0,"recoveries":0},"2020-02-19":{"cases":0,"deaths":0,"recoveries":0},"2020-02-20":{"cases":0,"deaths":0,"recoveries":0},"2020-02-21":{"cases":0,"deaths":0,"recoveries":0},"2020-02-22":{"cases":0,"deaths":0,"recoveries":0},"2020-02-23":{"cases":0,"deaths":0,"recoveries":0},"2020-02-24":{"cases":0,"deaths":0,"recoveries":0},"2020-02-25":{"cases":0,"deaths":0,"recoveries":0},"2020-02-26":{"cases":0,"deaths":0,"recoveries":0},"2020-02-27":{"cases":0,"deaths":0,"recoveries":0},"2020-02-28":{"cases":0,"deaths":0,"recoveries":0},"2020-02-29":{"cases":0,"deaths":0,"recoveries":0},"2020-03-01":{"cases":0,"deaths":0,"recoveries":0},"2020-03-02":{"cases":0,"deaths":0,"recoveries":0},"2020-03-03":{"cases":0,"deaths":0,"recoveries":0},"2020-03-04":{"cases":1,"deaths":0,"recoveries":0},"2020-03-05":{"cases":1,"deaths":0,"recoveries":0},"2020-03-06":{"cases":1,"deaths":0,"recoveries":0},"2020-03-07":{"cases":1,"deaths":0,"recoveries":0},"2020-03-08":{"cases":2,"deaths":0,"recoveries":0},"2020-03-09":{"cases":2,"deaths":0,"recoveries":0},"2020-03-10":{"cases":5,"deaths":0,"recoveries":0},"2020-03-11":{"cases":7,"deaths":0,"recoveries":0},"2020-03-12":{"cases":7,"deaths":0,"recoveries":0},"2020-03-13":{"cases":16,"deaths":0,"recoveries":0},"2020-03-14":{"cases":18,"deaths":0,"recoveries":0},"2020-03-15":{"cases":18,"deaths":0,"recoveries":0},"2020-03-16":{"cases":20,"deaths":0,"recoveries":0},"2020-03-17":{"cases":24,"deaths":0,"recoveries":0},"2020-03-18":{"cases":29,"deaths":0,"recoveries":0},"2020-03-19":{"cases":39,"deaths":1,"recoveries":0},"2020-03-20":{"cases":54,"deaths":1,"recoveries":0},"2020-03-21":{"cases":60,"deaths":1,"recoveries":0},"2020-03-22":{"cases":75,"deaths":3,"recoveries":1},"2020-03-23":{"cases":89,"deaths":3,"recoveries":1},"2020-03-24":{"cases":114,"deaths":4,"recoveries":1},"2020-03-25":{"cases":173,"deaths":5,"recoveries":2},"2020-03-26":{"cases":197,"deaths":6,"recoveries":2},"2020-03-27":{"cases":227,"deaths":6,"recoveries":2},"2020-03-28":{"cases":278,"deaths":8,"recoveries":2},"2020-03-29":{"cases":312,"deaths":8,"recoveries":2},"2020-03-30":{"cases":312,"deaths":8,"recoveries":3},"2020-03-31":{"cases":394,"deaths":10,"recoveries":3},"2020-04-01":{"cases":423,"deaths":12,"recoveries":5},"2020-04-02":{"cases":455,"deaths":14,"recoveries":5},"2020-04-03":{"cases":495,"deaths":18,"recoveries":5},"2020-04-04":{"cases":553,"deaths":18,"recoveries":5},"2020-04-05":{"cases":574,"deaths":22,"recoveries":5},"2020-04-06":{"cases":596,"deaths":22,"recoveries":5},"2020-04-07":{"cases":623,"deaths":23,"recoveries":25},"2020-04-08":{"cases":628,"deaths":24,"recoveries":25},"2020-04-09":{"cases":643,"deaths":25,"recoveries":25},"2020-04-10":{"cases":671,"deaths":25,"recoveries":25},"2020-04-11":{"cases":685,"deaths":28,"recoveries":43},"2020-04-12":{"cases":707,"deaths":31,"recoveries":43},"2020-04-13":{"cases":726,"deaths":34,"recoveries":43},"2020-04-14":{"cases":747,"deaths":34,"recoveries":43},"2020-04-15":{"cases":780,"deaths":35,"recoveries":43},"2020-04-16":{"cases":822,"deaths":37,"recoveries":43},"2020-04-17":{"cases":864,"deaths":37,"recoveries":43},"2020-04-18":{"cases":864,"deaths":37,"recoveries":43},"2020-04-19":{"cases":879,"deaths":38,"recoveries":43},"2020-04-20":{"cases":884,"deaths":38,"recoveries":148},"2020-04-21":{"cases":884,"deaths":38,"recoveries":148},"2020-04-22":{"cases":909,"deaths":38,"recoveries":190}}}