{"name":"Turkey","type":"country","dates":{"2020-01-22":{"cases":0,"deaths":0,"recoveries":0},"2020-01-23":{"cases":0,"deaths":0,"recoveries":0},"2020-01-24":{"cases":0,"deaths":0,"recoveries":0},"2020-01-25":{"cases":0,"deaths":0,"recoveries":0},"2020-01-26":{"cases":0,"deaths":0,"recoveries":0},"2020-01-27":{"cases":0,"deaths":0,"recoveries":0},"2020-01-28":{"cases":0,"deaths":0,"recoveries":0},"2020-01-29":{"cases":0,"deaths":0,"recoveries":0},"2020-01-30":{"cases":0,"deaths":0,"recoveries":0},"2020-01-31":{"cases":0,"deaths":0,"recoveries":0},"2020-02-01":{"cases":0,"deaths":0,"recoveries":0},"2020-02-02":{"cases":0,"deaths":0,"recoveries":0},"2020-02-03":{"cases":0,"deaths":0,"recoveries":0},"2020-02-04":{"cases":0,"deaths":0,"recoveries":0},"2020-02-05":{"cases":0,"deaths":0,"recoveries":0},"2020-02-06":{"cases":0,"deaths":0,"recoveries":0},"2020-02-07":{"cases":0,"deaths":0,"recoveries":0},"2020-02-08":{"cases":0,"deaths":0,"recoveries":0},"2020-02-09":{"cases":0,"deaths":0,"recoveries":0},"2020-02-10":{"cases":0,"deaths":0,"recoveries":0},"2020-02-11":{"cases":0,"deaths":0,"recoveries":0},"2020-02-12":{"cases":0,"deaths":0,"recoveries":0},"2020-02-13":{"cases":0,"deaths":0,"recoveries":0},"2020-02-14":{"cases":0,"deaths":0,"recoveries":0},"2020-02-15":{"cases":0,"deaths":0,"recoveries":0},"2020-02-16":{"cases":0,"deaths":0,"recoveries":0},"2020-02-17":{"cases":0,"deaths":0,"recoveries":0},"2020-02-18":{"cases":0,"deaths":0,"recoveries":0},"2020-02-19":{"cases":0,"deaths":0,"recoveries":0},"2020-02-20":{"cases":0,"deaths":0,"recoveries":0},"2020-02-21":{"cases":0,"deaths":0,"recoveries":0},"2020-02-22":{"cases":0,"deaths":0,"recoveries":0},"2020-02-23":{"cases":0,"deaths":0,"recoveries":0},"2020-02-24":{"cases":0,"deaths":0,"recoveries":0},"2020-02-25":{"cases":0,"deaths":0,"recoveries":0},"2020-02-26":{"cases":0,"deaths":0,"recoveries":0},"2020-02-27":{"cases":0,"deaths":0,"recoveries":0},"2020-02-28":{"cases":0,"deaths":0,"recoveries":0},"2020-02-29":{"cases":0,"deaths":0,"recoveries":0},"2020-03-01":{"cases":0,"deaths":0,"recoveries":0},"2020-03-02":{"cases":0,"deaths":0,"recoveries":0},"2020-03-03":{"cases":0,"deaths":0,"recoveries":0},"2020-03-04":{"cases":0,"deaths":0,"recoveries":0},"2020-03-05":{"cases":0,"deaths":0,"recoveries":0},"2020-03-06":{"cases":0,"deaths":0,"recoveries":0},"2020-03-07":{"cases":0,"deaths":0,"recoveries":0},"2020-03-08":{"cases":0,"deaths":0,"recoveries":0},"2020-03-09":{"cases":0,"deaths":0,"recoveries":0},"2020-03-10":{"cases":0,"deaths":0,"recoveries":0},"2020-03-11":{"cases":1,"deaths":0,"recoveries":0},"2020-03-12":{"cases":1,"deaths":0,"recoveries":0},"2020-03-13":{"cases":5,"deaths":0,"recoveries":0},"2020-03-14":{"cases":5,"deaths":0,"recoveries":0},"2020-03-15":{"cases":6,"deaths":0,"recoveries":0},"2020-03-16":{"cases":18,"deaths":0,"recoveries":0},"2020-03-17":{"cases":47,"deaths":1,"recoveries":0},"2020-03-18":{"cases":98,"deaths":1,"recoveries":0},"2020-03-19":{"cases":192,"deaths":3,"recoveries":0},"2020-03-20":{"cases":359,"deaths":4,"recoveries":0},"2020-03-21":{"cases":670,"deaths":9,"recoveries":0},"2020-03-22":{"cases":1236,"deaths":30,"recoveries":0},"2020-03-23":{"cases":1529,"deaths":37,"recoveries":0},"2020-03-24":{"cases":1872,"deaths":44,"recoveries":0},"2020-03-25":{"cases":2433,"deaths":59,"recoveries":26},"2020-03-26":{"cases":3629,"deaths":75,"recoveries":26},"2020-03-27":{"cases":5698,"deaths":92,"recoveries":42},"2020-03-28":{"cases":7402,"deaths":108,"recoveries":70},"2020-03-29":{"cases":9217,"deaths":131,"recoveries":105},"2020-03-30":{"cases":10827,"deaths":168,"recoveries":162},"2020-03-31":{"cases":13531,"deaths":214,"recoveries":243},"2020-04-01":{"cases":15679,"deaths":277,"recoveries":333},"2020-04-02":{"cases":18135,"deaths":356,"recoveries":415},"2020-04-03":{"cases":20921,"deaths":425,"recoveries":484},"2020-04-04":{"cases":23934,"deaths":501,"recoveries":786},"2020-04-05":{"cases":27069,"deaths":574,"recoveries":1042},"2020-04-06":{"cases":30217,"deaths":649,"recoveries":1326},"2020-04-07":{"cases":34109,"deaths":725,"recoveries":1582},"2020-04-08":{"cases":38226,"deaths":812,"recoveries":1846},"2020-04-09":{"cases":42282,"deaths":908,"recoveries":2142},"2020-04-10":{"cases":47029,"deaths":1006,"recoveries":2423},"2020-04-11":{"cases":52167,"deaths":1101,"recoveries":2965},"2020-04-12":{"cases":56956,"deaths":1198,"recoveries":3446},"2020-04-13":{"cases":61049,"deaths":1296,"recoveries":3957},"2020-04-14":{"cases":65111,"deaths":1403,"recoveries":4799},"2020-04-15":{"cases":69392,"deaths":1518,"recoveries":5674},"2020-04-16":{"cases":74193,"deaths":1643,"recoveries":7089},"2020-04-17":{"cases":78546,"deaths":1769,"recoveries":8631},"2020-04-18":{"cases":82329,"deaths":1890,"recoveries":10453},"2020-04-19":{"cases":86306,"deaths":2017,"recoveries":11976},"2020-04-20":{"cases":90980,"deaths":2140,"recoveries":13430},"2020-04-21":{"cases":95591,"deaths":2259,"recoveries":14918},"2020-04-22":{"cases":98674,"deaths":2376,"recoveries":16477}}}