{"name":"Ukraine","type":"country","dates":{"2020-01-22":{"cases":0,"deaths":0,"recoveries":0},"2020-01-23":{"cases":0,"deaths":0,"recoveries":0},"2020-01-24":{"cases":0,"deaths":0,"recoveries":0},"2020-01-25":{"cases":0,"deaths":0,"recoveries":0},"2020-01-26":{"cases":0,"deaths":0,"recoveries":0},"2020-01-27":{"cases":0,"deaths":0,"recoveries":0},"2020-01-28":{"cases":0,"deaths":0,"recoveries":0},"2020-01-29":{"cases":0,"deaths":0,"recoveries":0},"2020-01-30":{"cases":0,"deaths":0,"recoveries":0},"2020-01-31":{"cases":0,"deaths":0,"recoveries":0},"2020-02-01":{"cases":0,"deaths":0,"recoveries":0},"2020-02-02":{"cases":0,"deaths":0,"recoveries":0},"2020-02-03":{"cases":0,"deaths":0,"recoveries":0},"2020-02-04":{"cases":0,"deaths":0,"recoveries":0},"2020-02-05":{"cases":0,"deaths":0,"recoveries":0},"2020-02-06":{"cases":0,"deaths":0,"recoveries":0},"2020-02-07":{"cases":0,"deaths":0,"recoveries":0},"2020-02-08":{"cases":0,"deaths":0,"recoveries":0},"2020-02-09":{"cases":0,"deaths":0,"recoveries":0},"2020-02-10":{"cases":0,"deaths":0,"recoveries":0},"2020-02-11":{"cases":0,"deaths":0,"recoveries":0},"2020-02-12":{"cases":0,"deaths":0,"recoveries":0},"2020-02-13":{"cases":0,"deaths":0,"recoveries":0},"2020-02-14":{"cases":0,"deaths":0,"recoveries":0},"2020-02-15":{"cases":0,"deaths":0,"recoveries":0},"2020-02-16":{"cases":0,"deaths":0,"recoveries":0},"2020-02-17":{"cases":0,"deaths":0,"recoveries":0},"2020-02-18":{"cases":0,"deaths":0,"recoveries":0},"2020-02-19":{"cases":0,"deaths":0,"recoveries":0},"2020-02-20":{"cases":0,"deaths":0,"recoveries":0},"2020-02-21":{"cases":0,"deaths":0,"recoveries":0},"2020-02-22":{"cases":0,"deaths":0,"recoveries":0},"2020-02-23":{"cases":0,"deaths":0,"recoveries":0},"2020-02-24":{"cases":0,"deaths":0,"recoveries":0},"2020-02-25":{"cases":0,"deaths":0,"recoveries":0},"2020-02-26":{"cases":0,"deaths":0,"recoveries":0},"2020-02-27":{"cases":0,"deaths":0,"recoveries":0},"2020-02-28":{"cases":0,"deaths":0,"recoveries":0},"2020-02-29":{"cases":0,"deaths":0,"recoveries":0},"2020-03-01":{"cases":0,"deaths":0,"recoveries":0},"2020-03-02":{"cases":0,"deaths":0,"recoveries":0},"2020-03-03":{"cases":1,"deaths":0,"recoveries":0},"2020-03-04":{"cases":1,"deaths":0,"recoveries":0},"2020-03-05":{"cases":1,"deaths":0,"recoveries":0},"2020-03-06":{"cases":1,"deaths":0,"recoveries":0},"2020-03-07":{"cases":1,"deaths":0,"recoveries":0},"2020-03-08":{"cases":1,"deaths":0,"recoveries":0},"2020-03-09":{"cases":1,"deaths":0,"recoveries":0},"2020-03-10":{"cases":1,"deaths":0,"recoveries":0},"2020-03-11":{"cases":1,"deaths":0,"recoveries":0},"2020-03-12":{"cases":1,"deaths":0,"recoveries":0},"2020-03-13":{"cases":3,"deaths":1,"recoveries":0},"2020-03-14":{"cases":3,"deaths":1,"recoveries":0},"2020-03-15":{"cases":3,"deaths":1,"recoveries":0},"2020-03-16":{"cases":7,"deaths":1,"recoveries":0},"2020-03-17":{"cases":14,"deaths":2,"recoveries":0},"2020-03-18":{"cases":14,"deaths":2,"recoveries":0},"2020-03-19":{"cases":16,"deaths":2,"recoveries":0},"2020-03-20":{"cases":29,"deaths":3,"recoveries":0},"2020-03-21":{"cases":47,"deaths":3,"recoveries":1},"2020-03-22":{"cases":73,"deaths":3,"recoveries":1},"2020-03-23":{"cases":73,"deaths":3,"recoveries":1},"2020-03-24":{"cases":97,"deaths":3,"recoveries":1},"2020-03-25":{"cases":145,"deaths":5,"recoveries":1},"2020-03-26":{"cases":196,"deaths":5,"recoveries":1},"2020-03-27":{"cases":310,"deaths":5,"recoveries":5},"2020-03-28":{"cases":356,"deaths":9,"recoveries":5},"2020-03-29":{"cases":475,"deaths":10,"recoveries":6},"2020-03-30":{"cases":548,"deaths":13,"recoveries":8},"2020-03-31":{"cases":645,"deaths":17,"recoveries":10},"2020-04-01":{"cases":794,"deaths":20,"recoveries":13},"2020-04-02":{"cases":897,"deaths":22,"recoveries":19},"2020-04-03":{"cases":1072,"deaths":27,"recoveries":22},"2020-04-04":{"cases":1225,"deaths":32,"recoveries":25},"2020-04-05":{"cases":1308,"deaths":37,"recoveries":28},"2020-04-06":{"cases":1319,"deaths":38,"recoveries":28},"2020-04-07":{"cases":1462,"deaths":45,"recoveries":28},"2020-04-08":{"cases":1668,"deaths":52,"recoveries":35},"2020-04-09":{"cases":1892,"deaths":57,"recoveries":45},"2020-04-10":{"cases":2203,"deaths":69,"recoveries":61},"2020-04-11":{"cases":2511,"deaths":73,"recoveries":79},"2020-04-12":{"cases":2777,"deaths":83,"recoveries":89},"2020-04-13":{"cases":3102,"deaths":93,"recoveries":97},"2020-04-14":{"cases":3372,"deaths":98,"recoveries":119},"2020-04-15":{"cases":3764,"deaths":108,"recoveries":143},"2020-04-16":{"cases":4161,"deaths":116,"recoveries":186},"2020-04-17":{"cases":4662,"deaths":125,"recoveries":246},"2020-04-18":{"cases":5106,"deaths":133,"recoveries":275},"2020-04-19":{"cases":5449,"deaths":141,"recoveries":347},"2020-04-20":{"cases":5710,"deaths":151,"recoveries":359},"2020-04-21":{"cases":6125,"deaths":161,"recoveries":367},"2020-04-22":{"cases":6592,"deaths":174,"recoveries":424}}}