{"name":"United Arab Emirates","type":"country","dates":{"2020-01-22":{"cases":0,"deaths":0,"recoveries":0},"2020-01-23":{"cases":0,"deaths":0,"recoveries":0},"2020-01-24":{"cases":0,"deaths":0,"recoveries":0},"2020-01-25":{"cases":0,"deaths":0,"recoveries":0},"2020-01-26":{"cases":0,"deaths":0,"recoveries":0},"2020-01-27":{"cases":0,"deaths":0,"recoveries":0},"2020-01-28":{"cases":0,"deaths":0,"recoveries":0},"2020-01-29":{"cases":4,"deaths":0,"recoveries":0},"2020-01-30":{"cases":4,"deaths":0,"recoveries":0},"2020-01-31":{"cases":4,"deaths":0,"recoveries":0},"2020-02-01":{"cases":4,"deaths":0,"recoveries":0},"2020-02-02":{"cases":5,"deaths":0,"recoveries":0},"2020-02-03":{"cases":5,"deaths":0,"recoveries":0},"2020-02-04":{"cases":5,"deaths":0,"recoveries":0},"2020-02-05":{"cases":5,"deaths":0,"recoveries":0},"2020-02-06":{"cases":5,"deaths":0,"recoveries":0},"2020-02-07":{"cases":5,"deaths":0,"recoveries":0},"2020-02-08":{"cases":7,"deaths":0,"recoveries":0},"2020-02-09":{"cases":7,"deaths":0,"recoveries":0},"2020-02-10":{"cases":8,"deaths":0,"recoveries":0},"2020-02-11":{"cases":8,"deaths":0,"recoveries":0},"2020-02-12":{"cases":8,"deaths":0,"recoveries":1},"2020-02-13":{"cases":8,"deaths":0,"recoveries":1},"2020-02-14":{"cases":8,"deaths":0,"recoveries":1},"2020-02-15":{"cases":8,"deaths":0,"recoveries":3},"2020-02-16":{"cases":9,"deaths":0,"recoveries":4},"2020-02-17":{"cases":9,"deaths":0,"recoveries":4},"2020-02-18":{"cases":9,"deaths":0,"recoveries":4},"2020-02-19":{"cases":9,"deaths":0,"recoveries":4},"2020-02-20":{"cases":9,"deaths":0,"recoveries":4},"2020-02-21":{"cases":9,"deaths":0,"recoveries":4},"2020-02-22":{"cases":13,"deaths":0,"recoveries":4},"2020-02-23":{"cases":13,"deaths":0,"recoveries":4},"2020-02-24":{"cases":13,"deaths":0,"recoveries":4},"2020-02-25":{"cases":13,"deaths":0,"recoveries":4},"2020-02-26":{"cases":13,"deaths":0,"recoveries":4},"2020-02-27":{"cases":13,"deaths":0,"recoveries":4},"2020-02-28":{"cases":19,"deaths":0,"recoveries":5},"2020-02-29":{"cases":21,"deaths":0,"recoveries":5},"2020-03-01":{"cases":21,"deaths":0,"recoveries":5},"2020-03-02":{"cases":21,"deaths":0,"recoveries":5},"2020-03-03":{"cases":27,"deaths":0,"recoveries":5},"2020-03-04":{"cases":27,"deaths":0,"recoveries":5},"2020-03-05":{"cases":29,"deaths":0,"recoveries":5},"2020-03-06":{"cases":29,"deaths":0,"recoveries":5},"2020-03-07":{"cases":45,"deaths":0,"recoveries":7},"2020-03-08":{"cases":45,"deaths":0,"recoveries":7},"2020-03-09":{"cases":45,"deaths":0,"recoveries":7},"2020-03-10":{"cases":74,"deaths":0,"recoveries":12},"2020-03-11":{"cases":74,"deaths":0,"recoveries":17},"2020-03-12":{"cases":85,"deaths":0,"recoveries":17},"2020-03-13":{"cases":85,"deaths":0,"recoveries":17},"2020-03-14":{"cases":85,"deaths":0,"recoveries":17},"2020-03-15":{"cases":98,"deaths":0,"recoveries":23},"2020-03-16":{"cases":98,"deaths":0,"recoveries":23},"2020-03-17":{"cases":98,"deaths":0,"recoveries":23},"2020-03-18":{"cases":113,"deaths":0,"recoveries":26},"2020-03-19":{"cases":140,"deaths":0,"recoveries":31},"2020-03-20":{"cases":140,"deaths":2,"recoveries":31},"2020-03-21":{"cases":153,"deaths":2,"recoveries":38},"2020-03-22":{"cases":153,"deaths":2,"recoveries":38},"2020-03-23":{"cases":198,"deaths":2,"recoveries":38},"2020-03-24":{"cases":248,"deaths":2,"recoveries":45},"2020-03-25":{"cases":333,"deaths":2,"recoveries":52},"2020-03-26":{"cases":333,"deaths":2,"recoveries":52},"2020-03-27":{"cases":405,"deaths":2,"recoveries":52},"2020-03-28":{"cases":468,"deaths":2,"recoveries":52},"2020-03-29":{"cases":570,"deaths":3,"recoveries":58},"2020-03-30":{"cases":611,"deaths":5,"recoveries":61},"2020-03-31":{"cases":664,"deaths":6,"recoveries":61},"2020-04-01":{"cases":814,"deaths":8,"recoveries":61},"2020-04-02":{"cases":1024,"deaths":8,"recoveries":96},"2020-04-03":{"cases":1264,"deaths":9,"recoveries":108},"2020-04-04":{"cases":1505,"deaths":10,"recoveries":125},"2020-04-05":{"cases":1799,"deaths":10,"recoveries":144},"2020-04-06":{"cases":2076,"deaths":11,"recoveries":167},"2020-04-07":{"cases":2359,"deaths":12,"recoveries":186},"2020-04-08":{"cases":2659,"deaths":12,"recoveries":239},"2020-04-09":{"cases":2990,"deaths":14,"recoveries":268},"2020-04-10":{"cases":3360,"deaths":16,"recoveries":418},"2020-04-11":{"cases":3736,"deaths":20,"recoveries":588},"2020-04-12":{"cases":4123,"deaths":22,"recoveries":680},"2020-04-13":{"cases":4521,"deaths":25,"recoveries":852},"2020-04-14":{"cases":4933,"deaths":28,"recoveries":933},"2020-04-15":{"cases":5365,"deaths":33,"recoveries":1034},"2020-04-16":{"cases":5825,"deaths":35,"recoveries":1095},"2020-04-17":{"cases":6302,"deaths":37,"recoveries":1188},"2020-04-18":{"cases":6302,"deaths":37,"recoveries":1188},"2020-04-19":{"cases":6781,"deaths":41,"recoveries":1286},"2020-04-20":{"cases":7265,"deaths":43,"recoveries":1360},"2020-04-21":{"cases":7755,"deaths":46,"recoveries":1443},"2020-04-22":{"cases":8238,"deaths":52,"recoveries":1546}}}