{"name":"United Kingdom","type":"country","dates":{"2020-01-22":{"cases":0,"deaths":0,"recoveries":0},"2020-01-23":{"cases":0,"deaths":0,"recoveries":0},"2020-01-24":{"cases":0,"deaths":0,"recoveries":0},"2020-01-25":{"cases":0,"deaths":0,"recoveries":0},"2020-01-26":{"cases":0,"deaths":0,"recoveries":0},"2020-01-27":{"cases":0,"deaths":0,"recoveries":0},"2020-01-28":{"cases":0,"deaths":0,"recoveries":0},"2020-01-29":{"cases":0,"deaths":0,"recoveries":0},"2020-01-30":{"cases":0,"deaths":0,"recoveries":0},"2020-01-31":{"cases":2,"deaths":0,"recoveries":0},"2020-02-01":{"cases":2,"deaths":0,"recoveries":0},"2020-02-02":{"cases":2,"deaths":0,"recoveries":0},"2020-02-03":{"cases":2,"deaths":0,"recoveries":0},"2020-02-04":{"cases":2,"deaths":0,"recoveries":0},"2020-02-05":{"cases":2,"deaths":0,"recoveries":0},"2020-02-06":{"cases":2,"deaths":0,"recoveries":0},"2020-02-07":{"cases":3,"deaths":0,"recoveries":0},"2020-02-08":{"cases":3,"deaths":0,"recoveries":0},"2020-02-09":{"cases":3,"deaths":0,"recoveries":0},"2020-02-10":{"cases":8,"deaths":0,"recoveries":0},"2020-02-11":{"cases":8,"deaths":0,"recoveries":0},"2020-02-12":{"cases":9,"deaths":0,"recoveries":1},"2020-02-13":{"cases":9,"deaths":0,"recoveries":1},"2020-02-14":{"cases":9,"deaths":0,"recoveries":1},"2020-02-15":{"cases":9,"deaths":0,"recoveries":1},"2020-02-16":{"cases":9,"deaths":0,"recoveries":8},"2020-02-17":{"cases":9,"deaths":0,"recoveries":8},"2020-02-18":{"cases":9,"deaths":0,"recoveries":8},"2020-02-19":{"cases":9,"deaths":0,"recoveries":8},"2020-02-20":{"cases":9,"deaths":0,"recoveries":8},"2020-02-21":{"cases":9,"deaths":0,"recoveries":8},"2020-02-22":{"cases":9,"deaths":0,"recoveries":8},"2020-02-23":{"cases":9,"deaths":0,"recoveries":8},"2020-02-24":{"cases":13,"deaths":0,"recoveries":8},"2020-02-25":{"cases":13,"deaths":0,"recoveries":8},"2020-02-26":{"cases":13,"deaths":0,"recoveries":8},"2020-02-27":{"cases":15,"deaths":0,"recoveries":8},"2020-02-28":{"cases":20,"deaths":0,"recoveries":8},"2020-02-29":{"cases":23,"deaths":0,"recoveries":8},"2020-03-01":{"cases":36,"deaths":0,"recoveries":8},"2020-03-02":{"cases":40,"deaths":0,"recoveries":8},"2020-03-03":{"cases":51,"deaths":0,"recoveries":8},"2020-03-04":{"cases":86,"deaths":0,"recoveries":8},"2020-03-05":{"cases":116,"deaths":1,"recoveries":8},"2020-03-06":{"cases":164,"deaths":2,"recoveries":8},"2020-03-07":{"cases":207,"deaths":2,"recoveries":18},"2020-03-08":{"cases":274,"deaths":3,"recoveries":18},"2020-03-09":{"cases":322,"deaths":4,"recoveries":18},"2020-03-10":{"cases":384,"deaths":6,"recoveries":19},"2020-03-11":{"cases":459,"deaths":8,"recoveries":19},"2020-03-12":{"cases":459,"deaths":8,"recoveries":19},"2020-03-13":{"cases":802,"deaths":8,"recoveries":19},"2020-03-14":{"cases":1144,"deaths":21,"recoveries":19},"2020-03-15":{"cases":1145,"deaths":21,"recoveries":19},"2020-03-16":{"cases":1551,"deaths":56,"recoveries":21},"2020-03-17":{"cases":1960,"deaths":56,"recoveries":53},"2020-03-18":{"cases":2642,"deaths":72,"recoveries":67},"2020-03-19":{"cases":2716,"deaths":138,"recoveries":67},"2020-03-20":{"cases":4014,"deaths":178,"recoveries":67},"2020-03-21":{"cases":5067,"deaths":234,"recoveries":67},"2020-03-22":{"cases":5745,"deaths":282,"recoveries":67},"2020-03-23":{"cases":6726,"deaths":336,"recoveries":67},"2020-03-24":{"cases":8164,"deaths":423,"recoveries":140},"2020-03-25":{"cases":9640,"deaths":466,"recoveries":140},"2020-03-26":{"cases":11812,"deaths":580,"recoveries":150},"2020-03-27":{"cases":14745,"deaths":761,"recoveries":151},"2020-03-28":{"cases":17312,"deaths":1021,"recoveries":151},"2020-03-29":{"cases":19780,"deaths":1231,"recoveries":151},"2020-03-30":{"cases":22453,"deaths":1411,"recoveries":171},"2020-03-31":{"cases":25481,"deaths":1793,"recoveries":179},"2020-04-01":{"cases":29865,"deaths":2357,"recoveries":179},"2020-04-02":{"cases":34173,"deaths":2926,"recoveries":192},"2020-04-03":{"cases":38689,"deaths":3611,"recoveries":208},"2020-04-04":{"cases":42477,"deaths":4320,"recoveries":215},"2020-04-05":{"cases":48436,"deaths":4943,"recoveries":229},"2020-04-06":{"cases":52279,"deaths":5385,"recoveries":287},"2020-04-07":{"cases":55949,"deaths":6171,"recoveries":325},"2020-04-08":{"cases":61474,"deaths":7111,"recoveries":345},"2020-04-09":{"cases":65872,"deaths":7993,"recoveries":359},"2020-04-10":{"cases":74605,"deaths":8974,"recoveries":588},"2020-04-11":{"cases":79874,"deaths":9892,"recoveries":622},"2020-04-12":{"cases":85206,"deaths":10629,"recoveries":626},"2020-04-13":{"cases":89570,"deaths":11347,"recoveries":304},"2020-04-14":{"cases":94845,"deaths":12129,"recoveries":323},"2020-04-15":{"cases":99483,"deaths":12894,"recoveries":368},"2020-04-16":{"cases":104145,"deaths":13759,"recoveries":375},"2020-04-17":{"cases":109769,"deaths":14607,"recoveries":394},"2020-04-18":{"cases":115314,"deaths":15498,"recoveries":414},"2020-04-19":{"cases":121172,"deaths":16095,"recoveries":436},"2020-04-20":{"cases":125856,"deaths":16550,"recoveries":446},"2020-04-21":{"cases":130172,"deaths":17378,"recoveries":638},"2020-04-22":{"cases":134638,"deaths":18151,"recoveries":683}}}