{"name":"Uruguay","type":"country","dates":{"2020-01-22":{"cases":0,"deaths":0,"recoveries":0},"2020-01-23":{"cases":0,"deaths":0,"recoveries":0},"2020-01-24":{"cases":0,"deaths":0,"recoveries":0},"2020-01-25":{"cases":0,"deaths":0,"recoveries":0},"2020-01-26":{"cases":0,"deaths":0,"recoveries":0},"2020-01-27":{"cases":0,"deaths":0,"recoveries":0},"2020-01-28":{"cases":0,"deaths":0,"recoveries":0},"2020-01-29":{"cases":0,"deaths":0,"recoveries":0},"2020-01-30":{"cases":0,"deaths":0,"recoveries":0},"2020-01-31":{"cases":0,"deaths":0,"recoveries":0},"2020-02-01":{"cases":0,"deaths":0,"recoveries":0},"2020-02-02":{"cases":0,"deaths":0,"recoveries":0},"2020-02-03":{"cases":0,"deaths":0,"recoveries":0},"2020-02-04":{"cases":0,"deaths":0,"recoveries":0},"2020-02-05":{"cases":0,"deaths":0,"recoveries":0},"2020-02-06":{"cases":0,"deaths":0,"recoveries":0},"2020-02-07":{"cases":0,"deaths":0,"recoveries":0},"2020-02-08":{"cases":0,"deaths":0,"recoveries":0},"2020-02-09":{"cases":0,"deaths":0,"recoveries":0},"2020-02-10":{"cases":0,"deaths":0,"recoveries":0},"2020-02-11":{"cases":0,"deaths":0,"recoveries":0},"2020-02-12":{"cases":0,"deaths":0,"recoveries":0},"2020-02-13":{"cases":0,"deaths":0,"recoveries":0},"2020-02-14":{"cases":0,"deaths":0,"recoveries":0},"2020-02-15":{"cases":0,"deaths":0,"recoveries":0},"2020-02-16":{"cases":0,"deaths":0,"recoveries":0},"2020-02-17":{"cases":0,"deaths":0,"recoveries":0},"2020-02-18":{"cases":0,"deaths":0,"recoveries":0},"2020-02-19":{"cases":0,"deaths":0,"recoveries":0},"2020-02-20":{"cases":0,"deaths":0,"recoveries":0},"2020-02-21":{"cases":0,"deaths":0,"recoveries":0},"2020-02-22":{"cases":0,"deaths":0,"recoveries":0},"2020-02-23":{"cases":0,"deaths":0,"recoveries":0},"2020-02-24":{"cases":0,"deaths":0,"recoveries":0},"2020-02-25":{"cases":0,"deaths":0,"recoveries":0},"2020-02-26":{"cases":0,"deaths":0,"recoveries":0},"2020-02-27":{"cases":0,"deaths":0,"recoveries":0},"2020-02-28":{"cases":0,"deaths":0,"recoveries":0},"2020-02-29":{"cases":0,"deaths":0,"recoveries":0},"2020-03-01":{"cases":0,"deaths":0,"recoveries":0},"2020-03-02":{"cases":0,"deaths":0,"recoveries":0},"2020-03-03":{"cases":0,"deaths":0,"recoveries":0},"2020-03-04":{"cases":0,"deaths":0,"recoveries":0},"2020-03-05":{"cases":0,"deaths":0,"recoveries":0},"2020-03-06":{"cases":0,"deaths":0,"recoveries":0},"2020-03-07":{"cases":0,"deaths":0,"recoveries":0},"2020-03-08":{"cases":0,"deaths":0,"recoveries":0},"2020-03-09":{"cases":0,"deaths":0,"recoveries":0},"2020-03-10":{"cases":0,"deaths":0,"recoveries":0},"2020-03-11":{"cases":0,"deaths":0,"recoveries":0},"2020-03-12":{"cases":0,"deaths":0,"recoveries":0},"2020-03-13":{"cases":0,"deaths":0,"recoveries":0},"2020-03-14":{"cases":4,"deaths":0,"recoveries":0},"2020-03-15":{"cases":4,"deaths":0,"recoveries":0},"2020-03-16":{"cases":8,"deaths":0,"recoveries":0},"2020-03-17":{"cases":29,"deaths":0,"recoveries":0},"2020-03-18":{"cases":50,"deaths":0,"recoveries":0},"2020-03-19":{"cases":79,"deaths":0,"recoveries":0},"2020-03-20":{"cases":94,"deaths":0,"recoveries":0},"2020-03-21":{"cases":110,"deaths":0,"recoveries":0},"2020-03-22":{"cases":158,"deaths":0,"recoveries":0},"2020-03-23":{"cases":162,"deaths":0,"recoveries":0},"2020-03-24":{"cases":162,"deaths":0,"recoveries":0},"2020-03-25":{"cases":189,"deaths":0,"recoveries":0},"2020-03-26":{"cases":217,"deaths":0,"recoveries":0},"2020-03-27":{"cases":238,"deaths":0,"recoveries":0},"2020-03-28":{"cases":274,"deaths":0,"recoveries":0},"2020-03-29":{"cases":304,"deaths":1,"recoveries":0},"2020-03-30":{"cases":310,"deaths":1,"recoveries":0},"2020-03-31":{"cases":338,"deaths":1,"recoveries":41},"2020-04-01":{"cases":338,"deaths":2,"recoveries":41},"2020-04-02":{"cases":350,"deaths":4,"recoveries":62},"2020-04-03":{"cases":369,"deaths":4,"recoveries":68},"2020-04-04":{"cases":400,"deaths":5,"recoveries":93},"2020-04-05":{"cases":400,"deaths":5,"recoveries":93},"2020-04-06":{"cases":406,"deaths":6,"recoveries":104},"2020-04-07":{"cases":424,"deaths":7,"recoveries":150},"2020-04-08":{"cases":424,"deaths":7,"recoveries":150},"2020-04-09":{"cases":456,"deaths":7,"recoveries":192},"2020-04-10":{"cases":473,"deaths":7,"recoveries":206},"2020-04-11":{"cases":494,"deaths":7,"recoveries":214},"2020-04-12":{"cases":480,"deaths":7,"recoveries":231},"2020-04-13":{"cases":480,"deaths":8,"recoveries":231},"2020-04-14":{"cases":483,"deaths":8,"recoveries":248},"2020-04-15":{"cases":492,"deaths":8,"recoveries":260},"2020-04-16":{"cases":502,"deaths":9,"recoveries":286},"2020-04-17":{"cases":502,"deaths":9,"recoveries":286},"2020-04-18":{"cases":508,"deaths":9,"recoveries":294},"2020-04-19":{"cases":517,"deaths":10,"recoveries":298},"2020-04-20":{"cases":535,"deaths":10,"recoveries":313},"2020-04-21":{"cases":535,"deaths":11,"recoveries":313},"2020-04-22":{"cases":543,"deaths":12,"recoveries":324}}}