{"name":"US","type":"country","dates":{"2020-01-22":{"cases":1,"deaths":0,"recoveries":0},"2020-01-23":{"cases":1,"deaths":0,"recoveries":0},"2020-01-24":{"cases":2,"deaths":0,"recoveries":0},"2020-01-25":{"cases":2,"deaths":0,"recoveries":0},"2020-01-26":{"cases":5,"deaths":0,"recoveries":0},"2020-01-27":{"cases":5,"deaths":0,"recoveries":0},"2020-01-28":{"cases":5,"deaths":0,"recoveries":0},"2020-01-29":{"cases":5,"deaths":0,"recoveries":0},"2020-01-30":{"cases":5,"deaths":0,"recoveries":0},"2020-01-31":{"cases":7,"deaths":0,"recoveries":0},"2020-02-01":{"cases":8,"deaths":0,"recoveries":0},"2020-02-02":{"cases":8,"deaths":0,"recoveries":0},"2020-02-03":{"cases":11,"deaths":0,"recoveries":0},"2020-02-04":{"cases":11,"deaths":0,"recoveries":0},"2020-02-05":{"cases":11,"deaths":0,"recoveries":0},"2020-02-06":{"cases":11,"deaths":0,"recoveries":0},"2020-02-07":{"cases":11,"deaths":0,"recoveries":0},"2020-02-08":{"cases":11,"deaths":0,"recoveries":0},"2020-02-09":{"cases":11,"deaths":0,"recoveries":3},"2020-02-10":{"cases":11,"deaths":0,"recoveries":3},"2020-02-11":{"cases":12,"deaths":0,"recoveries":3},"2020-02-12":{"cases":12,"deaths":0,"recoveries":3},"2020-02-13":{"cases":13,"deaths":0,"recoveries":3},"2020-02-14":{"cases":13,"deaths":0,"recoveries":3},"2020-02-15":{"cases":13,"deaths":0,"recoveries":3},"2020-02-16":{"cases":13,"deaths":0,"recoveries":3},"2020-02-17":{"cases":13,"deaths":0,"recoveries":3},"2020-02-18":{"cases":13,"deaths":0,"recoveries":3},"2020-02-19":{"cases":13,"deaths":0,"recoveries":3},"2020-02-20":{"cases":13,"deaths":0,"recoveries":3},"2020-02-21":{"cases":15,"deaths":0,"recoveries":5},"2020-02-22":{"cases":15,"deaths":0,"recoveries":5},"2020-02-23":{"cases":15,"deaths":0,"recoveries":5},"2020-02-24":{"cases":51,"deaths":0,"recoveries":5},"2020-02-25":{"cases":51,"deaths":0,"recoveries":6},"2020-02-26":{"cases":57,"deaths":0,"recoveries":6},"2020-02-27":{"cases":58,"deaths":0,"recoveries":6},"2020-02-28":{"cases":60,"deaths":0,"recoveries":7},"2020-02-29":{"cases":68,"deaths":1,"recoveries":7},"2020-03-01":{"cases":74,"deaths":1,"recoveries":7},"2020-03-02":{"cases":98,"deaths":6,"recoveries":7},"2020-03-03":{"cases":118,"deaths":7,"recoveries":7},"2020-03-04":{"cases":149,"deaths":11,"recoveries":7},"2020-03-05":{"cases":217,"deaths":12,"recoveries":7},"2020-03-06":{"cases":262,"deaths":14,"recoveries":7},"2020-03-07":{"cases":402,"deaths":17,"recoveries":7},"2020-03-08":{"cases":518,"deaths":21,"recoveries":7},"2020-03-09":{"cases":583,"deaths":22,"recoveries":7},"2020-03-10":{"cases":959,"deaths":28,"recoveries":8},"2020-03-11":{"cases":1281,"deaths":36,"recoveries":8},"2020-03-12":{"cases":1663,"deaths":40,"recoveries":12},"2020-03-13":{"cases":2179,"deaths":47,"recoveries":12},"2020-03-14":{"cases":2727,"deaths":54,"recoveries":12},"2020-03-15":{"cases":3499,"deaths":63,"recoveries":12},"2020-03-16":{"cases":4632,"deaths":85,"recoveries":17},"2020-03-17":{"cases":6421,"deaths":108,"recoveries":17},"2020-03-18":{"cases":7783,"deaths":118,"recoveries":105},"2020-03-19":{"cases":13747,"deaths":200,"recoveries":121},"2020-03-20":{"cases":19273,"deaths":244,"recoveries":147},"2020-03-21":{"cases":25600,"deaths":307,"recoveries":176},"2020-03-22":{"cases":33276,"deaths":417,"recoveries":178},"2020-03-23":{"cases":43843,"deaths":557,"recoveries":178},"2020-03-24":{"cases":53736,"deaths":706,"recoveries":348},"2020-03-25":{"cases":65778,"deaths":942,"recoveries":361},"2020-03-26":{"cases":83836,"deaths":1209,"recoveries":681},"2020-03-27":{"cases":101657,"deaths":1581,"recoveries":869},"2020-03-28":{"cases":121465,"deaths":2026,"recoveries":1072},"2020-03-29":{"cases":140909,"deaths":2467,"recoveries":2665},"2020-03-30":{"cases":161831,"deaths":2978,"recoveries":5644},"2020-03-31":{"cases":188172,"deaths":3874,"recoveries":7024},"2020-04-01":{"cases":213242,"deaths":4760,"recoveries":8474},"2020-04-02":{"cases":243622,"deaths":5929,"recoveries":9001},"2020-04-03":{"cases":275367,"deaths":7090,"recoveries":9707},"2020-04-04":{"cases":308650,"deaths":8408,"recoveries":14652},"2020-04-05":{"cases":336802,"deaths":9619,"recoveries":17448},"2020-04-06":{"cases":366317,"deaths":10783,"recoveries":19581},"2020-04-07":{"cases":397121,"deaths":12794,"recoveries":21763},"2020-04-08":{"cases":428654,"deaths":14704,"recoveries":23559},"2020-04-09":{"cases":462780,"deaths":16544,"recoveries":25410},"2020-04-10":{"cases":496535,"deaths":18595,"recoveries":28790},"2020-04-11":{"cases":526396,"deaths":20471,"recoveries":31270},"2020-04-12":{"cases":555313,"deaths":22029,"recoveries":32988},"2020-04-13":{"cases":580619,"deaths":23538,"recoveries":43482},"2020-04-14":{"cases":607670,"deaths":25843,"recoveries":47763},"2020-04-15":{"cases":636350,"deaths":28338,"recoveries":52096},"2020-04-16":{"cases":667592,"deaths":32930,"recoveries":54703},"2020-04-17":{"cases":699706,"deaths":36787,"recoveries":58545},"2020-04-18":{"cases":732197,"deaths":38664,"recoveries":64840},"2020-04-19":{"cases":758809,"deaths":40661,"recoveries":70337},"2020-04-20":{"cases":784326,"deaths":42094,"recoveries":72329},"2020-04-21":{"cases":812036,"deaths":44444,"recoveries":75204},"2020-04-22":{"cases":839675,"deaths":46583,"recoveries":77366}}}