{"name":"Uzbekistan","type":"country","dates":{"2020-01-22":{"cases":0,"deaths":0,"recoveries":0},"2020-01-23":{"cases":0,"deaths":0,"recoveries":0},"2020-01-24":{"cases":0,"deaths":0,"recoveries":0},"2020-01-25":{"cases":0,"deaths":0,"recoveries":0},"2020-01-26":{"cases":0,"deaths":0,"recoveries":0},"2020-01-27":{"cases":0,"deaths":0,"recoveries":0},"2020-01-28":{"cases":0,"deaths":0,"recoveries":0},"2020-01-29":{"cases":0,"deaths":0,"recoveries":0},"2020-01-30":{"cases":0,"deaths":0,"recoveries":0},"2020-01-31":{"cases":0,"deaths":0,"recoveries":0},"2020-02-01":{"cases":0,"deaths":0,"recoveries":0},"2020-02-02":{"cases":0,"deaths":0,"recoveries":0},"2020-02-03":{"cases":0,"deaths":0,"recoveries":0},"2020-02-04":{"cases":0,"deaths":0,"recoveries":0},"2020-02-05":{"cases":0,"deaths":0,"recoveries":0},"2020-02-06":{"cases":0,"deaths":0,"recoveries":0},"2020-02-07":{"cases":0,"deaths":0,"recoveries":0},"2020-02-08":{"cases":0,"deaths":0,"recoveries":0},"2020-02-09":{"cases":0,"deaths":0,"recoveries":0},"2020-02-10":{"cases":0,"deaths":0,"recoveries":0},"2020-02-11":{"cases":0,"deaths":0,"recoveries":0},"2020-02-12":{"cases":0,"deaths":0,"recoveries":0},"2020-02-13":{"cases":0,"deaths":0,"recoveries":0},"2020-02-14":{"cases":0,"deaths":0,"recoveries":0},"2020-02-15":{"cases":0,"deaths":0,"recoveries":0},"2020-02-16":{"cases":0,"deaths":0,"recoveries":0},"2020-02-17":{"cases":0,"deaths":0,"recoveries":0},"2020-02-18":{"cases":0,"deaths":0,"recoveries":0},"2020-02-19":{"cases":0,"deaths":0,"recoveries":0},"2020-02-20":{"cases":0,"deaths":0,"recoveries":0},"2020-02-21":{"cases":0,"deaths":0,"recoveries":0},"2020-02-22":{"cases":0,"deaths":0,"recoveries":0},"2020-02-23":{"cases":0,"deaths":0,"recoveries":0},"2020-02-24":{"cases":0,"deaths":0,"recoveries":0},"2020-02-25":{"cases":0,"deaths":0,"recoveries":0},"2020-02-26":{"cases":0,"deaths":0,"recoveries":0},"2020-02-27":{"cases":0,"deaths":0,"recoveries":0},"2020-02-28":{"cases":0,"deaths":0,"recoveries":0},"2020-02-29":{"cases":0,"deaths":0,"recoveries":0},"2020-03-01":{"cases":0,"deaths":0,"recoveries":0},"2020-03-02":{"cases":0,"deaths":0,"recoveries":0},"2020-03-03":{"cases":0,"deaths":0,"recoveries":0},"2020-03-04":{"cases":0,"deaths":0,"recoveries":0},"2020-03-05":{"cases":0,"deaths":0,"recoveries":0},"2020-03-06":{"cases":0,"deaths":0,"recoveries":0},"2020-03-07":{"cases":0,"deaths":0,"recoveries":0},"2020-03-08":{"cases":0,"deaths":0,"recoveries":0},"2020-03-09":{"cases":0,"deaths":0,"recoveries":0},"2020-03-10":{"cases":0,"deaths":0,"recoveries":0},"2020-03-11":{"cases":0,"deaths":0,"recoveries":0},"2020-03-12":{"cases":0,"deaths":0,"recoveries":0},"2020-03-13":{"cases":0,"deaths":0,"recoveries":0},"2020-03-14":{"cases":0,"deaths":0,"recoveries":0},"2020-03-15":{"cases":1,"deaths":0,"recoveries":0},"2020-03-16":{"cases":6,"deaths":0,"recoveries":0},"2020-03-17":{"cases":10,"deaths":0,"recoveries":0},"2020-03-18":{"cases":15,"deaths":0,"recoveries":0},"2020-03-19":{"cases":23,"deaths":0,"recoveries":0},"2020-03-20":{"cases":33,"deaths":0,"recoveries":0},"2020-03-21":{"cases":43,"deaths":0,"recoveries":0},"2020-03-22":{"cases":43,"deaths":0,"recoveries":0},"2020-03-23":{"cases":46,"deaths":0,"recoveries":0},"2020-03-24":{"cases":50,"deaths":0,"recoveries":0},"2020-03-25":{"cases":60,"deaths":0,"recoveries":0},"2020-03-26":{"cases":75,"deaths":0,"recoveries":0},"2020-03-27":{"cases":88,"deaths":1,"recoveries":5},"2020-03-28":{"cases":104,"deaths":2,"recoveries":5},"2020-03-29":{"cases":144,"deaths":2,"recoveries":7},"2020-03-30":{"cases":149,"deaths":2,"recoveries":7},"2020-03-31":{"cases":172,"deaths":2,"recoveries":7},"2020-04-01":{"cases":181,"deaths":2,"recoveries":12},"2020-04-02":{"cases":205,"deaths":2,"recoveries":25},"2020-04-03":{"cases":227,"deaths":2,"recoveries":25},"2020-04-04":{"cases":266,"deaths":2,"recoveries":25},"2020-04-05":{"cases":342,"deaths":2,"recoveries":30},"2020-04-06":{"cases":457,"deaths":2,"recoveries":30},"2020-04-07":{"cases":520,"deaths":2,"recoveries":30},"2020-04-08":{"cases":545,"deaths":3,"recoveries":30},"2020-04-09":{"cases":582,"deaths":3,"recoveries":38},"2020-04-10":{"cases":624,"deaths":3,"recoveries":42},"2020-04-11":{"cases":767,"deaths":4,"recoveries":42},"2020-04-12":{"cases":865,"deaths":4,"recoveries":66},"2020-04-13":{"cases":998,"deaths":4,"recoveries":85},"2020-04-14":{"cases":1165,"deaths":4,"recoveries":99},"2020-04-15":{"cases":1302,"deaths":4,"recoveries":107},"2020-04-16":{"cases":1349,"deaths":4,"recoveries":129},"2020-04-17":{"cases":1405,"deaths":4,"recoveries":156},"2020-04-18":{"cases":1490,"deaths":5,"recoveries":194},"2020-04-19":{"cases":1565,"deaths":5,"recoveries":225},"2020-04-20":{"cases":1627,"deaths":5,"recoveries":261},"2020-04-21":{"cases":1678,"deaths":6,"recoveries":357},"2020-04-22":{"cases":1716,"deaths":7,"recoveries":450}}}