{"name":"Victoria","country":"Australia","type":"region","dates":{"2020-01-22":{"cases":0,"deaths":0,"recoveries":0},"2020-01-23":{"cases":0,"deaths":0,"recoveries":0},"2020-01-24":{"cases":0,"deaths":0,"recoveries":0},"2020-01-25":{"cases":0,"deaths":0,"recoveries":0},"2020-01-26":{"cases":1,"deaths":0,"recoveries":0},"2020-01-27":{"cases":1,"deaths":0,"recoveries":0},"2020-01-28":{"cases":1,"deaths":0,"recoveries":0},"2020-01-29":{"cases":1,"deaths":0,"recoveries":0},"2020-01-30":{"cases":2,"deaths":0,"recoveries":0},"2020-01-31":{"cases":3,"deaths":0,"recoveries":0},"2020-02-01":{"cases":4,"deaths":0,"recoveries":0},"2020-02-02":{"cases":4,"deaths":0,"recoveries":0},"2020-02-03":{"cases":4,"deaths":0,"recoveries":0},"2020-02-04":{"cases":4,"deaths":0,"recoveries":0},"2020-02-05":{"cases":4,"deaths":0,"recoveries":0},"2020-02-06":{"cases":4,"deaths":0,"recoveries":0},"2020-02-07":{"cases":4,"deaths":0,"recoveries":0},"2020-02-08":{"cases":4,"deaths":0,"recoveries":0},"2020-02-09":{"cases":4,"deaths":0,"recoveries":0},"2020-02-10":{"cases":4,"deaths":0,"recoveries":0},"2020-02-11":{"cases":4,"deaths":0,"recoveries":0},"2020-02-12":{"cases":4,"deaths":0,"recoveries":0},"2020-02-13":{"cases":4,"deaths":0,"recoveries":4},"2020-02-14":{"cases":4,"deaths":0,"recoveries":4},"2020-02-15":{"cases":4,"deaths":0,"recoveries":4},"2020-02-16":{"cases":4,"deaths":0,"recoveries":4},"2020-02-17":{"cases":4,"deaths":0,"recoveries":4},"2020-02-18":{"cases":4,"deaths":0,"recoveries":4},"2020-02-19":{"cases":4,"deaths":0,"recoveries":4},"2020-02-20":{"cases":4,"deaths":0,"recoveries":4},"2020-02-21":{"cases":4,"deaths":0,"recoveries":4},"2020-02-22":{"cases":4,"deaths":0,"recoveries":4},"2020-02-23":{"cases":4,"deaths":0,"recoveries":4},"2020-02-24":{"cases":4,"deaths":0,"recoveries":4},"2020-02-25":{"cases":4,"deaths":0,"recoveries":4},"2020-02-26":{"cases":4,"deaths":0,"recoveries":4},"2020-02-27":{"cases":4,"deaths":0,"recoveries":4},"2020-02-28":{"cases":4,"deaths":0,"recoveries":4},"2020-02-29":{"cases":7,"deaths":0,"recoveries":4},"2020-03-01":{"cases":7,"deaths":0,"recoveries":4},"2020-03-02":{"cases":9,"deaths":0,"recoveries":4},"2020-03-03":{"cases":9,"deaths":0,"recoveries":4},"2020-03-04":{"cases":10,"deaths":0,"recoveries":4},"2020-03-05":{"cases":10,"deaths":0,"recoveries":7},"2020-03-06":{"cases":10,"deaths":0,"recoveries":7},"2020-03-07":{"cases":11,"deaths":0,"recoveries":7},"2020-03-08":{"cases":11,"deaths":0,"recoveries":7},"2020-03-09":{"cases":15,"deaths":0,"recoveries":7},"2020-03-10":{"cases":18,"deaths":0,"recoveries":7},"2020-03-11":{"cases":21,"deaths":0,"recoveries":7},"2020-03-12":{"cases":21,"deaths":0,"recoveries":7},"2020-03-13":{"cases":36,"deaths":0,"recoveries":8},"2020-03-14":{"cases":49,"deaths":0,"recoveries":8},"2020-03-15":{"cases":57,"deaths":0,"recoveries":8},"2020-03-16":{"cases":71,"deaths":0,"recoveries":8},"2020-03-17":{"cases":94,"deaths":0,"recoveries":8},"2020-03-18":{"cases":121,"deaths":0,"recoveries":8},"2020-03-19":{"cases":121,"deaths":0,"recoveries":8},"2020-03-20":{"cases":121,"deaths":0,"recoveries":8},"2020-03-21":{"cases":229,"deaths":0,"recoveries":8},"2020-03-22":{"cases":355,"deaths":0,"recoveries":70},"2020-03-23":{"cases":355,"deaths":0,"recoveries":70},"2020-03-24":{"cases":411,"deaths":0,"recoveries":97},"2020-03-25":{"cases":466,"deaths":0,"recoveries":97},"2020-03-26":{"cases":520,"deaths":3,"recoveries":149},"2020-03-27":{"cases":574,"deaths":3,"recoveries":171},"2020-03-28":{"cases":685,"deaths":3,"recoveries":191},"2020-03-29":{"cases":769,"deaths":4,"recoveries":191},"2020-03-30":{"cases":821,"deaths":4,"recoveries":191},"2020-03-31":{"cases":917,"deaths":4,"recoveries":291},"2020-04-01":{"cases":968,"deaths":4,"recoveries":343},"2020-04-02":{"cases":1036,"deaths":5,"recoveries":422},"2020-04-03":{"cases":1085,"deaths":7,"recoveries":476},"2020-04-04":{"cases":1115,"deaths":8,"recoveries":527},"2020-04-05":{"cases":1135,"deaths":8,"recoveries":573},"2020-04-06":{"cases":1158,"deaths":10,"recoveries":620},"2020-04-07":{"cases":1191,"deaths":11,"recoveries":620},"2020-04-08":{"cases":1212,"deaths":12,"recoveries":620},"2020-04-09":{"cases":1228,"deaths":12,"recoveries":736},"2020-04-10":{"cases":1241,"deaths":13,"recoveries":926},"2020-04-11":{"cases":1265,"deaths":14,"recoveries":926},"2020-04-12":{"cases":1268,"deaths":14,"recoveries":926},"2020-04-13":{"cases":1281,"deaths":14,"recoveries":926},"2020-04-14":{"cases":1291,"deaths":14,"recoveries":1118},"2020-04-15":{"cases":1299,"deaths":14,"recoveries":1118},"2020-04-16":{"cases":1299,"deaths":14,"recoveries":1137},"2020-04-17":{"cases":1302,"deaths":14,"recoveries":1159},"2020-04-18":{"cases":1319,"deaths":14,"recoveries":1172},"2020-04-19":{"cases":1319,"deaths":14,"recoveries":1172},"2020-04-20":{"cases":1319,"deaths":14,"recoveries":1172},"2020-04-21":{"cases":1319,"deaths":14,"recoveries":1172},"2020-04-22":{"cases":1319,"deaths":14,"recoveries":1172}}}