{"name":"Vietnam","type":"country","dates":{"2020-01-22":{"cases":0,"deaths":0,"recoveries":0},"2020-01-23":{"cases":2,"deaths":0,"recoveries":0},"2020-01-24":{"cases":2,"deaths":0,"recoveries":0},"2020-01-25":{"cases":2,"deaths":0,"recoveries":0},"2020-01-26":{"cases":2,"deaths":0,"recoveries":0},"2020-01-27":{"cases":2,"deaths":0,"recoveries":0},"2020-01-28":{"cases":2,"deaths":0,"recoveries":0},"2020-01-29":{"cases":2,"deaths":0,"recoveries":0},"2020-01-30":{"cases":2,"deaths":0,"recoveries":0},"2020-01-31":{"cases":2,"deaths":0,"recoveries":0},"2020-02-01":{"cases":6,"deaths":0,"recoveries":1},"2020-02-02":{"cases":6,"deaths":0,"recoveries":1},"2020-02-03":{"cases":8,"deaths":0,"recoveries":1},"2020-02-04":{"cases":8,"deaths":0,"recoveries":1},"2020-02-05":{"cases":8,"deaths":0,"recoveries":1},"2020-02-06":{"cases":10,"deaths":0,"recoveries":1},"2020-02-07":{"cases":10,"deaths":0,"recoveries":1},"2020-02-08":{"cases":13,"deaths":0,"recoveries":1},"2020-02-09":{"cases":13,"deaths":0,"recoveries":1},"2020-02-10":{"cases":14,"deaths":0,"recoveries":1},"2020-02-11":{"cases":15,"deaths":0,"recoveries":6},"2020-02-12":{"cases":15,"deaths":0,"recoveries":6},"2020-02-13":{"cases":16,"deaths":0,"recoveries":7},"2020-02-14":{"cases":16,"deaths":0,"recoveries":7},"2020-02-15":{"cases":16,"deaths":0,"recoveries":7},"2020-02-16":{"cases":16,"deaths":0,"recoveries":7},"2020-02-17":{"cases":16,"deaths":0,"recoveries":7},"2020-02-18":{"cases":16,"deaths":0,"recoveries":7},"2020-02-19":{"cases":16,"deaths":0,"recoveries":7},"2020-02-20":{"cases":16,"deaths":0,"recoveries":7},"2020-02-21":{"cases":16,"deaths":0,"recoveries":14},"2020-02-22":{"cases":16,"deaths":0,"recoveries":14},"2020-02-23":{"cases":16,"deaths":0,"recoveries":14},"2020-02-24":{"cases":16,"deaths":0,"recoveries":14},"2020-02-25":{"cases":16,"deaths":0,"recoveries":16},"2020-02-26":{"cases":16,"deaths":0,"recoveries":16},"2020-02-27":{"cases":16,"deaths":0,"recoveries":16},"2020-02-28":{"cases":16,"deaths":0,"recoveries":16},"2020-02-29":{"cases":16,"deaths":0,"recoveries":16},"2020-03-01":{"cases":16,"deaths":0,"recoveries":16},"2020-03-02":{"cases":16,"deaths":0,"recoveries":16},"2020-03-03":{"cases":16,"deaths":0,"recoveries":16},"2020-03-04":{"cases":16,"deaths":0,"recoveries":16},"2020-03-05":{"cases":16,"deaths":0,"recoveries":16},"2020-03-06":{"cases":16,"deaths":0,"recoveries":16},"2020-03-07":{"cases":18,"deaths":0,"recoveries":16},"2020-03-08":{"cases":30,"deaths":0,"recoveries":16},"2020-03-09":{"cases":30,"deaths":0,"recoveries":16},"2020-03-10":{"cases":31,"deaths":0,"recoveries":16},"2020-03-11":{"cases":38,"deaths":0,"recoveries":16},"2020-03-12":{"cases":39,"deaths":0,"recoveries":16},"2020-03-13":{"cases":47,"deaths":0,"recoveries":16},"2020-03-14":{"cases":53,"deaths":0,"recoveries":16},"2020-03-15":{"cases":56,"deaths":0,"recoveries":16},"2020-03-16":{"cases":61,"deaths":0,"recoveries":16},"2020-03-17":{"cases":66,"deaths":0,"recoveries":16},"2020-03-18":{"cases":75,"deaths":0,"recoveries":16},"2020-03-19":{"cases":85,"deaths":0,"recoveries":16},"2020-03-20":{"cases":91,"deaths":0,"recoveries":16},"2020-03-21":{"cases":94,"deaths":0,"recoveries":17},"2020-03-22":{"cases":113,"deaths":0,"recoveries":17},"2020-03-23":{"cases":123,"deaths":0,"recoveries":17},"2020-03-24":{"cases":134,"deaths":0,"recoveries":17},"2020-03-25":{"cases":141,"deaths":0,"recoveries":17},"2020-03-26":{"cases":153,"deaths":0,"recoveries":20},"2020-03-27":{"cases":163,"deaths":0,"recoveries":20},"2020-03-28":{"cases":174,"deaths":0,"recoveries":21},"2020-03-29":{"cases":188,"deaths":0,"recoveries":25},"2020-03-30":{"cases":203,"deaths":0,"recoveries":55},"2020-03-31":{"cases":212,"deaths":0,"recoveries":58},"2020-04-01":{"cases":218,"deaths":0,"recoveries":63},"2020-04-02":{"cases":233,"deaths":0,"recoveries":75},"2020-04-03":{"cases":237,"deaths":0,"recoveries":85},"2020-04-04":{"cases":240,"deaths":0,"recoveries":90},"2020-04-05":{"cases":241,"deaths":0,"recoveries":90},"2020-04-06":{"cases":245,"deaths":0,"recoveries":95},"2020-04-07":{"cases":249,"deaths":0,"recoveries":123},"2020-04-08":{"cases":251,"deaths":0,"recoveries":126},"2020-04-09":{"cases":255,"deaths":0,"recoveries":128},"2020-04-10":{"cases":257,"deaths":0,"recoveries":144},"2020-04-11":{"cases":258,"deaths":0,"recoveries":144},"2020-04-12":{"cases":262,"deaths":0,"recoveries":144},"2020-04-13":{"cases":265,"deaths":0,"recoveries":146},"2020-04-14":{"cases":266,"deaths":0,"recoveries":169},"2020-04-15":{"cases":267,"deaths":0,"recoveries":171},"2020-04-16":{"cases":268,"deaths":0,"recoveries":177},"2020-04-17":{"cases":268,"deaths":0,"recoveries":198},"2020-04-18":{"cases":268,"deaths":0,"recoveries":201},"2020-04-19":{"cases":268,"deaths":0,"recoveries":202},"2020-04-20":{"cases":268,"deaths":0,"recoveries":214},"2020-04-21":{"cases":268,"deaths":0,"recoveries":216},"2020-04-22":{"cases":268,"deaths":0,"recoveries":223}}}