{"name":"Western Australia","country":"Australia","type":"region","dates":{"2020-01-22":{"cases":0,"deaths":0,"recoveries":0},"2020-01-23":{"cases":0,"deaths":0,"recoveries":0},"2020-01-24":{"cases":0,"deaths":0,"recoveries":0},"2020-01-25":{"cases":0,"deaths":0,"recoveries":0},"2020-01-26":{"cases":0,"deaths":0,"recoveries":0},"2020-01-27":{"cases":0,"deaths":0,"recoveries":0},"2020-01-28":{"cases":0,"deaths":0,"recoveries":0},"2020-01-29":{"cases":0,"deaths":0,"recoveries":0},"2020-01-30":{"cases":0,"deaths":0,"recoveries":0},"2020-01-31":{"cases":0,"deaths":0,"recoveries":0},"2020-02-01":{"cases":0,"deaths":0,"recoveries":0},"2020-02-02":{"cases":0,"deaths":0,"recoveries":0},"2020-02-03":{"cases":0,"deaths":0,"recoveries":0},"2020-02-04":{"cases":0,"deaths":0,"recoveries":0},"2020-02-05":{"cases":0,"deaths":0,"recoveries":0},"2020-02-06":{"cases":0,"deaths":0,"recoveries":0},"2020-02-07":{"cases":0,"deaths":0,"recoveries":0},"2020-02-08":{"cases":0,"deaths":0,"recoveries":0},"2020-02-09":{"cases":0,"deaths":0,"recoveries":0},"2020-02-10":{"cases":0,"deaths":0,"recoveries":0},"2020-02-11":{"cases":0,"deaths":0,"recoveries":0},"2020-02-12":{"cases":0,"deaths":0,"recoveries":0},"2020-02-13":{"cases":0,"deaths":0,"recoveries":0},"2020-02-14":{"cases":0,"deaths":0,"recoveries":0},"2020-02-15":{"cases":0,"deaths":0,"recoveries":0},"2020-02-16":{"cases":0,"deaths":0,"recoveries":0},"2020-02-17":{"cases":0,"deaths":0,"recoveries":0},"2020-02-18":{"cases":0,"deaths":0,"recoveries":0},"2020-02-19":{"cases":0,"deaths":0,"recoveries":0},"2020-02-20":{"cases":0,"deaths":0,"recoveries":0},"2020-02-21":{"cases":0,"deaths":0,"recoveries":0},"2020-02-22":{"cases":0,"deaths":0,"recoveries":0},"2020-02-23":{"cases":0,"deaths":0,"recoveries":0},"2020-02-24":{"cases":0,"deaths":0,"recoveries":0},"2020-02-25":{"cases":0,"deaths":0,"recoveries":0},"2020-02-26":{"cases":0,"deaths":0,"recoveries":0},"2020-02-27":{"cases":0,"deaths":0,"recoveries":0},"2020-02-28":{"cases":0,"deaths":0,"recoveries":0},"2020-02-29":{"cases":2,"deaths":0,"recoveries":0},"2020-03-01":{"cases":2,"deaths":1,"recoveries":0},"2020-03-02":{"cases":2,"deaths":1,"recoveries":0},"2020-03-03":{"cases":2,"deaths":1,"recoveries":0},"2020-03-04":{"cases":2,"deaths":1,"recoveries":0},"2020-03-05":{"cases":3,"deaths":1,"recoveries":0},"2020-03-06":{"cases":3,"deaths":1,"recoveries":0},"2020-03-07":{"cases":3,"deaths":1,"recoveries":0},"2020-03-08":{"cases":3,"deaths":1,"recoveries":0},"2020-03-09":{"cases":4,"deaths":1,"recoveries":0},"2020-03-10":{"cases":6,"deaths":1,"recoveries":0},"2020-03-11":{"cases":9,"deaths":1,"recoveries":0},"2020-03-12":{"cases":9,"deaths":1,"recoveries":0},"2020-03-13":{"cases":14,"deaths":1,"recoveries":0},"2020-03-14":{"cases":17,"deaths":1,"recoveries":0},"2020-03-15":{"cases":17,"deaths":1,"recoveries":0},"2020-03-16":{"cases":28,"deaths":1,"recoveries":0},"2020-03-17":{"cases":31,"deaths":1,"recoveries":0},"2020-03-18":{"cases":35,"deaths":1,"recoveries":0},"2020-03-19":{"cases":52,"deaths":1,"recoveries":0},"2020-03-20":{"cases":64,"deaths":1,"recoveries":0},"2020-03-21":{"cases":90,"deaths":1,"recoveries":0},"2020-03-22":{"cases":120,"deaths":1,"recoveries":0},"2020-03-23":{"cases":140,"deaths":1,"recoveries":0},"2020-03-24":{"cases":175,"deaths":1,"recoveries":0},"2020-03-25":{"cases":175,"deaths":1,"recoveries":1},"2020-03-26":{"cases":231,"deaths":2,"recoveries":1},"2020-03-27":{"cases":231,"deaths":2,"recoveries":1},"2020-03-28":{"cases":278,"deaths":2,"recoveries":28},"2020-03-29":{"cases":311,"deaths":2,"recoveries":28},"2020-03-30":{"cases":355,"deaths":2,"recoveries":41},"2020-03-31":{"cases":364,"deaths":2,"recoveries":41},"2020-04-01":{"cases":392,"deaths":2,"recoveries":48},"2020-04-02":{"cases":400,"deaths":2,"recoveries":64},"2020-04-03":{"cases":400,"deaths":2,"recoveries":92},"2020-04-04":{"cases":436,"deaths":2,"recoveries":92},"2020-04-05":{"cases":453,"deaths":3,"recoveries":92},"2020-04-06":{"cases":460,"deaths":4,"recoveries":162},"2020-04-07":{"cases":460,"deaths":4,"recoveries":162},"2020-04-08":{"cases":481,"deaths":6,"recoveries":162},"2020-04-09":{"cases":495,"deaths":6,"recoveries":170},"2020-04-10":{"cases":506,"deaths":6,"recoveries":203},"2020-04-11":{"cases":514,"deaths":6,"recoveries":216},"2020-04-12":{"cases":514,"deaths":6,"recoveries":216},"2020-04-13":{"cases":517,"deaths":6,"recoveries":216},"2020-04-14":{"cases":527,"deaths":6,"recoveries":251},"2020-04-15":{"cases":527,"deaths":6,"recoveries":251},"2020-04-16":{"cases":532,"deaths":6,"recoveries":338},"2020-04-17":{"cases":541,"deaths":7,"recoveries":340},"2020-04-18":{"cases":541,"deaths":7,"recoveries":340},"2020-04-19":{"cases":541,"deaths":7,"recoveries":340},"2020-04-20":{"cases":541,"deaths":7,"recoveries":340},"2020-04-21":{"cases":541,"deaths":7,"recoveries":340},"2020-04-22":{"cases":541,"deaths":7,"recoveries":340}}}