{"name":"West Bank and Gaza","type":"country","dates":{"2020-01-22":{"cases":0,"deaths":0,"recoveries":0},"2020-01-23":{"cases":0,"deaths":0,"recoveries":0},"2020-01-24":{"cases":0,"deaths":0,"recoveries":0},"2020-01-25":{"cases":0,"deaths":0,"recoveries":0},"2020-01-26":{"cases":0,"deaths":0,"recoveries":0},"2020-01-27":{"cases":0,"deaths":0,"recoveries":0},"2020-01-28":{"cases":0,"deaths":0,"recoveries":0},"2020-01-29":{"cases":0,"deaths":0,"recoveries":0},"2020-01-30":{"cases":0,"deaths":0,"recoveries":0},"2020-01-31":{"cases":0,"deaths":0,"recoveries":0},"2020-02-01":{"cases":0,"deaths":0,"recoveries":0},"2020-02-02":{"cases":0,"deaths":0,"recoveries":0},"2020-02-03":{"cases":0,"deaths":0,"recoveries":0},"2020-02-04":{"cases":0,"deaths":0,"recoveries":0},"2020-02-05":{"cases":0,"deaths":0,"recoveries":0},"2020-02-06":{"cases":0,"deaths":0,"recoveries":0},"2020-02-07":{"cases":0,"deaths":0,"recoveries":0},"2020-02-08":{"cases":0,"deaths":0,"recoveries":0},"2020-02-09":{"cases":0,"deaths":0,"recoveries":0},"2020-02-10":{"cases":0,"deaths":0,"recoveries":0},"2020-02-11":{"cases":0,"deaths":0,"recoveries":0},"2020-02-12":{"cases":0,"deaths":0,"recoveries":0},"2020-02-13":{"cases":0,"deaths":0,"recoveries":0},"2020-02-14":{"cases":0,"deaths":0,"recoveries":0},"2020-02-15":{"cases":0,"deaths":0,"recoveries":0},"2020-02-16":{"cases":0,"deaths":0,"recoveries":0},"2020-02-17":{"cases":0,"deaths":0,"recoveries":0},"2020-02-18":{"cases":0,"deaths":0,"recoveries":0},"2020-02-19":{"cases":0,"deaths":0,"recoveries":0},"2020-02-20":{"cases":0,"deaths":0,"recoveries":0},"2020-02-21":{"cases":0,"deaths":0,"recoveries":0},"2020-02-22":{"cases":0,"deaths":0,"recoveries":0},"2020-02-23":{"cases":0,"deaths":0,"recoveries":0},"2020-02-24":{"cases":0,"deaths":0,"recoveries":0},"2020-02-25":{"cases":0,"deaths":0,"recoveries":0},"2020-02-26":{"cases":0,"deaths":0,"recoveries":0},"2020-02-27":{"cases":0,"deaths":0,"recoveries":0},"2020-02-28":{"cases":0,"deaths":0,"recoveries":0},"2020-02-29":{"cases":0,"deaths":0,"recoveries":0},"2020-03-01":{"cases":0,"deaths":0,"recoveries":0},"2020-03-02":{"cases":0,"deaths":0,"recoveries":0},"2020-03-03":{"cases":0,"deaths":0,"recoveries":0},"2020-03-04":{"cases":0,"deaths":0,"recoveries":0},"2020-03-05":{"cases":4,"deaths":0,"recoveries":0},"2020-03-06":{"cases":7,"deaths":0,"recoveries":0},"2020-03-07":{"cases":16,"deaths":0,"recoveries":0},"2020-03-08":{"cases":16,"deaths":0,"recoveries":0},"2020-03-09":{"cases":19,"deaths":0,"recoveries":0},"2020-03-10":{"cases":26,"deaths":0,"recoveries":0},"2020-03-11":{"cases":30,"deaths":0,"recoveries":0},"2020-03-12":{"cases":30,"deaths":0,"recoveries":0},"2020-03-13":{"cases":31,"deaths":0,"recoveries":0},"2020-03-14":{"cases":35,"deaths":0,"recoveries":0},"2020-03-15":{"cases":38,"deaths":0,"recoveries":0},"2020-03-16":{"cases":38,"deaths":0,"recoveries":0},"2020-03-17":{"cases":39,"deaths":0,"recoveries":0},"2020-03-18":{"cases":41,"deaths":0,"recoveries":0},"2020-03-19":{"cases":44,"deaths":0,"recoveries":0},"2020-03-20":{"cases":47,"deaths":0,"recoveries":17},"2020-03-21":{"cases":48,"deaths":0,"recoveries":17},"2020-03-22":{"cases":52,"deaths":0,"recoveries":17},"2020-03-23":{"cases":59,"deaths":0,"recoveries":17},"2020-03-24":{"cases":59,"deaths":0,"recoveries":17},"2020-03-25":{"cases":59,"deaths":0,"recoveries":17},"2020-03-26":{"cases":84,"deaths":1,"recoveries":17},"2020-03-27":{"cases":91,"deaths":1,"recoveries":17},"2020-03-28":{"cases":98,"deaths":1,"recoveries":18},"2020-03-29":{"cases":109,"deaths":1,"recoveries":18},"2020-03-30":{"cases":116,"deaths":1,"recoveries":18},"2020-03-31":{"cases":119,"deaths":1,"recoveries":18},"2020-04-01":{"cases":134,"deaths":1,"recoveries":18},"2020-04-02":{"cases":161,"deaths":1,"recoveries":18},"2020-04-03":{"cases":194,"deaths":1,"recoveries":21},"2020-04-04":{"cases":217,"deaths":1,"recoveries":21},"2020-04-05":{"cases":237,"deaths":1,"recoveries":25},"2020-04-06":{"cases":254,"deaths":1,"recoveries":24},"2020-04-07":{"cases":261,"deaths":1,"recoveries":42},"2020-04-08":{"cases":263,"deaths":1,"recoveries":44},"2020-04-09":{"cases":263,"deaths":1,"recoveries":44},"2020-04-10":{"cases":267,"deaths":2,"recoveries":45},"2020-04-11":{"cases":268,"deaths":2,"recoveries":57},"2020-04-12":{"cases":290,"deaths":2,"recoveries":58},"2020-04-13":{"cases":308,"deaths":2,"recoveries":58},"2020-04-14":{"cases":308,"deaths":2,"recoveries":62},"2020-04-15":{"cases":374,"deaths":2,"recoveries":63},"2020-04-16":{"cases":374,"deaths":2,"recoveries":63},"2020-04-17":{"cases":402,"deaths":2,"recoveries":69},"2020-04-18":{"cases":418,"deaths":2,"recoveries":69},"2020-04-19":{"cases":437,"deaths":3,"recoveries":71},"2020-04-20":{"cases":449,"deaths":3,"recoveries":71},"2020-04-21":{"cases":466,"deaths":4,"recoveries":71},"2020-04-22":{"cases":474,"deaths":4,"recoveries":71}}}