{"name":"Xinjiang","country":"China","type":"region","dates":{"2020-01-22":{"cases":0,"deaths":0,"recoveries":0},"2020-01-23":{"cases":2,"deaths":0,"recoveries":0},"2020-01-24":{"cases":2,"deaths":0,"recoveries":0},"2020-01-25":{"cases":3,"deaths":0,"recoveries":0},"2020-01-26":{"cases":4,"deaths":0,"recoveries":0},"2020-01-27":{"cases":5,"deaths":0,"recoveries":0},"2020-01-28":{"cases":10,"deaths":0,"recoveries":0},"2020-01-29":{"cases":13,"deaths":0,"recoveries":0},"2020-01-30":{"cases":14,"deaths":0,"recoveries":0},"2020-01-31":{"cases":17,"deaths":0,"recoveries":0},"2020-02-01":{"cases":18,"deaths":0,"recoveries":0},"2020-02-02":{"cases":21,"deaths":0,"recoveries":0},"2020-02-03":{"cases":24,"deaths":0,"recoveries":0},"2020-02-04":{"cases":29,"deaths":0,"recoveries":0},"2020-02-05":{"cases":32,"deaths":0,"recoveries":0},"2020-02-06":{"cases":36,"deaths":0,"recoveries":0},"2020-02-07":{"cases":39,"deaths":0,"recoveries":0},"2020-02-08":{"cases":42,"deaths":0,"recoveries":0},"2020-02-09":{"cases":45,"deaths":0,"recoveries":0},"2020-02-10":{"cases":49,"deaths":0,"recoveries":0},"2020-02-11":{"cases":55,"deaths":0,"recoveries":3},"2020-02-12":{"cases":59,"deaths":0,"recoveries":3},"2020-02-13":{"cases":63,"deaths":1,"recoveries":6},"2020-02-14":{"cases":65,"deaths":1,"recoveries":6},"2020-02-15":{"cases":70,"deaths":1,"recoveries":10},"2020-02-16":{"cases":71,"deaths":1,"recoveries":12},"2020-02-17":{"cases":75,"deaths":1,"recoveries":12},"2020-02-18":{"cases":76,"deaths":1,"recoveries":12},"2020-02-19":{"cases":76,"deaths":1,"recoveries":20},"2020-02-20":{"cases":76,"deaths":1,"recoveries":22},"2020-02-21":{"cases":76,"deaths":1,"recoveries":24},"2020-02-22":{"cases":76,"deaths":2,"recoveries":25},"2020-02-23":{"cases":76,"deaths":2,"recoveries":28},"2020-02-24":{"cases":76,"deaths":2,"recoveries":30},"2020-02-25":{"cases":76,"deaths":2,"recoveries":30},"2020-02-26":{"cases":76,"deaths":2,"recoveries":34},"2020-02-27":{"cases":76,"deaths":2,"recoveries":43},"2020-02-28":{"cases":76,"deaths":3,"recoveries":52},"2020-02-29":{"cases":76,"deaths":3,"recoveries":62},"2020-03-01":{"cases":76,"deaths":3,"recoveries":64},"2020-03-02":{"cases":76,"deaths":3,"recoveries":66},"2020-03-03":{"cases":76,"deaths":3,"recoveries":68},"2020-03-04":{"cases":76,"deaths":3,"recoveries":69},"2020-03-05":{"cases":76,"deaths":3,"recoveries":70},"2020-03-06":{"cases":76,"deaths":3,"recoveries":71},"2020-03-07":{"cases":76,"deaths":3,"recoveries":72},"2020-03-08":{"cases":76,"deaths":3,"recoveries":73},"2020-03-09":{"cases":76,"deaths":3,"recoveries":73},"2020-03-10":{"cases":76,"deaths":3,"recoveries":73},"2020-03-11":{"cases":76,"deaths":3,"recoveries":73},"2020-03-12":{"cases":76,"deaths":3,"recoveries":73},"2020-03-13":{"cases":76,"deaths":3,"recoveries":73},"2020-03-14":{"cases":76,"deaths":3,"recoveries":73},"2020-03-15":{"cases":76,"deaths":3,"recoveries":73},"2020-03-16":{"cases":76,"deaths":3,"recoveries":73},"2020-03-17":{"cases":76,"deaths":3,"recoveries":73},"2020-03-18":{"cases":76,"deaths":3,"recoveries":73},"2020-03-19":{"cases":76,"deaths":3,"recoveries":73},"2020-03-20":{"cases":76,"deaths":3,"recoveries":73},"2020-03-21":{"cases":76,"deaths":3,"recoveries":73},"2020-03-22":{"cases":76,"deaths":3,"recoveries":73},"2020-03-23":{"cases":76,"deaths":3,"recoveries":73},"2020-03-24":{"cases":76,"deaths":3,"recoveries":73},"2020-03-25":{"cases":76,"deaths":3,"recoveries":73},"2020-03-26":{"cases":76,"deaths":3,"recoveries":73},"2020-03-27":{"cases":76,"deaths":3,"recoveries":73},"2020-03-28":{"cases":76,"deaths":3,"recoveries":73},"2020-03-29":{"cases":76,"deaths":3,"recoveries":73},"2020-03-30":{"cases":76,"deaths":3,"recoveries":73},"2020-03-31":{"cases":76,"deaths":3,"recoveries":73},"2020-04-01":{"cases":76,"deaths":3,"recoveries":73},"2020-04-02":{"cases":76,"deaths":3,"recoveries":73},"2020-04-03":{"cases":76,"deaths":3,"recoveries":73},"2020-04-04":{"cases":76,"deaths":3,"recoveries":73},"2020-04-05":{"cases":76,"deaths":3,"recoveries":73},"2020-04-06":{"cases":76,"deaths":3,"recoveries":73},"2020-04-07":{"cases":76,"deaths":3,"recoveries":73},"2020-04-08":{"cases":76,"deaths":3,"recoveries":73},"2020-04-09":{"cases":76,"deaths":3,"recoveries":73},"2020-04-10":{"cases":76,"deaths":3,"recoveries":73},"2020-04-11":{"cases":76,"deaths":3,"recoveries":73},"2020-04-12":{"cases":76,"deaths":3,"recoveries":73},"2020-04-13":{"cases":76,"deaths":3,"recoveries":73},"2020-04-14":{"cases":76,"deaths":3,"recoveries":73},"2020-04-15":{"cases":76,"deaths":3,"recoveries":73},"2020-04-16":{"cases":76,"deaths":3,"recoveries":73},"2020-04-17":{"cases":76,"deaths":3,"recoveries":73},"2020-04-18":{"cases":76,"deaths":3,"recoveries":73},"2020-04-19":{"cases":76,"deaths":3,"recoveries":73},"2020-04-20":{"cases":76,"deaths":3,"recoveries":73},"2020-04-21":{"cases":76,"deaths":3,"recoveries":73},"2020-04-22":{"cases":76,"deaths":3,"recoveries":73}}}