{"name":"Yunnan","country":"China","type":"region","dates":{"2020-01-22":{"cases":1,"deaths":0,"recoveries":0},"2020-01-23":{"cases":2,"deaths":0,"recoveries":0},"2020-01-24":{"cases":5,"deaths":0,"recoveries":0},"2020-01-25":{"cases":11,"deaths":0,"recoveries":0},"2020-01-26":{"cases":16,"deaths":0,"recoveries":0},"2020-01-27":{"cases":26,"deaths":0,"recoveries":0},"2020-01-28":{"cases":44,"deaths":0,"recoveries":0},"2020-01-29":{"cases":55,"deaths":0,"recoveries":0},"2020-01-30":{"cases":70,"deaths":0,"recoveries":0},"2020-01-31":{"cases":83,"deaths":0,"recoveries":1},"2020-02-01":{"cases":93,"deaths":0,"recoveries":2},"2020-02-02":{"cases":105,"deaths":0,"recoveries":3},"2020-02-03":{"cases":117,"deaths":0,"recoveries":5},"2020-02-04":{"cases":122,"deaths":0,"recoveries":5},"2020-02-05":{"cases":128,"deaths":0,"recoveries":5},"2020-02-06":{"cases":133,"deaths":0,"recoveries":7},"2020-02-07":{"cases":138,"deaths":0,"recoveries":12},"2020-02-08":{"cases":138,"deaths":0,"recoveries":17},"2020-02-09":{"cases":141,"deaths":0,"recoveries":18},"2020-02-10":{"cases":149,"deaths":0,"recoveries":19},"2020-02-11":{"cases":153,"deaths":0,"recoveries":20},"2020-02-12":{"cases":154,"deaths":0,"recoveries":26},"2020-02-13":{"cases":156,"deaths":0,"recoveries":27},"2020-02-14":{"cases":162,"deaths":0,"recoveries":36},"2020-02-15":{"cases":168,"deaths":0,"recoveries":42},"2020-02-16":{"cases":171,"deaths":0,"recoveries":42},"2020-02-17":{"cases":171,"deaths":0,"recoveries":47},"2020-02-18":{"cases":172,"deaths":0,"recoveries":57},"2020-02-19":{"cases":172,"deaths":1,"recoveries":60},"2020-02-20":{"cases":174,"deaths":2,"recoveries":79},"2020-02-21":{"cases":174,"deaths":2,"recoveries":96},"2020-02-22":{"cases":174,"deaths":2,"recoveries":107},"2020-02-23":{"cases":174,"deaths":2,"recoveries":115},"2020-02-24":{"cases":174,"deaths":2,"recoveries":124},"2020-02-25":{"cases":174,"deaths":2,"recoveries":129},"2020-02-26":{"cases":174,"deaths":2,"recoveries":144},"2020-02-27":{"cases":174,"deaths":2,"recoveries":150},"2020-02-28":{"cases":174,"deaths":2,"recoveries":156},"2020-02-29":{"cases":174,"deaths":2,"recoveries":157},"2020-03-01":{"cases":174,"deaths":2,"recoveries":163},"2020-03-02":{"cases":174,"deaths":2,"recoveries":168},"2020-03-03":{"cases":174,"deaths":2,"recoveries":169},"2020-03-04":{"cases":174,"deaths":2,"recoveries":169},"2020-03-05":{"cases":174,"deaths":2,"recoveries":169},"2020-03-06":{"cases":174,"deaths":2,"recoveries":170},"2020-03-07":{"cases":174,"deaths":2,"recoveries":170},"2020-03-08":{"cases":174,"deaths":2,"recoveries":170},"2020-03-09":{"cases":174,"deaths":2,"recoveries":170},"2020-03-10":{"cases":174,"deaths":2,"recoveries":170},"2020-03-11":{"cases":174,"deaths":2,"recoveries":170},"2020-03-12":{"cases":174,"deaths":2,"recoveries":170},"2020-03-13":{"cases":174,"deaths":2,"recoveries":170},"2020-03-14":{"cases":174,"deaths":2,"recoveries":172},"2020-03-15":{"cases":174,"deaths":2,"recoveries":172},"2020-03-16":{"cases":176,"deaths":2,"recoveries":172},"2020-03-17":{"cases":176,"deaths":2,"recoveries":172},"2020-03-18":{"cases":176,"deaths":2,"recoveries":172},"2020-03-19":{"cases":176,"deaths":2,"recoveries":172},"2020-03-20":{"cases":176,"deaths":2,"recoveries":172},"2020-03-21":{"cases":176,"deaths":2,"recoveries":172},"2020-03-22":{"cases":176,"deaths":2,"recoveries":172},"2020-03-23":{"cases":176,"deaths":2,"recoveries":172},"2020-03-24":{"cases":176,"deaths":2,"recoveries":172},"2020-03-25":{"cases":176,"deaths":2,"recoveries":172},"2020-03-26":{"cases":178,"deaths":2,"recoveries":172},"2020-03-27":{"cases":180,"deaths":2,"recoveries":172},"2020-03-28":{"cases":180,"deaths":2,"recoveries":172},"2020-03-29":{"cases":180,"deaths":2,"recoveries":172},"2020-03-30":{"cases":180,"deaths":2,"recoveries":172},"2020-03-31":{"cases":182,"deaths":2,"recoveries":172},"2020-04-01":{"cases":182,"deaths":2,"recoveries":172},"2020-04-02":{"cases":183,"deaths":2,"recoveries":172},"2020-04-03":{"cases":184,"deaths":2,"recoveries":172},"2020-04-04":{"cases":184,"deaths":2,"recoveries":172},"2020-04-05":{"cases":184,"deaths":2,"recoveries":172},"2020-04-06":{"cases":184,"deaths":2,"recoveries":172},"2020-04-07":{"cases":184,"deaths":2,"recoveries":173},"2020-04-08":{"cases":184,"deaths":2,"recoveries":173},"2020-04-09":{"cases":184,"deaths":2,"recoveries":173},"2020-04-10":{"cases":184,"deaths":2,"recoveries":173},"2020-04-11":{"cases":184,"deaths":2,"recoveries":174},"2020-04-12":{"cases":184,"deaths":2,"recoveries":174},"2020-04-13":{"cases":184,"deaths":2,"recoveries":174},"2020-04-14":{"cases":184,"deaths":2,"recoveries":175},"2020-04-15":{"cases":184,"deaths":2,"recoveries":176},"2020-04-16":{"cases":184,"deaths":2,"recoveries":176},"2020-04-17":{"cases":184,"deaths":2,"recoveries":177},"2020-04-18":{"cases":184,"deaths":2,"recoveries":177},"2020-04-19":{"cases":184,"deaths":2,"recoveries":178},"2020-04-20":{"cases":184,"deaths":2,"recoveries":178},"2020-04-21":{"cases":184,"deaths":2,"recoveries":178},"2020-04-22":{"cases":184,"deaths":2,"recoveries":178}}}