{"name":"Zhejiang","country":"China","type":"region","dates":{"2020-01-22":{"cases":10,"deaths":0,"recoveries":0},"2020-01-23":{"cases":27,"deaths":0,"recoveries":0},"2020-01-24":{"cases":43,"deaths":0,"recoveries":1},"2020-01-25":{"cases":62,"deaths":0,"recoveries":1},"2020-01-26":{"cases":104,"deaths":0,"recoveries":1},"2020-01-27":{"cases":128,"deaths":0,"recoveries":1},"2020-01-28":{"cases":173,"deaths":0,"recoveries":3},"2020-01-29":{"cases":296,"deaths":0,"recoveries":3},"2020-01-30":{"cases":428,"deaths":0,"recoveries":4},"2020-01-31":{"cases":538,"deaths":0,"recoveries":14},"2020-02-01":{"cases":599,"deaths":0,"recoveries":21},"2020-02-02":{"cases":661,"deaths":0,"recoveries":32},"2020-02-03":{"cases":724,"deaths":0,"recoveries":43},"2020-02-04":{"cases":829,"deaths":0,"recoveries":62},"2020-02-05":{"cases":895,"deaths":0,"recoveries":78},"2020-02-06":{"cases":954,"deaths":0,"recoveries":94},"2020-02-07":{"cases":1006,"deaths":0,"recoveries":123},"2020-02-08":{"cases":1048,"deaths":0,"recoveries":175},"2020-02-09":{"cases":1075,"deaths":0,"recoveries":201},"2020-02-10":{"cases":1092,"deaths":0,"recoveries":242},"2020-02-11":{"cases":1117,"deaths":0,"recoveries":270},"2020-02-12":{"cases":1131,"deaths":0,"recoveries":321},"2020-02-13":{"cases":1145,"deaths":0,"recoveries":360},"2020-02-14":{"cases":1155,"deaths":0,"recoveries":403},"2020-02-15":{"cases":1162,"deaths":0,"recoveries":428},"2020-02-16":{"cases":1167,"deaths":0,"recoveries":456},"2020-02-17":{"cases":1171,"deaths":0,"recoveries":507},"2020-02-18":{"cases":1172,"deaths":0,"recoveries":535},"2020-02-19":{"cases":1174,"deaths":0,"recoveries":604},"2020-02-20":{"cases":1175,"deaths":1,"recoveries":633},"2020-02-21":{"cases":1203,"deaths":1,"recoveries":679},"2020-02-22":{"cases":1205,"deaths":1,"recoveries":719},"2020-02-23":{"cases":1205,"deaths":1,"recoveries":760},"2020-02-24":{"cases":1205,"deaths":1,"recoveries":782},"2020-02-25":{"cases":1205,"deaths":1,"recoveries":808},"2020-02-26":{"cases":1205,"deaths":1,"recoveries":867},"2020-02-27":{"cases":1205,"deaths":1,"recoveries":932},"2020-02-28":{"cases":1205,"deaths":1,"recoveries":975},"2020-02-29":{"cases":1205,"deaths":1,"recoveries":1016},"2020-03-01":{"cases":1205,"deaths":1,"recoveries":1046},"2020-03-02":{"cases":1206,"deaths":1,"recoveries":1069},"2020-03-03":{"cases":1213,"deaths":1,"recoveries":1093},"2020-03-04":{"cases":1213,"deaths":1,"recoveries":1114},"2020-03-05":{"cases":1215,"deaths":1,"recoveries":1124},"2020-03-06":{"cases":1215,"deaths":1,"recoveries":1147},"2020-03-07":{"cases":1215,"deaths":1,"recoveries":1154},"2020-03-08":{"cases":1215,"deaths":1,"recoveries":1161},"2020-03-09":{"cases":1215,"deaths":1,"recoveries":1176},"2020-03-10":{"cases":1215,"deaths":1,"recoveries":1191},"2020-03-11":{"cases":1215,"deaths":1,"recoveries":1195},"2020-03-12":{"cases":1215,"deaths":1,"recoveries":1197},"2020-03-13":{"cases":1215,"deaths":1,"recoveries":1197},"2020-03-14":{"cases":1227,"deaths":1,"recoveries":1211},"2020-03-15":{"cases":1231,"deaths":1,"recoveries":1211},"2020-03-16":{"cases":1231,"deaths":1,"recoveries":1216},"2020-03-17":{"cases":1232,"deaths":1,"recoveries":1216},"2020-03-18":{"cases":1232,"deaths":1,"recoveries":1216},"2020-03-19":{"cases":1233,"deaths":1,"recoveries":1217},"2020-03-20":{"cases":1234,"deaths":1,"recoveries":1219},"2020-03-21":{"cases":1236,"deaths":1,"recoveries":1219},"2020-03-22":{"cases":1238,"deaths":1,"recoveries":1219},"2020-03-23":{"cases":1238,"deaths":1,"recoveries":1221},"2020-03-24":{"cases":1240,"deaths":1,"recoveries":1221},"2020-03-25":{"cases":1241,"deaths":1,"recoveries":1221},"2020-03-26":{"cases":1243,"deaths":1,"recoveries":1222},"2020-03-27":{"cases":1247,"deaths":1,"recoveries":1222},"2020-03-28":{"cases":1251,"deaths":1,"recoveries":1225},"2020-03-29":{"cases":1254,"deaths":1,"recoveries":1225},"2020-03-30":{"cases":1255,"deaths":1,"recoveries":1225},"2020-03-31":{"cases":1257,"deaths":1,"recoveries":1226},"2020-04-01":{"cases":1257,"deaths":1,"recoveries":1226},"2020-04-02":{"cases":1258,"deaths":1,"recoveries":1228},"2020-04-03":{"cases":1260,"deaths":1,"recoveries":1228},"2020-04-04":{"cases":1262,"deaths":1,"recoveries":1229},"2020-04-05":{"cases":1263,"deaths":1,"recoveries":1230},"2020-04-06":{"cases":1264,"deaths":1,"recoveries":1230},"2020-04-07":{"cases":1265,"deaths":1,"recoveries":1230},"2020-04-08":{"cases":1266,"deaths":1,"recoveries":1232},"2020-04-09":{"cases":1267,"deaths":1,"recoveries":1235},"2020-04-10":{"cases":1267,"deaths":1,"recoveries":1235},"2020-04-11":{"cases":1267,"deaths":1,"recoveries":1236},"2020-04-12":{"cases":1267,"deaths":1,"recoveries":1238},"2020-04-13":{"cases":1267,"deaths":1,"recoveries":1239},"2020-04-14":{"cases":1267,"deaths":1,"recoveries":1242},"2020-04-15":{"cases":1268,"deaths":1,"recoveries":1244},"2020-04-16":{"cases":1268,"deaths":1,"recoveries":1244},"2020-04-17":{"cases":1268,"deaths":1,"recoveries":1246},"2020-04-18":{"cases":1268,"deaths":1,"recoveries":1246},"2020-04-19":{"cases":1268,"deaths":1,"recoveries":1247},"2020-04-20":{"cases":1268,"deaths":1,"recoveries":1249},"2020-04-21":{"cases":1268,"deaths":1,"recoveries":1251},"2020-04-22":{"cases":1268,"deaths":1,"recoveries":1252}}}