[{"date":"2020-03-26","jurisdiction":"Australia (imported)","cumulative":1604},{"date":"2020-03-26","jurisdiction":"Australia (local spread)","cumulative":577},{"date":"2020-03-26","jurisdiction":"Australia (unknown)","cumulative":428},{"date":"2020-03-27","jurisdiction":"Australia (imported)","cumulative":2129},{"date":"2020-03-27","jurisdiction":"Australia (local spread)","cumulative":736},{"date":"2020-03-27","jurisdiction":"Australia (unknown)","cumulative":301},{"date":"2020-03-28","jurisdiction":"Australia (imported)","cumulative":2456},{"date":"2020-03-28","jurisdiction":"Australia (local spread)","cumulative":922},{"date":"2020-03-28","jurisdiction":"Australia (unknown)","cumulative":257},{"date":"2020-03-29","jurisdiction":"Australia (imported)","cumulative":2622},{"date":"2020-03-29","jurisdiction":"Australia (local spread)","cumulative":1030},{"date":"2020-03-29","jurisdiction":"Australia (unknown)","cumulative":277},{"date":"2020-03-30","jurisdiction":"Australia (imported)","cumulative":2870},{"date":"2020-03-30","jurisdiction":"Australia (local spread)","cumulative":1143},{"date":"2020-03-30","jurisdiction":"Australia (unknown)","cumulative":232},{"date":"2020-03-31","jurisdiction":"Australia (imported)","cumulative":3126},{"date":"2020-03-31","jurisdiction":"Australia (local spread)","cumulative":1261},{"date":"2020-03-31","jurisdiction":"Australia (unknown)","cumulative":170},{"date":"2020-04-01","jurisdiction":"Australia (imported)","cumulative":3278},{"date":"2020-04-01","jurisdiction":"Australia (local spread)","cumulative":1357},{"date":"2020-04-01","jurisdiction":"Australia (unknown)","cumulative":225},{"date":"2020-04-02","jurisdiction":"Australia (imported)","cumulative":3462},{"date":"2020-04-02","jurisdiction":"Australia (local spread)","cumulative":1472},{"date":"2020-04-02","jurisdiction":"Australia (unknown)","cumulative":199},{"date":"2020-04-03","jurisdiction":"Australia (imported)","cumulative":3586},{"date":"2020-04-03","jurisdiction":"Australia (local spread)","cumulative":1593},{"date":"2020-04-03","jurisdiction":"Australia (unknown)","cumulative":171},{"date":"2020-04-04","jurisdiction":"Australia (imported)","cumulative":3691},{"date":"2020-04-04","jurisdiction":"Australia (local spread)","cumulative":1723},{"date":"2020-04-04","jurisdiction":"Australia (unknown)","cumulative":130},{"date":"2020-04-05","jurisdiction":"Australia (imported)","cumulative":3765},{"date":"2020-04-05","jurisdiction":"Australia (local spread)","cumulative":1802},{"date":"2020-04-05","jurisdiction":"Australia (unknown)","cumulative":120},{"date":"2020-04-06","jurisdiction":"Australia (imported)","cumulative":3839},{"date":"2020-04-06","jurisdiction":"Australia (local spread)","cumulative":1884},{"date":"2020-04-06","jurisdiction":"Australia (unknown)","cumulative":72},{"date":"2020-04-07","jurisdiction":"Australia (imported)","cumulative":3880},{"date":"2020-04-07","jurisdiction":"Australia (local spread)","cumulative":1940},{"date":"2020-04-07","jurisdiction":"Australia (unknown)","cumulative":88},{"date":"2020-04-08","jurisdiction":"Australia (imported)","cumulative":3924},{"date":"2020-04-08","jurisdiction":"Australia (local spread)","cumulative":1991},{"date":"2020-04-08","jurisdiction":"Australia (unknown)","cumulative":98},{"date":"2020-04-09","jurisdiction":"Australia (imported)","cumulative":3968},{"date":"2020-04-09","jurisdiction":"Australia (local spread)","cumulative":2046},{"date":"2020-04-09","jurisdiction":"Australia (unknown)","cumulative":89},{"date":"2020-04-10","jurisdiction":"Australia (imported)","cumulative":4010},{"date":"2020-04-10","jurisdiction":"Australia (local spread)","cumulative":2098},{"date":"2020-04-10","jurisdiction":"Australia (unknown)","cumulative":95},{"date":"2020-04-11","jurisdiction":"Australia (imported)","cumulative":4042},{"date":"2020-04-11","jurisdiction":"Australia (local spread)","cumulative":2123},{"date":"2020-04-11","jurisdiction":"Australia (unknown)","cumulative":127},{"date":"2020-04-12","jurisdiction":"Australia (imported)","cumulative":4070},{"date":"2020-04-12","jurisdiction":"Australia (local spread)","cumulative":2159},{"date":"2020-04-12","jurisdiction":"Australia (unknown)","cumulative":84},{"date":"2020-04-13","jurisdiction":"Australia (imported)","cumulative":4094},{"date":"2020-04-13","jurisdiction":"Australia (local spread)","cumulative":2185},{"date":"2020-04-13","jurisdiction":"Australia (unknown)","cumulative":80},{"date":"2020-04-14","jurisdiction":"Australia (imported)","cumulative":4109},{"date":"2020-04-14","jurisdiction":"Australia (local spread)","cumulative":2216},{"date":"2020-04-14","jurisdiction":"Australia (unknown)","cumulative":75},{"date":"2020-04-15","jurisdiction":"Australia (imported)","cumulative":4177},{"date":"2020-04-15","jurisdiction":"Australia (local spread)","cumulative":2205},{"date":"2020-04-15","jurisdiction":"Australia (unknown)","cumulative":65},{"date":"2020-04-16","jurisdiction":"Australia (imported)","cumulative":4189},{"date":"2020-04-16","jurisdiction":"Australia (local spread)","cumulative":2218},{"date":"2020-04-16","jurisdiction":"Australia (unknown)","cumulative":58},{"date":"2020-04-17","jurisdiction":"Australia (imported)","cumulative":4209},{"date":"2020-04-17","jurisdiction":"Australia (local spread)","cumulative":2266},{"date":"2020-04-17","jurisdiction":"Australia (unknown)","cumulative":48},{"date":"2020-04-18","jurisdiction":"Australia (imported)","cumulative":4226},{"date":"2020-04-18","jurisdiction":"Australia (local spread)","cumulative":2278},{"date":"2020-04-18","jurisdiction":"Australia (unknown)","cumulative":61},{"date":"2020-04-19","jurisdiction":"Australia (imported)","cumulative":4237},{"date":"2020-04-19","jurisdiction":"Australia (local spread)","cumulative":2312},{"date":"2020-04-19","jurisdiction":"Australia (unknown)","cumulative":57},{"date":"2020-04-20","jurisdiction":"Australia (imported)","cumulative":4251},{"date":"2020-04-20","jurisdiction":"Australia (local spread)","cumulative":2333},{"date":"2020-04-20","jurisdiction":"Australia (unknown)","cumulative":35},{"date":"2020-04-21","jurisdiction":"Australia (imported)","cumulative":4254},{"date":"2020-04-21","jurisdiction":"Australia (local spread)","cumulative":2349},{"date":"2020-04-21","jurisdiction":"Australia (unknown)","cumulative":42},{"date":"2020-04-22","jurisdiction":"Australia (imported)","cumulative":4257},{"date":"2020-04-22","jurisdiction":"Australia (local spread)","cumulative":2360},{"date":"2020-04-22","jurisdiction":"Australia (unknown)","cumulative":38}]